type	doc_id	status	title
ЗАК	Z1100000403	Новый	О внесении дополнения в Конституцию Республики Казахстан
ЗАК	Z070000254_	Новый	О внесении изменений и дополнений в Конституцию Республики Казахстан
ЗАК	Z980000284_	Новый	О внесении изменений и дополнений в Конституцию Республики Казахстан
ЗАК	Z2600000351	Исправление ошибки	О кредитной рейтинговой деятельности
ЗАК	Z2600000352	Новый	О внесении изменений и дополнений в некоторые законодательные акты Республики Казахстан по вопросам совершенствования и цифровизации финансового рынка, банкротства, а также оценки государственных органов
ЗАК	Z2600000347	Новый	О ратификации Протокола о внесении изменений в Соглашение о сотрудничестве государств – членов Организации Договора о коллективной безопасности в области перевозок воинских и других формирований, их движимого имущества, а также продукции военного назначения от 15 сентября 2015 года
ЗАК	Z2600000348	Новый	О ратификации Соглашения о займе (Второй заем на финансирование политики развития "Инклюзивный и устойчивый рост экономики") между Республикой Казахстан и Международным Банком Реконструкции и Развития
ЗАК	Z2600000349	Новый	О ратификации Соглашения о займе (Программа инклюзивного и устойчивого экономического роста) между Республикой Казахстан и Азиатским Банком Инфраструктурных Инвестиций
ЗАК	Z2600000350	Новый	О внесении изменений и дополнений в некоторые законодательные акты Республики Казахстан по вопросам государственного управления и местного самоуправления
ЗАК	Z2600000344	Новый	О ратификации Протокола о внесении изменений в Соглашение о статусе формирований сил и средств системы коллективной безопасности Организации Договора о коллективной безопасности от 10 декабря 2010 года
ЗАК	Z2600000345	Новый	О ратификации Соглашения между Правительством Республики Казахстан и Правительством Республики Узбекистан о совместном управлении и рациональном использовании трансграничных водных объектов
ЗАК	Z2600000346	Новый	О ратификации Протокола о внесении изменений и дополнения в Протокол к Соглашению между Правительством Республики Казахстан и Правительством Республики Узбекистан о пунктах пропуска через казахстанско-узбекскую государственную границу от 4 сентября 2006 года
ЗАК	Z2600000338	Новый	О ратификации Соглашения об экономическом партнерстве между Евразийским экономическим союзом и его государствами-членами, с одной стороны, и Объединенными Арабскими Эмиратами, с другой стороны
ЗАК	Z2600000339	Новый	О ратификации Соглашения между Правительством Республики Казахстан и Кабинетом Министров Кыргызской Республики о взаимном предоставлении в безвозмездное пользование зданий и земельных участков в городе Астане и городе Бишкеке для нужд Посольства Республики Казахстан в Кыргызской Республике и Посольства Кыргызской Республики в Республике Казахстан, а также резиденций Чрезвычайного и Полномочного Посла Республики Казахстан в Кыргызской Республике и Чрезвычайного и Полномочного Посла Кыргызской Республики в Республике Казахстан
ЗАК	Z2600000340	Новый	О внесении изменений и дополнений в некоторые законодательные акты Республики Казахстан по вопросам экологии и совершенствования отдельных отраслей экономики
ЗАК	Z2600000341	Новый	Об охране почв
ЗАК	Z2600000342	Новый	О внесении изменений и дополнений в некоторые законодательные акты Республики Казахстан по вопросам охраны почв, земельных отношений и агропромышленного комплекса
ЗАК	Z2600000343	Новый	О внесении изменений и дополнений в некоторые законодательные акты Республики Казахстан по вопросам нотариальной деятельности и юридической помощи
ЗАК	Z2600000334	Новый	О внесении изменений и дополнений в некоторые законодательные акты Республики Казахстан по вопросам совершенствования социального законодательства
ЗАК	Z2600000335	Новый	Об обращении с радиоактивными отходами
ЗАК	Z2600000336	Новый	О внесении изменений и дополнений в некоторые законодательные акты Республики Казахстан по вопросам обращения с радиоактивными отходами, энергетики и развития атомной отрасли
ЗАК	Z2600000337	Новый	О внесении изменений и дополнений в Кодекс Республики Казахстан "О недрах и недропользовании" по вопросам обращения с радиоактивными отходами и совершенствования регулирования операций по недропользованию
ЗАК	Z2600000332	Новый	О психологической деятельности
ЗАК	Z2600000333	Новый	О внесении изменений и дополнений в Кодекс Республики Казахстан "О таможенном регулировании в Республике Казахстан"
ЗАК	Z2600000329	Новый	Об амнистии в связи с принятием новой Конституции Республики Казахстан
ЗАК	Z2600000330	Новый	О внесении изменений и дополнений в некоторые законодательные акты Республики Казахстан по вопросам исполнительного производства и статуса судебных исполнителей и профилактики правонарушений
ЗАК	Z2600000331	Новый	О внесении изменений и дополнений в Уголовный кодекс Республики Казахстан, Уголовно-процессуальный кодекс Республики Казахстан и Кодекс Республики Казахстан об административных правонарушениях
ЗАК	Z2600000327	Новый	О ратификации Соглашения между Правительством Республики Казахстан и Правительством Российской Федерации о предоставлении Правительству Республики Казахстан государственного экспортного кредита для финансирования строительства атомной электростанции на территории Республики Казахстан
ЗАК	Z2600000328	Новый	О ратификации Соглашения между Правительством Республики Казахстан и Правительством Российской Федерации об основных принципах и условиях сотрудничества по проекту строительства атомной электростанции на территории Республики Казахстан
ЗАК	Z2600000321	Новый	О внесении изменений и дополнений в некоторые законодательные акты Республики Казахстан по вопросам науки, наукоемких территорий, социального обеспечения, образования, здравоохранения и воинской службы
ЗАК	Z2600000322	Новый	О внесении изменений и дополнений в некоторые законодательные акты Республики Казахстан по вопросам газоснабжения и электроэнергетики
ЗАК	Z2600000323	Новый	О внесении изменений и дополнений в некоторые законодательные акты Республики Казахстан по вопросам совершенствования правового положения военнослужащих, обороны и воинской службы
ЗАК	Z2600000324	Новый	О внесении изменений и дополнений в некоторые законодательные акты Республики Казахстан по вопросам развития машиностроения и транспорта
ЗАК	Z2600000325	Новый	О внесении изменений и дополнений в некоторые законодательные акты Республики Казахстан по вопросам совершенствования исполнительного производства
ЗАК	Z2600000326	Новый	О внесении изменений и дополнений в некоторые законодательные акты Республики Казахстан по вопросам цифровизации, защиты персональных данных, дорожного движения и регулирования передовых технологий на транспорте
ЗАК	Z2600000317	Новый	О внесении изменений и дополнений в некоторые законодательные акты Республики Казахстан по вопросам животного мира, лесного и охотничьего хозяйства и предпринимательства
ЗАК	Z2600000318	Новый	О внесении изменений и дополнений в Уголовный кодекс Республики Казахстан и Кодекс Республики Казахстан об административных правонарушениях
ЗАК	Z2600000319	Новый	О внесении изменений и дополнений в некоторые законодательные акты Республики Казахстан по вопросам племенного животноводства и пчеловодства
ЗАК	Z2600000320	Новый	О внесении изменений и дополнений в некоторые законодательные акты Республики Казахстан по вопросам развития рынка телекоммуникаций и центров обработки данных
ЗАК	Z2600000313	Новый	О снятии оговорки и заявления Республики Казахстан к Конвенции о привилегиях и иммунитетах специализированных учреждений
ЗАК	Z2600000314	Новый	О ратификации Соглашения между Правительством Республики Казахстан и Организацией Объединенных Наций о создании в Республике Казахстан Регионального центра Организации Объединенных Наций по целям устойчивого развития для Центральной Азии и Афганистана
ЗАК	Z2600000315	Новый	О ратификации Меморандума о взаимопонимании между Правительством Республики Казахстан и Организацией Объединенных Наций относительно Регионального центра Организации Объединенных Наций по целям в области устойчивого развития для Центральной Азии и Афганистана
ЗАК	Z2600000316	Новый	О ратификации Соглашения между Правительством Республики Казахстан и Правительством Республики Узбекистан о режиме казахстанско-узбекской государственной границы
ЗАК	Z2600000309	Новый	О внесении изменений и дополнений в некоторые законодательные акты Республики Казахстан по вопросам статуса педагога, образования, здравоохранения и защиты прав ребенка
ЗАК	Z2600000310	Новый	О внесении изменений в Кодекс Республики Казахстан об административных правонарушениях по вопросам статуса педагога
ЗАК	Z2600000311	Новый	О внесении изменений и дополнений в некоторые законодательные акты Республики Казахстан по вопросам противодействия коррупции
ЗАК	Z2600000312	Новый	О внесении изменений и дополнений в Уголовный кодекс Республики Казахстан, Уголовно-процессуальный кодекс Республики Казахстан и Кодекс Республики Казахстан об административных правонарушениях по вопросам противодействия коррупции
ЗАК	Z2600000306	Новый	О внесении изменений и дополнений в некоторые законодательные акты Республики Казахстан по вопросам приведения их в соответствие с Конституцией Республики Казахстан, совершенствования законодательства Республики Казахстан о выборах, прокуратуре и социальном обеспечении
ЗАК	Z2600000307	Новый	О внесении изменений и дополнений в Уголовный, Уголовно-процессуальный, Уголовно-исполнительный кодексы Республики Казахстан и Кодекс Республики Казахстан об административных правонарушениях по вопросам приведения их в соответствие с Конституцией Республики Казахстан, совершенствования законодательства Республики Казахстан о выборах и прокуратуре
ЗАК	Z2600000308	Новый	О внесении изменений в Налоговый кодекс Республики Казахстан
ЗАК	Z2600000301	Новый	О внесении изменений и дополнений в некоторые законодательные акты Республики Казахстан по вопросам деятельности специальных государственных органов Республики Казахстан
ЗАК	Z2600000302	Новый	О внесении изменений и дополнений в Кодекс Республики Казахстан об административных правонарушениях
ЗАК	Z2600000303	Новый	О ратификации Соглашения о единой системе таможенного транзита Евразийского экономического союза и третьей стороны (третьих сторон)
ЗАК	Z2600000304	Новый	О ратификации Соглашения между Правительством Республики Казахстан и Правительством Султаната Оман об избежании двойного налогообложения и предотвращении уклонения от налогообложения в отношении налогов на доход и капитал и Протокола к нему
ЗАК	Z2600000295	Новый	О внесении изменений и дополнений в некоторые законодательные акты Республики Казахстан по вопросам совершенствования трудового законодательства
ЗАК	Z2600000290	Обновленный	О государственной службе Республики Казахстан
ЗАК	Z2600000292	Обновленный	О внесении изменений и дополнений в некоторые законодательные акты Республики Казахстан по вопросам ответственного обращения с животными
ЗАК	Z2600000291	Новый	О внесении изменений и дополнений в некоторые законодательные акты Республики Казахстан по вопросам государственной службы
ЗАК	Z2600000293	Новый	О ратификации Соглашения между Правительством Республики Казахстан и Правительством Китайской Народной Республики о поощрении и взаимной защите инвестиций
ЗАК	Z2600000294	Новый	О ратификации Меморандума о взаимопонимании между Республикой Казахстан и Международным Валютным Фондом касательно Регионального центра развития потенциала для Кавказа, Центральной Азии и Монголии
ЗАК	Z2600000289	Новый	О внесении изменений и дополнения в Закон Республики Казахстан "О государственных наградах Республики Казахстан"
ЗАК	Z2600000287	Новый	О ратификации Соглашения о стратегическом партнерстве и сотрудничестве между Республикой Казахстан и Соединенным Королевством Великобритании и Северной Ирландии
ЗАК	Z2600000288	Новый	О ратификации Соглашения между Правительством Республики Казахстан и Правительством Турецкой Республики о транзите военного имущества и персонала через воздушное пространство Республики Казахстан и Турецкой Республики
ЗАК	Z2600000285	Новый	О ратификации Договора о союзнических отношениях между Республикой Казахстан и Республикой Таджикистан
ЗАК	Z2600000283	Новый	О ратификации Соглашения о взаимодействии государств – участников СНГ при обмене данными мониторинга радиационной обстановки
ЗАК	Z2600000284	Новый	О ратификации Соглашения о стратегическом партнерстве в области производства и передачи зеленой энергии между Азербайджанской Республикой, Республикой Казахстан и Республикой Узбекистан
ЗАК	Z2600000280	Новый	О ратификации Договора между Республикой Казахстан и Республикой Перу о взаимной правовой помощи по уголовным делам
ЗАК	Z2600000281	Новый	О ратификации Договора между Республикой Казахстан и Республикой Перу о передаче осужденных лиц
ЗАК	Z2600000282	Новый	О ратификации Договора между Республикой Казахстан и Республикой Перу о выдаче
ЗАК	Z2600000278	Новый	О ратификации Протокола о внесении изменений в Конвенцию о правовой помощи и правовых отношениях по гражданским, семейным и уголовным делам от 22 января 1993 года
ЗАК	Z2600000279	Новый	О ратификации Протокола о внесении изменений в Конвенцию о правовой помощи и правовых отношениях по гражданским, семейным и уголовным делам от 7 октября 2002 года
ЗАК	Z2600000275	Новый	О ратификации Рамочного соглашения о партнерстве между Правительством Республики Казахстан с одной стороны и Международным Банком Реконструкции и Развития, Международной Финансовой Корпорацией и Многосторонним Агентством Гарантии Инвестиций с другой стороны по расширению сотрудничества в целях содействия устойчивому развитию и росту Республики Казахстан
ЗАК	Z2600000276	Исправление ошибки	О ратификации Протокола, касающегося изменения статьи 50 а) Конвенции о международной гражданской авиации, и Протокола, касающегося изменения статьи 56 Конвенции о международной гражданской авиации
ЗАК	Z2600000277	Новый	О внесении изменений и дополнений в некоторые законодательные акты Республики Казахстан по вопросам совершенствования безопасных условий труда, защиты трудовых прав работников и социального обеспечения
ЗАК	Z2600000272	Новый	О ратификации Соглашения о гармонизированной системе определения происхождения товаров, вывозимых с таможенной территории Евразийского экономического союза
ЗАК	Z2600000273	Исправление ошибки	О ратификации Протокола о внесении изменений в Соглашение о принципах и подходах осуществления государственного контроля (надзора) за соблюдением требований технических регламентов Евразийского экономического союза в целях гармонизации законодательства государств – членов Евразийского экономического союза в указанной сфере от 16 февраля 2021 года
ЗАК	Z2600000274	Новый	О ратификации Соглашения о создании Механизма гражданской защиты Организации тюркских государств
ЗАК	Z2600000271	Новый	О ратификации Соглашения между Правительством Республики Казахстан и Федеральным Правительством Австрийской Республики о реадмиссии и транзите лиц с незаконным пребыванием
ЗАК	Z2600000269	Новый	О ратификации Соглашения между Правительством Республики Казахстан и Правительством Китайской Народной Республики о реализации проектов в области возобновляемых источников энергии
ЗАК	Z2600000270	Новый	О внесении изменений и дополнений в некоторые законодательные акты Республики Казахстан по вопросам поддержки туристской отрасли и детского спорта
ЗАК	Z2600000267	Новый	О ратификации Соглашения между Правительством Республики Казахстан и Правительством Кыргызской Республики об урегулировании прав собственности Республики Казахстан на объекты курортно-рекреационного хозяйства, расположенные на территории Иссык-Кульской области Кыргызской Республики, от 4 июля 2006 года и Протокола о внесении изменений и дополнений в Соглашение между Правительством Республики Казахстан и Правительством Кыргызской Республики об урегулировании прав собственности Республики Казахстан на объекты курортно-рекреационного хозяйства, расположенные на территории Иссык-Кульской области Кыргызской Республики, от 4 июля 2006 года
ЗАК	Z2600000268	Новый	О ратификации Договора между Правительством Республики Казахстан и Правительством Кыргызской Республики о предоставлении в аренду земельных участков в Иссык-Кульском районе Иссык-Кульской области Кыргызской Республики от 1 декабря 2009 года и Протокола о внесении изменений и дополнений в Договор между Правительством Республики Казахстан и Правительством Кыргызской Республики о предоставлении в аренду земельных участков в Иссык-Кульском районе Иссык-Кульской области Кыргызской Республики от 1 декабря 2009 года
ЗАК	Z2600000266	Новый	О внесении изменений и дополнений в некоторые законодательные акты Республики Казахстан по вопросам поддержки и развития креативных индустрий
ЗАК	Z2600000264	Новый	О ратификации Рамочного соглашения об организации операций в частном секторе между Правительством Республики Казахстан и Фондом международного развития ОРЕС
ЗАК	Z2600000265	Новый	О ратификации Временного торгового соглашения между Евразийским экономическим союзом и его государствами-членами, с одной стороны, и Монголией, с другой стороны
ЗАК	Z2600000263	Новый	О внесении изменений и дополнений в некоторые законодательные акты Республики Казахстан по вопросам охранной деятельности, жилищных отношений и правоохранительной службы
ЗАК	Z2600000261	Новый	О ратификации Соглашения между Правительством Республики Казахстан и Правительством Монголии о сотрудничестве в пенсионной сфере
ЗАК	Z2600000262	Новый	О ратификации Соглашения между Правительством Республики Казахстан и Правительством Французской Республики о реадмиссии лиц
ЗАК	Z2600000260	Новый	О ратификации Азиатско-Тихоокеанской региональной конвенции о признании квалификаций в области высшего образования
ЗАК	Z2600000258	Обновленный	О банках и банковской деятельности в Республике Казахстан
ЗАК	Z2600000259	Обновленный	О внесении изменений и дополнений в некоторые законодательные акты Республики Казахстан по вопросам регулирования и развития финансового рынка, связи и банкротства
ЗАК	Z2600000256	Обновленный	О внесении изменений и дополнений в некоторые законодательные акты Республики Казахстан по вопросам цифровизации, транспорта и предпринимательства
ЗАК	Z2600000254	Новый	О внесении изменений и дополнений в некоторые законодательные акты Республики Казахстан по вопросам архитектуры, градостроительства и строительства
ЗАК	Z2600000257	Новый	О внесении изменений и дополнений в Кодекс Республики Казахстан об административных правонарушениях
ЗАК	Z2600000251	Новый	О внесении изменений и дополнений в некоторые законодательные акты Республики Казахстан по вопросам исполнения решений Конституционного Суда Республики Казахстан и возврата государству незаконно приобретенных активов
ЗАК	Z2600000252	Новый	О внесении дополнений в Уголовный кодекс Республики Казахстан и Уголовно-процессуальный кодекс Республики Казахстан
ЗАК	Z2500000245	Обновленный	О профилактике правонарушений
ЗАК	Z2500000247	Обновленный	О внесении изменений и дополнений в Кодекс Республики Казахстан об административных правонарушениях
ЗАК	Z2500000246	Новый	О внесении изменений и дополнений в некоторые законодательные акты Республики Казахстан по вопросам профилактики правонарушений и совершенствования отдельных отраслей законодательства Республики Казахстан
ЗАК	Z2500000248	Новый	О внесении изменений и дополнений в некоторые законодательные акты Республики Казахстан по вопросам архивного дела и ограничения распространения противоправного контента
ЗАК	Z2500000249	Новый	О внесении изменений и дополнений в Кодекс Республики Казахстан "О недрах и недропользовании" по реализации поручений Главы государства
ЗАК	Z2500000250	Новый	О ратификации Соглашения между Правительством Республики Казахстан и Организацией Объединенных Наций по вопросам образования, науки и культуры (ЮНЕСКО) о возобновлении статуса Центрально-Азиатского регионального гляциологического центра в Казахстане в качестве центра категории 2 под эгидой ЮНЕСКО
ЗАК	Z2500000242	Новый	О внесении изменений и дополнений в некоторые законодательные акты Республики Казахстан по вопросам охраны объектов историко-культурного наследия и образовательно-оздоровительных услуг
ЗАК	Z2500000243	Новый	О внесении изменений и дополнений в Кодекс Республики Казахстан "О недрах и недропользовании" по вопросам совершенствования недропользования в сфере углеводородов и урана
ЗАК	Z2500000244	Новый	О внесении изменения и дополнений в Кодекс Республики Казахстан "О налогах и других обязательных платежах в бюджет" (Налоговый кодекс)
ЗАК	Z2500000241	Новый	О внесении изменений и дополнений в некоторые законодательные акты Республики Казахстан по вопросам административной юстиции, нормотворчества и организации юридической помощи
ЗАК	Z2500000240	Новый	О ратификации Протокола по проблемам воды и здоровья к Конвенции по охране и использованию трансграничных водотоков и международных озер 1992 года
ЗАК	Z2500000238	Новый	Об объемах трансфертов общего характера между республиканским и областными бюджетами, бюджетами городов республиканского значения, столицы на 2026 – 2028 годы
ЗАК	Z2500000239	Новый	О республиканском бюджете на 2026 – 2028 годы
ЗАК	Z2500000236	Обновленный	О внесении изменений и дополнений в некоторые законодательные акты Республики Казахстан по вопросам культуры, образования, семьи и государственного контроля
ЗАК	Z2500000237	Новый	О ратификации Соглашения между Правительством Республики Казахстан и Правительством Российской Федерации о функционировании Костанайского филиала федерального государственного бюджетного образовательного учреждения высшего образования "Челябинский государственный университет"
ЗАК	Z2500000235	Новый	О ратификации Соглашения о трансграничных перевозках радиоактивных материалов в государствах – участниках Содружества Независимых Государств
ЗАК	Z2500000234	Новый	О ратификации Соглашения между Правительством Республики Казахстан и Правительством Туркменистана о сотрудничестве в борьбе с преступностью
ЗАК	Z2500000233	Новый	О внесении изменений и дополнений в некоторые законодательные акты Республики Казахстан по вопросам интеллектуальной собственности
ЗАК	Z2500000230	Обновленный	Об искусственном интеллекте
ЗАК	Z2500000231	Новый	О внесении изменений и дополнений в некоторые законодательные акты Республики Казахстан по вопросам искусственного интеллекта и цифровизации
ЗАК	Z2500000232	Новый	О внесении изменений и дополнений в Кодекс Республики Казахстан об административных правонарушениях
ЗАК	Z2500000227	Новый	О ратификации Соглашения между Республикой Казахстан и Королевством Марокко о выдаче
ЗАК	Z2500000228	Новый	О ратификации Соглашения между Республикой Казахстан и Королевством Марокко о передаче осужденных лиц
ЗАК	Z2500000229	Новый	О ратификации Соглашения между Республикой Казахстан и Королевством Марокко о взаимной правовой помощи по уголовным делам
ЗАК	Z2500000226	Новый	О ратификации Соглашения об образовании Международного центра оценки рисков легализации (отмывания) доходов, полученных преступным путем, и финансирования терроризма
ЗАК	Z2500000224	Новый	О ратификации Конвенции об установлении минимальной заработной платы с особым учетом развивающихся стран (Конвенция 131)
ЗАК	Z2500000225	Новый	О ратификации Соглашения между Правительством Республики Казахстан и Правительством Государства Катар о регулировании трудоустройства работников из Республики Казахстан в Государстве Катар
ЗАК	Z2500000222	Новый	О ратификации Соглашения между Правительством Республики Казахстан и Правительством Республики Армения о сотрудничестве в области миграции
ЗАК	Z2500000223	Новый	О ратификации Соглашения между Правительством Республики Казахстан и Правительством Республики Армения о поездках и порядке пребывания граждан
ЗАК	Z2500000221	Новый	О ратификации Протокола о внесении изменений в Договор о Таможенном кодексе Евразийского экономического союза от 11 апреля 2017 года
ЗАК	Z2500000220	Новый	О внесении изменений и дополнений в некоторые законодательные акты Республики Казахстан по вопросам совершенствования системы государственной поддержки отрасли инновационной деятельности и государственной статистики
ЗАК	Z2500000219	Новый	О внесении изменений и дополнений в некоторые законодательные акты Республики Казахстан по вопросам противодействия легализации (отмыванию) доходов, полученных преступным путем, финансированию терроризма и финансированию распространения оружия массового уничтожения
ЗАК	Z2500000217	Новый	О ратификации Соглашения между Правительством Республики Казахстан и Правительством Туркменистана о взаимном поощрении и защите инвестиций
ЗАК	Z2500000218	Новый	О ратификации Протокола о внесении изменений в Соглашение между Правительством Республики Казахстан и Правительством Российской Федерации о создании на космодроме "Байконур" космического ракетного комплекса "Байтерек" от 22 декабря 2004 года
ЗАК	Z2500000216	Новый	О ратификации Договора об углублении и расширении союзнических отношений между Республикой Казахстан и Кыргызской Республикой
ЗАК	Z2500000215	Обновленный	О внесении изменений и дополнений в некоторые законодательные акты Республики Казахстан по вопросам налогообложения
ЗАК	Z2500000213	Новый	О внесении изменений и дополнений в некоторые законодательные акты Республики Казахстан по вопросам развития столицы и городов республиканского значения, национальных проектов, предпринимательства и оптимизации функций государственных органов
ЗАК	Z2500000210	Новый	О внесении изменений и дополнений в некоторые законодательные акты Республики Казахстан по вопросам оптимизации уголовного законодательства Республики Казахстан
ЗАК	Z2500000211	Новый	О внесении изменений и дополнений в некоторые законодательные акты Республики Казахстан по вопросам военно-патриотического воспитания, воинской службы и перераспределения функций отдельных центральных государственных органов
ЗАК	Z2500000212	Новый	О ратификации Соглашения о займе (Проект ускоренной цифровизации для инклюзивной экономики Казахстана) между Республикой Казахстан и Международным Банком Реконструкции и Развития
ЗАК	Z2500000207	Новый	О внесении изменений и дополнений в некоторые законодательные акты Республики Казахстан по вопросам жилищно-коммунального хозяйства, предпринимательства и деятельности экспортно-кредитного агентства
ЗАК	Z2500000208	Новый	О внесении изменений и дополнений в Кодекс Республики Казахстан "О налогах и других обязательных платежах в бюджет" (Налоговый кодекс) и законы Республики Казахстан по вопросам введения его в действие
ЗАК	Z2500000209	Новый	О внесении изменений и дополнений в Кодекс Республики Казахстан об административных правонарушениях по вопросам жилищно-коммунального хозяйства
ЗАК	Z2500000206	Новый	О внесении изменений и дополнений в некоторые законодательные акты Республики Казахстан по вопросам обязательного социального медицинского страхования и оказания медицинских услуг
ЗАК	Z2500000199	Обновленный	О фондах целевого капитала и эндаумент-фондах (целевых капиталах)
ЗАК	Z2500000201	Обновленный	О территориальной обороне Республики Казахстан
ЗАК	Z2500000205	Обновленный	О внесении изменений и дополнений в некоторые законодательные акты Республики Казахстан по вопросам развития финансового рынка, защиты прав потребителей финансовых услуг, связи и исключения излишней законодательной регламентации
ЗАК	Z2500000200	Новый	О внесении изменений и дополнений в некоторые законодательные акты Республики Казахстан по вопросам деятельности фондов целевого капитала и эндаумент-фондов (целевых капиталов), а также экологически неблагополучных территорий казахстанской части Приаралья
ЗАК	Z2500000202	Новый	О внесении изменений и дополнений в некоторые законодательные акты Республики Казахстан по вопросам территориальной обороны
ЗАК	Z2500000203	Новый	О внесении изменений и дополнений в некоторые законодательные акты Республики Казахстан по вопросам совершенствования правоохранительной службы, жилищного обеспечения и социальной защиты сотрудников правоохранительных, специальных государственных органов, органов гражданской защиты и военнослужащих, а также исключения излишней законодательной регламентации в сфере деятельности органов внутренних дел
ЗАК	Z2500000204	Новый	О внесении изменений и дополнений в некоторые законодательные акты Республики Казахстан по вопросам долевого участия в жилищном строительстве, автомобильных дорог и оказания услуг по перевозке лиц с инвалидностью
ЗАК	Z2500000198	Новый	О внесении изменений и дополнений в некоторые законодательные акты Республики Казахстан по вопросам лесного хозяйства, особо охраняемых природных территорий и гарантирования обязательств субъектов частного предпринимательства
ЗАК	Z2500000196	Новый	О внесении изменений и дополнений в некоторые законодательные акты Республики Казахстан по вопросам гражданской защиты, электроэнергетики и управления государственным имуществом
ЗАК	Z2500000197	Новый	О ратификации Протокола о внесении изменений в Договор об учреждении Евразийского фонда стабилизации и развития от 9 июня 2009 года
ЗАК	Z2500000195	Новый	Об амнистии в связи с тридцатилетием Конституции Республики Казахстан
ЗАК	Z2500000193	Обновленный	Об аквакультуре
ЗАК	Z2500000194	Новый	О внесении изменений и дополнений в некоторые законодательные акты Республики Казахстан по вопросам аквакультуры, агропромышленного комплекса, электроэнергетики и перераспределения функций отдельных центральных государственных органов
ЗАК	Z2500000192	Новый	О ратификации Соглашения между Правительством Республики Казахстан и Кабинетом Министров Кыргызской Республики о поощрении и взаимной защите инвестиций
ЗАК	Z2500000191	Новый	О ратификации Протокола о внесении изменений в Нахичеванское соглашение о создании Совета сотрудничества тюркоязычных государств
ЗАК	Z2500000188	Новый	О внесении изменений и дополнений в некоторые законодательные акты Республики Казахстан по вопросам определения страны происхождения товаров
ЗАК	Z2500000189	Новый	О ратификации Протокола о внесении изменений в Соглашение между Правительством Республики Казахстан и Секретариатом Совещания по взаимодействию и мерам доверия в Азии об условиях пребывания Секретариата на территории Республики Казахстан от 26 июня 2007 года
ЗАК	Z2500000190	Новый	О ратификации Соглашения между Правительством Республики Казахстан и Правительством Соединенных Штатов Америки о предоставлении Правительству Соединенных Штатов Америки земельного участка в аренду для строительства помещений консульского учреждения Соединенных Штатов Америки в городе Алматы
ЗАК	Z2500000187	Новый	О ратификации Соглашения между Правительством Республики Казахстан и Правительством Объединенных Арабских Эмиратов о реализации проекта ветровой электростанции
ЗАК	Z2500000186	Новый	О ратификации Соглашения о свободной торговле услугами, учреждении, деятельности и осуществлении инвестиций
ЗАК	Z2500000185	Новый	О внесении изменений и дополнений в некоторые законодательные акты Республики Казахстан по вопросам здравоохранения, игорного бизнеса и исключения излишней законодательной регламентации
ЗАК	Z2500000184	Новый	О ратификации Соглашения между Республикой Казахстан и Республикой Кипр о передаче осужденных лиц
ЗАК	Z2500000183	Новый	О внесении изменений и дополнений в некоторые законодательные акты Республики Казахстан по вопросам физической культуры и спорта, а также исключения излишней законодательной регламентации
ЗАК	Z2500000182	Новый	О ратификации Протокола о внесении изменений в Соглашение о Евразийской группе по противодействию легализации преступных доходов и финансированию терроризма и Положение о порядке формирования и исполнения бюджета Евразийской группы по противодействию легализации преступных доходов и финансированию терроризма
ЗАК	Z2500000179	Новый	О внесении изменений и дополнений в некоторые законодательные акты Республики Казахстан по вопросам охраны и использования водного фонда
ЗАК	Z2500000180	Новый	О внесении изменений и дополнения в Кодекс Республики Казахстан "О недрах и недропользовании" по вопросам охраны и использования водного фонда
ЗАК	Z2500000181	Новый	О внесении изменений и дополнений в Кодекс Республики Казахстан об административных правонарушениях по вопросам охраны и использования водного фонда
ЗАК	Z2500000177	Новый	О ратификации Соглашения о сотрудничестве государств – участников Содружества Независимых Государств в противодействии коррупции
ЗАК	Z2500000176	Новый	О ратификации Соглашения между Правительством Республики Казахстан и Правительством Республики Узбекистан о регулировании деятельности Международного центра промышленной кооперации "Центральная Азия"
ЗАК	Z2500000175	Обновленный	О внесении изменений и дополнений в некоторые законодательные акты Республики Казахстан по вопросам воинской службы в резерве и перераспределения функций отдельных центральных государственных органов
ЗАК	Z2500000173	Новый	О ратификации Соглашения между Республикой Казахстан и Государством Катар о взаимной правовой помощи по уголовным делам
ЗАК	Z2500000174	Новый	О ратификации Соглашения между Республикой Казахстан и Государством Катар о выдаче
ЗАК	Z2500000172	Обновленный	О внесении изменений и дополнений в некоторые законодательные акты Республики Казахстан по вопросам совершенствования бюджетного законодательства и признании утратившим силу Закона Республики Казахстан "О концессиях"
ЗАК	Z2500000170	Новый	О ратификации Соглашения между Правительством Республики Казахстан и Правительством Российской Федерации о мерах по обеспечению параллельной работы единых энергетических систем Республики Казахстан и Российской Федерации
ЗАК	Z2500000168	Новый	О ратификации Меморандума о взаимопонимании между Правительством Республики Казахстан, предоставляющим ресурсы силам Организации Объединенных Наций по наблюдению за разъединением (UNDOF), и Организацией Объединенных Наций
ЗАК	Z2500000169	Новый	О ратификации Соглашения в форме обмена письмами к Меморандуму о взаимопонимании между Правительством Республики Казахстан, предоставляющим ресурсы силам Организации Объединенных Наций по наблюдению за разъединением (UNDOF), и Организацией Объединенных Наций от 14 февраля 2024 года
ЗАК	Z2500000165	Обновленный	Об особом статусе города Туркестана
ЗАК	Z2500000166	Новый	О внесении изменений и дополнений в некоторые законодательные акты Республики Казахстан по вопросам особого статуса города Туркестана и культурных центров за рубежом
ЗАК	Z2500000167	Новый	О ратификации Соглашения между Правительством Республики Казахстан и Правительством Турецкой Республики о сотрудничестве в области карантина и защиты растений
ЗАК	Z2500000162	Новый	О ратификации Протокола о внесении изменений в Договор о Евразийском экономическом союзе от 29 мая 2014 года в части, касающейся перечисления сумм ввозных таможенных пошлин между государствами – членами Евразийского экономического союза
ЗАК	Z2500000163	Новый	О внесении изменений и дополнений в некоторые законодательные акты Республики Казахстан по вопросам культуры, образования и наставничества
ЗАК	Z2500000164	Новый	О внесении изменений и дополнений в некоторые законодательные акты Республики Казахстан по вопросам оказания услуг связи, государственных закупок, транспорта и почты
ЗАК	Z2500000161	Новый	О ратификации Марракешского договора об облегчении доступа слепых и лиц с нарушениями зрения или иными ограниченными способностями воспринимать печатную информацию к опубликованным произведениям
ЗАК	Z2500000160	Новый	О ратификации Соглашения о взаимном признании банковских гарантий при осуществлении государственных (муниципальных) закупок
ЗАК	Z2500000158	Новый	О ратификации поправок в пункт 1 статьи 12 Соглашения об учреждении Европейского Банка Реконструкции и Развития с целью отмены уставного капитального ограничения на обычные операции
ЗАК	Z2500000159	Новый	О ратификации поправок в статью 1 Соглашения об учреждении Европейского Банка Реконструкции и Развития, позволяющих осуществить ограниченное и постепенное распространение географического охвата операций банка на страны Африки к югу от Сахары и Ирак
ЗАК	Z2500000157	Новый	О внесении изменений и дополнений в некоторые законодательные акты Республики Казахстан по вопросам доступа к информации, общественного участия, государственных наград и исключения излишней законодательной регламентации
ЗАК	Z2500000155	Обновленный	О внесении изменений и дополнений в Кодекс Республики Казахстан об административных правонарушениях
ЗАК	Z2500000156	Обновленный	О внесении изменений и дополнений в некоторые законодательные акты Республики Казахстан по вопросам государственной службы
ЗАК	Z2500000153	Новый	О внесении изменений и дополнений в некоторые законодательные акты Республики Казахстан по вопросам Государственной образовательной накопительной системы, исключения излишней законодательной регламентации в сферах информации, общественного развития, культуры и архивного дела
ЗАК	Z2500000154	Новый	О внесении изменений и дополнений в некоторые законодательные акты Республики Казахстан по вопросам дипломатической службы, международных договоров и официальной помощи развитию
ЗАК	Z2500000152	Новый	О ратификации Рамочного соглашения о всеобъемлющем экономическом сотрудничестве между Евразийским экономическим союзом и его государствами-членами, с одной стороны, и Республикой Сингапур, с другой стороны, и Соглашения о свободной торговле между Евразийским экономическим союзом и его государствами-членами, с одной стороны, и Республикой Сингапур, с другой стороны
ЗАК	Z2500000151	Новый	О ратификации Соглашения между Правительством Республики Казахстан и Правительством Французской Республики о функционировании группы Французского агентства развития в Республике Казахстан
ЗАК	Z2500000150	Новый	О внесении изменений и дополнений в некоторые законодательные акты Республики Казахстан по вопросам противодействия незаконному обороту наркотических средств, психотропных веществ, их аналогов, прекурсоров и сильнодействующих веществ
ЗАК	Z2400000148	Обновленный	О внесении изменений и дополнений в некоторые законодательные акты Республики Казахстан по вопросам государственных наград, образования и защиты прав ребенка
ЗАК	Z2400000149	Новый	О внесении изменений и дополнений в некоторые законодательные акты Республики Казахстан по вопросам биржевой торговли и предпринимательства
ЗАК	Z2400000147	Новый	О ратификации Соглашения о свободной торговле между Евразийским экономическим союзом и его государствами-членами, с одной стороны, и Исламской Республикой Иран, с другой стороны
ЗАК	Z2400000144	Исправление ошибки	О ратификации Соглашения о займе (Заем на финансирование политики развития "Инклюзивный и устойчивый рост экономики") между Республикой Казахстан и Международным Банком Реконструкции и Развития
ЗАК	Z2400000145	Новый	О ратификации Соглашения о займе (Программа фискального управления и реформ финансового сектора – Подпрограмма 1) между Республикой Казахстан и Азиатским Банком Инфраструктурных Инвестиций
ЗАК	Z2400000146	Новый	О ратификации Соглашения о займе (Обычные операции) (Программа фискального управления и реформ финансового сектора – Подпрограмма 1) между Республикой Казахстан и Азиатским Банком Развития
ЗАК	Z2400000143	Новый	О внесении изменений и дополнений в Закон Республики Казахстан "О республиканском бюджете на 2024 – 2026 годы"
ЗАК	Z2400000142	Новый	О ратификации Соглашения о правилах выпуска (выдачи), обращения и погашения в рамках Евразийского экономического союза складских свидетельств на сельскохозяйственную продукцию
ЗАК	Z2400000140	Обновленный	О гарантированном трансферте из Национального фонда Республики Казахстан на 2025 – 2027 годы
ЗАК	Z2400000141	Новый	О республиканском бюджете на 2025 – 2027 годы
ЗАК	Z2400000139	Новый	О ратификации Договора об учреждении Международной организации по русскому языку
ЗАК	Z2400000137	Новый	О ратификации Соглашения между Правительством Республики Казахстан и Правительством Государства Катар о военном сотрудничестве
ЗАК	Z2400000138	Новый	О внесении изменений и дополнений в некоторые законодательные акты Республики Казахстан по вопросам реформирования жилищной политики
ЗАК	Z2400000136	Новый	О внесении изменений и дополнений в некоторые законодательные акты Республики Казахстан по вопросам реформирования судебной системы и совершенствования процессуального законодательства
ЗАК	Z2400000135	Новый	О ратификации Договора между Республикой Казахстан и Социалистической Республикой Вьетнам о передаче осужденных лиц
ЗАК	Z2400000134	Новый	О ратификации Соглашения между Правительством Республики Казахстан и Правительством Республики Узбекистан о сотрудничестве в области экологии и охраны окружающей среды
ЗАК	Z2400000133	Новый	О ратификации Соглашения между Правительством Республики Казахстан и Правительством Государства Катар об установлении долгосрочного стратегического партнерства для развития проектов в приоритетных отраслях
ЗАК	Z2400000132	Новый	О ратификации Соглашения об обмене биологическим материалом
ЗАК	Z2400000130	Новый	О внесении изменений и дополнений в некоторые законодательные акты Республики Казахстан по вопросам организации движения отдельных видов транспортных средств и цифровизации дорожной безопасности
ЗАК	Z2400000131	Новый	О внесении изменений и дополнений в Кодекс Республики Казахстан об административных правонарушениях по вопросам организации движения отдельных видов транспортных средств и цифровизации дорожной безопасности
ЗАК	Z2400000129	Новый	О ратификации Соглашения между правительствами государств – членов Организации тюркских государств о создании упрощенного таможенного коридора
ЗАК	Z2400000128	Новый	О ратификации Соглашения между Правительством Республики Казахстан и Кабинетом Министров Кыргызской Республики о создании и регулировании деятельности индустриального торгово-логистического комплекса в районе автодорожных пунктов пропуска "Карасу" и "Ак-Тилек"
ЗАК	Z2400000126	Новый	О внесении изменений и дополнений в некоторые законодательные акты Республики Казахстан по вопросам транспорта и развития инфраструктуры для электромобилей
ЗАК	Z2400000127	Новый	О внесении изменений и дополнений в Кодекс Республики Казахстан об административных правонарушениях
ЗАК	Z2400000125	Новый	О ратификации Соглашения между Республикой Казахстан и Республикой Сингапур о торговле услугами и инвестициях
ЗАК	Z2400000124	Новый	О ратификации Соглашения между Правительством Республики Казахстан и Организацией Объединенных Наций об организации Азиатско-Тихоокеанской министерской конференции по цифровой инклюзии и трансформации
ЗАК	Z2400000123	Новый	О внесении изменений и дополнения в некоторые законодательные акты Республики Казахстан по вопросам сохранения и воспроизводства отечественных пород лошадей верхового и верхово-упряжного направлений
ЗАК	Z2400000120	Обновленный	О теплоэнергетике
ЗАК	Z2400000121	Обновленный	О внесении изменений и дополнений в некоторые законодательные акты Республики Казахстан по вопросам теплоэнергетики, электроэнергетики и регулируемых услуг
ЗАК	Z2400000116	Новый	О внесении изменений и дополнений в некоторые законодательные акты Республики Казахстан по вопросам игорного бизнеса, лотерейной деятельности, охраны здоровья, государственной инспекции труда, государственного контроля и исключения излишней законодательной регламентации
ЗАК	Z2400000117	Новый	О внесении изменений и дополнений в Кодекс Республики Казахстан об административных правонарушениях
ЗАК	Z2400000118	Новый	О внесении изменений и дополнений в некоторые законодательные акты Республики Казахстан по вопросам особо охраняемых природных территорий и электроэнергетики
ЗАК	Z2400000119	Новый	О внесении изменений в Кодекс Республики Казахстан "О налогах и других обязательных платежах в бюджет" (Налоговый кодекс)
ЗАК	Z2400000122	Новый	О внесении изменений и дополнений в Кодекс Республики Казахстан об административных правонарушениях
ЗАК	Z2400000110	Обновленный	О противодействии торговле людьми
ЗАК	Z2400000111	Новый	О внесении изменений и дополнений в некоторые законодательные акты Республики Казахстан по вопросам противодействия торговле людьми, проявлению вандализма и порче чужого имущества
ЗАК	Z2400000112	Новый	О внесении изменений и дополнений в Кодекс Республики Казахстан об административных правонарушениях по вопросам противодействия торговле людьми, проявлению вандализма и порче чужого имущества
ЗАК	Z2400000113	Новый	О внесении изменений и дополнений в некоторые законодательные акты Республики Казахстан по вопросам декриминализации отдельных видов экономических правонарушений и совершенствования законодательства Республики Казахстан о противодействии легализации (отмыванию) доходов, полученных преступным путем, и финансированию терроризма
ЗАК	Z2400000114	Новый	О внесении изменений и дополнений в Кодекс Республики Казахстан об административных правонарушениях
ЗАК	Z2400000115	Новый	О внесении изменений и дополнений в некоторые законодательные акты Республики Казахстан по вопросам государственного контроля и статистики, совершенствования системы защиты населения, управления данными, регистрации юридических лиц и исключения излишней законодательной регламентации
ЗАК	Z2400000103	Обновленный	О науке и технологической политике
ЗАК	Z2400000106	Обновленный	О государственных закупках
ЗАК	Z2400000107	Обновленный	О внесении изменений и дополнений в некоторые законодательные акты Республики Казахстан по вопросам закупок и исключения излишней законодательной регламентации
ЗАК	Z2400000100	Новый	О ратификации Соглашения между Правительством Республики Казахстан и Правительством Китайской Народной Республики по развитию Транскаспийского международного транспортного маршрута
ЗАК	Z2400000101	Новый	О ратификации Соглашения между Правительством Республики Казахстан и Правительством Китайской Народной Республики по развитию Транскаспийского международного транспортного маршрута, в том числе для контейнерных поездов сообщением Китай – Европа
ЗАК	Z2400000102	Новый	О ратификации Соглашения между Правительством Республики Казахстан и Правительством Китайской Народной Республики о международных автомобильных перевозках
ЗАК	Z2400000104	Новый	О внесении изменений и дополнений в некоторые законодательные акты Республики Казахстан по вопросам науки и технологической политики, платформенной занятости и государственного контроля
ЗАК	Z2400000105	Новый	О внесении изменений и дополнений в Кодекс Республики Казахстан "О налогах и других обязательных платежах в бюджет" (Налоговый кодекс) и Закон Республики Казахстан "О введении в действие Кодекса Республики Казахстан "О налогах и других обязательных платежах в бюджет" (Налоговый кодекс)"
ЗАК	Z2400000108	Новый	О внесении изменений и дополнений в Кодекс Республики Казахстан об административных правонарушениях
ЗАК	Z2400000098	Новый	О ратификации Соглашения между Правительством Республики Казахстан и Правительством Китайской Народной Республики о взаимном учреждении культурных центров
ЗАК	Z2400000099	Новый	О ратификации Соглашения о международных комбинированных грузовых перевозках между правительствами государств – членов Организации тюркских государств
ЗАК	Z2400000093	Обновленный	О масс-медиа
ЗАК	Z2400000097	Обновленный	О внесении изменений и дополнений в некоторые законодательные акты Республики Казахстан по вопросам минимизации рисков при кредитовании, защиты прав заемщиков, совершенствования регулирования финансового рынка и исполнительного производства
ЗАК	Z2400000092	Новый	О ратификации Протокола о внесении изменений в Марракешское соглашение об учреждении Всемирной торговой организации (Соглашение по рыболовным субсидиям)
ЗАК	Z2400000094	Новый	О внесении изменений и дополнений в некоторые законодательные акты Республики Казахстан по вопросам масс-медиа
ЗАК	Z2400000095	Новый	О внесении изменений в Кодекс Республики Казахстан об административных правонарушениях по вопросам масс-медиа
ЗАК	Z2400000096	Новый	О внесении изменений и дополнений в некоторые законодательные акты Республики Казахстан по вопросам поддержки использования возобновляемых источников энергии и электроэнергетики
ЗАК	Z2400000089	Обновленный	О производстве и обороте органической продукции
ЗАК	Z2400000090	Новый	О внесении изменений и дополнений в некоторые законодательные акты Республики Казахстан по вопросам производства и оборота органической продукции
ЗАК	Z2400000091	Новый	О внесении изменений и дополнений в Кодекс Республики Казахстан об административных правонарушениях
ЗАК	Z2400000087	Новый	О ратификации Протокола о внесении изменений в Договор между Республикой Казахстан и Китайской Народной Республикой об оказании правовой помощи по гражданским и уголовным делам от 14 января 1993 года
ЗАК	Z2400000088	Новый	О ратификации Протокола о внесении изменений в Договор о Евразийском экономическом союзе от 29 мая 2014 года в части оказания финансового содействия при реализации государствами – членами Евразийского экономического союза совместных кооперационных проектов в отраслях промышленности
ЗАК	Z2400000086	Новый	О внесении изменений и дополнений в некоторые законодательные акты Республики Казахстан по вопросам связи, цифровизации, улучшения инвестиционного климата и исключения излишней законодательной регламентации
ЗАК	Z2400000083	Новый	О ратификации Договора между Республикой Казахстан и Республикой Узбекистан о союзнических отношениях
ЗАК	Z2400000084	Новый	О ратификации Протокола о внесении изменений в Соглашение между Правительством Республики Казахстан и Правительством Российской Федерации о сотрудничестве в области транспортировки российской нефти через территорию Республики Казахстан в Китайскую Народную Республику от 24 декабря 2013 года
ЗАК	Z2400000085	Новый	О ратификации Протокола о внесении дополнения в Соглашение по торговым аспектам прав интеллектуальной собственности
ЗАК	Z2400000082	Новый	О внесении изменений и дополнений в некоторые законодательные акты Республики Казахстан по вопросам совершенствования законодательства в сферах миграции населения и уголовно-исполнительной системы
ЗАК	Z2400000079	Новый	О внесении изменений и дополнений в некоторые законодательные акты Республики Казахстан по вопросам науки и образования
ЗАК	Z2400000080	Новый	О ратификации Соглашения о сотрудничестве государств – участников Содружества Независимых Государств по предупреждению и реагированию на чрезвычайные ситуации в области общественного здравоохранения санитарно-эпидемиологического характера
ЗАК	Z2400000081	Новый	О ратификации Соглашения между Правительством Республики Казахстан и Правительством Турецкой Республики о международных комбинированных перевозках грузов
ЗАК	Z2400000078	Новый	О внесении изменений и дополнения в Закон Республики Казахстан "О государственных наградах Республики Казахстан"
ЗАК	Z2400000076	Новый	О ратификации Соглашения между Правительством Республики Казахстан и Кабинетом Министров Кыргызской Республики о сотрудничестве в области авиационного поиска и спасания
ЗАК	Z2400000077	Новый	О ратификации Соглашения о взаимном признании документов об ученых степенях в государствах – членах Евразийского экономического союза
ЗАК	Z2400000074	Новый	О внесении изменений и дополнений в некоторые законодательные акты Республики Казахстан по вопросам здравоохранения
ЗАК	Z2400000075	Новый	О ратификации Протокола о внесении изменений в Договор о Евразийском экономичеcком союзе от 29 мая 2014 года
ЗАК	Z2400000072	Новый	О внесении изменений и дополнений в некоторые законодательные акты Республики Казахстан по вопросам обеспечения прав женщин и безопасности детей
ЗАК	Z2400000073	Новый	О внесении изменений и дополнений в Кодекс Республики Казахстан об административных правонарушениях по вопросам обеспечения прав женщин и безопасности детей
ЗАК	Z2400000070	Новый	О ратификации Протокола о внесении изменений в Соглашение между Правительством Республики Казахстан и Правительством Республики Узбекистан об условиях взаимных поездок граждан от 7 июля 2000 года
ЗАК	Z2400000071	Новый	О внесении изменений и дополнений в некоторые законодательные акты Республики Казахстан по вопросам ведения бизнеса
ЗАК	Z2400000069	Новый	О ратификации Протокола о внесении изменения в Договор между Республикой Казахстан и Литовской Республикой о правовой помощи и правовых отношениях по гражданским, семейным и уголовным делам от 9 августа 1994 года
ЗАК	Z2400000067	Новый	О ратификации Конвенции о праве несудоходных видов использования международных водотоков
ЗАК	Z2400000068	Новый	О внесении изменений и дополнений в некоторые законодательные акты Республики Казахстан по вопросам трансфертного ценообразования
ЗАК	Z2400000066	Новый	О ратификации Протокола о внесении изменения в Соглашение о единых принципах и правилах обращения медицинских изделий (изделий медицинского назначения и медицинской техники) в рамках Евразийского экономического союза от 23 декабря 2014 года
ЗАК	Z2400000065	Новый	О внесении изменений и дополнений в некоторые законодательные акты Республики Казахстан по вопросам использования пастбищ
ЗАК	Z2400000064	Новый	О внесении изменений и дополнений в некоторые законодательные акты Республики Казахстан по вопросам образования, наставничества и безопасности детей
ЗАК	Z2400000063	Новый	О ратификации Протокола о внесении изменений в Договор о Евразийском экономическом союзе от 29 мая 2014 года в части определения порядка взимания косвенных налогов при оказании услуг в электронной форме
ЗАК	Z2400000061	Новый	О ратификации Протокола о внесении изменения в Протокол об условиях и переходных положениях по применению Кыргызской Республикой Договора о Евразийском экономическом союзе от 29 мая 2014 года, отдельных международных договоров, входящих в право Евразийского экономического союза, и актов органов Евразийского экономического союза в связи с присоединением Кыргызской Республики к Договору о Евразийском экономическом союзе от 29 мая 2014 года, подписанный 8 мая 2015 г.
ЗАК	Z2400000062	Новый	О ратификации Соглашения между Правительством Республики Казахстан и Правительством Республики Эстония о реадмиссии лиц
ЗАК	Z2400000060	Новый	О ратификации Соглашения между Правительством Республики Казахстан и Правительством Республики Сингапур о поощрении и взаимной защите инвестиций
ЗАК	Z2400000059	Исправление ошибки	О ратификации Соглашения о сотрудничестве в области санитарной охраны территорий государств – участников Содружества Независимых Государств
ЗАК	Z2400000057	Новый	О ратификации Специального Соглашения между Правительством Республики Казахстан и Правительством Французской Республики о реализации сотрудничества в сфере борьбы с глобальным потеплением
ЗАК	Z2400000058	Новый	О ратификации Соглашения между Правительством Республики Казахстан и Правительством Государства Катар о взаимном поощрении и защите инвестиций
ЗАК	Z2400000056	Новый	О ратификации Протокола о внесении изменений в Договор о Евразийском экономическом союзе от 29 мая 2014 года
ЗАК	Z2400000055	Новый	О ратификации Протокола о прекращении действия Соглашения о взаимном обеспечении сохранности межгосударственных секретов в области правовой охраны изобретений от 4 июня 1999 года
ЗАК	Z2400000054	Новый	О внесении изменений и дополнений в некоторые законодательные акты Республики Казахстан по вопросам экспортно-кредитного агентства и продвижения экспорта несырьевых товаров (работ, услуг)
ЗАК	Z2400000053	Новый	О ратификации Четвертого протокола о внесении изменений в Устав Организации Договора о коллективной безопасности от 7 октября 2002 года
ЗАК	Z2300000052	Новый	О внесении изменений и дополнений в некоторые законодательные акты Республики Казахстан по вопросам недропользования и экологии
ЗАК	Z2300000050	Новый	О внесении изменений и дополнений в некоторые законодательные акты Республики Казахстан по вопросам Государственной корпорации "Правительство для граждан", международного технологического парка "Астана Хаб" и дактилоскопической регистрации
ЗАК	Z2300000051	Новый	О внесении изменений и дополнений в некоторые законодательные акты Республики Казахстан по вопросам обеспечения национальной безопасности и службы в специальных государственных органах Республики Казахстан
ЗАК	Z2300000049	Новый	О внесении изменений и дополнений в некоторые законодательные акты Республики Казахстан по вопросам общественных объединений и социальной защиты лиц, занятых на работах с вредными условиями труда
ЗАК	Z2300000047	Новый	О ратификации Факультативного протокола к Конвенции о правах ребенка, касающегося процедуры сообщений
ЗАК	Z2300000048	Новый	О ратификации Протокола о внесении изменения в Соглашение между Правительством Республики Казахстан и Правительством Российской Федерации о торгово-экономическом сотрудничестве в области поставок нефти и нефтепродуктов в Республику Казахстан от 9 декабря 2010 года
ЗАК	Z2300000045	Обновленный	О внесении изменений и дополнений в Кодекс Республики Казахстан "О налогах и других обязательных платежах в бюджет" (Налоговый кодекс) и Закон Республики Казахстан "О введении в действие Кодекса Республики Казахстан "О налогах и других обязательных платежах в бюджет" (Налоговый кодекс)"
ЗАК	Z2300000046	Новый	О внесении изменений и дополнений в некоторые законодательные акты Республики Казахстан по вопросам налогообложения
ЗАК	Z2300000044	Новый	О внесении изменений и дополнений в некоторые законодательные акты Республики Казахстан по вопросам информационной безопасности, информатизации и цифровых активов
ЗАК	Z2300000042	Обновленный	О гарантированном трансферте из Национального фонда Республики Казахстан на 2024 – 2026 годы
ЗАК	Z2300000043	Обновленный	О республиканском бюджете на 2024 – 2026 годы
ЗАК	Z2300000041	Новый	О ратификации Соглашения об осуществлении аудиторской деятельности в рамках Евразийского экономического союза
ЗАК	Z2300000040	Новый	О внесении изменений и дополнений в некоторые законодательные акты Республики Казахстан по вопросам начисления детям средств из Национального фонда Республики Казахстан, их выплат и использования
ЗАК	Z2300000039	Новый	О ратификации Соглашения между Правительством Республики Казахстан и Всемирной организацией здравоохранения об организации в Астане (Республика Казахстан) семьдесят третьей сессии Европейского регионального комитета Всемирной организации здравоохранения
ЗАК	Z2300000036	Новый	О ратификации Договора между Республикой Казахстан и Республикой Кипр о правовой помощи по уголовным делам
ЗАК	Z2300000037	Новый	О ратификации Договора между Республикой Казахстан и Республикой Кипр о выдаче
ЗАК	Z2300000038	Новый	О ратификации Соглашения об учреждении Евразийской перестраховочной компании
ЗАК	Z2300000035	Новый	О ратификации Соглашения между Правительством Республики Казахстан и Правительством Республики Узбекистан о совместном таможенном контроле при перемещении энергоресурсов через казахстанско-узбекскую таможенную границу трубопроводным транспортом и по линиям электропередачи
ЗАК	Z2300000033	Новый	О внесении изменений и дополнений в некоторые законодательные акты Республики Казахстан по вопросам государственных наград, государственной авиации, оборонной промышленности и государственного оборонного заказа
ЗАК	Z2300000034	Новый	О ратификации Соглашения о создании Тюркского инвестиционного фонда
ЗАК	Z2300000032	Новый	О ратификации Соглашения между Правительством Республики Казахстан и Правительством Китайской Народной Республики об обмене информацией в отношении граждан государств Сторон
ЗАК	Z2300000031	Обновленный	О внесении изменений и дополнений в некоторые законодательные акты Республики Казахстан по вопросам общественного контроля, совершенствования административных процедур
ЗАК	Z2300000030	Новый	Об общественном контроле
ЗАК	Z2300000027	Новый	О ратификации Соглашения по вопросам юрисдикции и оказания правовой помощи по делам, связанным с временным пребыванием формирований сил и средств системы коллективной безопасности на территориях государств – членов Организации Договора о коллективной безопасности
ЗАК	Z2300000028	Новый	О ратификации Протокола о внесении изменений в Соглашение о миротворческой деятельности Организации Договора о коллективной безопасности от 6 октября 2007 года
ЗАК	Z2300000029	Новый	О ратификации Соглашения о совместном материально-техническом и медицинском обеспечении Войск (Коллективных сил) Организации Договора о коллективной безопасности
ЗАК	Z2300000026	Новый	О ратификации Соглашения между Правительством Республики Казахстан и Правительством Турецкой Республики об организации информационного обмена и упрощении процедур таможенного контроля
ЗАК	Z2300000021	Обновленный	О возврате государству незаконно приобретенных активов
ЗАК	Z2300000023	Новый	О внесении изменений и дополнений в некоторые законодательные акты Республики Казахстан по вопросам возврата государству незаконно приобретенных активов
ЗАК	Z2300000024	Новый	О внесении изменений и дополнений в Кодекс Республики Казахстан об административных правонарушениях
ЗАК	Z2300000025	Новый	О внесении дополнения в Кодекс Республики Казахстан "О налогах и других обязательных платежах в бюджет" (Налоговый кодекс)
ЗАК	Z2300000018	Обновленный	Об онлайн-платформах и онлайн-рекламе
ЗАК	Z2300000019	Новый	О внесении изменений и дополнений в некоторые законодательные акты Республики Казахстан по вопросам онлайн-платформ и онлайн-рекламы
ЗАК	Z2300000020	Новый	О внесении изменений и дополнений в Кодекс Республики Казахстан об административных правонарушениях
ЗАК	Z2300000016	Обновленный	О Семипалатинской зоне ядерной безопасности
ЗАК	Z2300000017	Новый	О внесении изменений и дополнений в некоторые законодательные акты Республики Казахстан по вопросам Семипалатинской зоны ядерной безопасности, экологии и электроэнергетики
ЗАК	Z2300000014	Обновленный	О профессиональных квалификациях
ЗАК	Z2300000015	Новый	О внесении изменений и дополнений в некоторые законодательные акты Республики Казахстан по вопросам профессиональных квалификаций, государственных наград, социального обеспечения и образования
ЗАК	Z2300000013	Обновленный	О внесении изменений и дополнений в некоторые законодательные акты Республики Казахстан по вопросам регулирования оборота сжиженного газа и жилищно-коммунального хозяйства
ЗАК	Z2300000012	Новый	О внесении изменений и дополнений в некоторые законодательные акты Республики Казахстан по вопросам организации дорожного движения
ЗАК	Z2300000011	Новый	О ратификации Соглашения о сотрудничестве государств – участников СНГ по предупреждению и пресечению использования ложных товарных знаков и географических указаний
ЗАК	Z2300000009	Новый	О ратификации Дополнительного соглашения к Соглашению между Республикой Казахстан и Святым Престолом о взаимоотношениях от 24 сентября 1998 года
ЗАК	Z2300000010	Новый	О ратификации Протокола о внесении изменений в Соглашение по вопросам свободных (специальных, особых) экономических зон на таможенной территории таможенного союза и таможенной процедуры свободной таможенной зоны от 18 июня 2010 года
ЗАК	Z2300000008	Новый	О ратификации Факультативного протокола к Конвенции о правах инвалидов
ЗАК	Z2300000006	Новый	О ратификации Соглашения об учреждении Института Центрально-Азиатского регионального экономического сотрудничества
ЗАК	Z2300000007	Новый	О ратификации Соглашения о порядке обмена сведениями, входящими в состав кредитных историй, в рамках Евразийского экономического союза
ЗАК	Z2300000005	Новый	О ратификации Соглашения о сотрудничестве государств – участников СНГ по охране и защите прав на объекты авторского права и смежных прав в информационно-телекоммуникационных сетях
ЗАК	Z2300000004	Новый	О ратификации Соглашения об особенностях применения обеспечения исполнения обязанности по уплате таможенных пошлин, налогов, специальных, антидемпинговых, компенсационных пошлин при перевозке (транспортировке) товаров в соответствии с таможенной процедурой таможенного транзита
ЗАК	Z2300000003	Новый	О ратификации Протокола о внесении изменений и дополнений в Договор между Республикой Казахстан и Кыргызской Республикой об оказании взаимной правовой помощи по гражданским и уголовным делам от 26 августа 1996 года
ЗАК	Z2300000002	Новый	О ратификации Соглашения между Правительством Республики Казахстан и Правительством Туркменистана о режиме казахстанско-туркменской государственной границы
ЗАК	Z2300000001	Новый	О ратификации Соглашения между Правительством Республики Казахстан и Центром по чрезвычайным ситуациям и снижению риска стихийных бедствий об условиях его пребывания на территории Республики Казахстан
ЗАК	Z2300000226	Новый	О внесении изменений и дополнений в некоторые законодательные акты Республики Казахстан по вопросам социального обеспечения
ЗАК	Z2300000227	Новый	О внесении изменений и дополнений в Кодекс Республики Казахстан об административных правонарушениях
ЗАК	Z2300000223	Новый	О внесении изменений и дополнений в некоторые законодательные акты Республики Казахстан по вопросам административной реформы в Республике Казахстан
ЗАК	Z2300000221	Новый	О внесении изменений и дополнений в некоторые законодательные акты Республики Казахстан по вопросам цифровизации государственных услуг в сфере земельных отношений
ЗАК	Z2300000219	Новый	О ратификации Соглашения между Правительством Республики Казахстан и Правительством Российской Федерации о создании и функционировании филиалов организаций высшего и послевузовского образования Республики Казахстан в Российской Федерации и филиалов образовательных организаций высшего образования Российской Федерации в Республике Казахстан
ЗАК	Z2300000220	Новый	О ратификации Соглашения между Правительством Республики Казахстан и Правительством Российской Федерации о купле-продаже части доли Российской Федерации в оплаченном уставном капитале Евразийского банка развития
ЗАК	Z2300000218	Новый	О внесении изменений и дополнения в Закон Республики Казахстан "О республиканском бюджете на 2023 – 2025 годы"
ЗАК	Z2300000216	Новый	О внесении изменений и дополнений в некоторые законодательные акты Республики Казахстан по вопросам совершенствования процессуального законодательства и реформирования судебной системы
ЗАК	Z2300000217	Новый	О ратификации Договора между Республикой Казахстан и Республикой Узбекистан о демаркации казахстанско-узбекской государственной границы
ЗАК	Z2300000213	Новый	О внесении изменений и дополнений в Кодекс Республики Казахстан "О налогах и других обязательных платежах в бюджет" (Налоговый кодекс) и Закон Республики Казахстан "О введении в действие Кодекса Республики Казахстан "О налогах и других обязательных платежах в бюджет" (Налоговый кодекс)"
ЗАК	Z2300000214	Новый	О внесении изменений и дополнений в некоторые законодательные акты Республики Казахстан по вопросам государственной службы
ЗАК	Z2300000212	Новый	О внесении изменений и дополнений в некоторые законодательные акты Республики Казахстан по вопросам прав человека в сфере уголовного судопроизводства, исполнения наказания, а также предупреждения пыток и других жестоких, бесчеловечных или унижающих достоинство видов обращения
ЗАК	Z2300000207	Новый	О внесении изменений и дополнений в некоторые законодательные акты Республики Казахстан по вопросам жилищно-коммунального хозяйства
ЗАК	Z2300000208	Новый	О внесении изменений и дополнений в Кодекс Республики Казахстан об административных правонарушениях
ЗАК	Z2300000209	Новый	О ратификации Соглашения между Правительством Республики Казахстан и Правительством Азербайджанской Республики о сотрудничестве в области карантина и защиты растений
ЗАК	Z2300000210	Новый	О ратификации Протокола о внесении изменений в Договор о Евразийском экономическом союзе от 29 мая 2014 года
ЗАК	Z2300000211	Новый	О ратификации Соглашения о применении в Евразийском экономическом союзе навигационных пломб для отслеживания перевозок
ЗАК	Z2300000205	Обновленный	Об органах военной полиции
ЗАК	Z2300000206	Новый	О внесении изменений и дополнений в некоторые законодательные акты Республики Казахстан по вопросам органов военной полиции и организации обороны
ЗАК	Z2300000203	Новый	О ратификации Протокола между Правительством Республики Казахстан и Правительством Кыргызской Республики об участках деятельности пограничных представителей (карта 1:200 000)
ЗАК	Z2300000204	Новый	О ратификации Соглашения о порядке и условиях устранения технических барьеров во взаимной торговле с третьими странами
ЗАК	Z2300000202	Новый	О ратификации Соглашения о проведении совместных контрольных мероприятий по вопросам соблюдения порядка зачисления и распределения сумм ввозных таможенных пошлин (иных пошлин, налогов и сборов, имеющих эквивалентное действие), их перечисления в доход бюджетов государств – членов Евразийского экономического союза
ЗАК	Z2300000199	Новый	О внесении изменений и дополнений в некоторые законодательные акты Республики Казахстан по вопросам упрощения порядка разрешения трудовых споров и конфликтов
ЗАК	Z2300000200	Новый	О ратификации Договора между Республикой Казахстан и Французской Республикой о взаимной правовой помощи по уголовным делам
ЗАК	Z2300000201	Новый	О ратификации Договора между Республикой Казахстан и Республикой Узбекистан о передаче лиц, осужденных к лишению свободы, для дальнейшего отбывания наказания
ЗАК	Z2300000197	Новый	О ратификации Протокола о внесении изменения в Протокол об условиях и переходных положениях по применению Кыргызской Республикой Договора о Евразийском экономическом союзе от 29 мая 2014 года, отдельных международных договоров, входящих в право Евразийского экономического союза, и актов органов Евразийского экономического союза в связи с присоединением Кыргызской Республики к Договору о Евразийском экономическом союзе от 29 мая 2014 года, подписанный 8 мая 2015 г.
ЗАК	Z2300000193	Обновленный	О цифровых активах в Республике Казахстан
ЗАК	Z2300000191	Новый	О ратификации Протокола о внесении изменения в Соглашение о единых принципах и правилах обращения медицинских изделий (изделий медицинского назначения и медицинской техники) в рамках Евразийского экономического союза от 23 декабря 2014 года
ЗАК	Z2300000192	Новый	О ратификации Протокола о внесении изменения в Соглашение о единых принципах и правилах обращения медицинских изделий (изделий медицинского назначения и медицинской техники) в рамках Евразийского экономического союза от 23 декабря 2014 года
ЗАК	Z2300000194	Новый	О внесении изменений и дополнений в некоторые законодательные акты Республики Казахстан по вопросам цифровых активов и информатизации
ЗАК	Z2300000195	Новый	О внесении изменений и дополнений в Кодекс Республики Казахстан об административных правонарушениях
ЗАК	Z2300000196	Новый	О внесении изменений и дополнений в Кодекс Республики Казахстан "О налогах и других обязательных платежах в бюджет" (Налоговый кодекс) и Закон Республики Казахстан "О введении в действие Кодекса Республики Казахстан "О налогах и других обязательных платежах в бюджет" (Налоговый кодекс)"
ЗАК	Z2300000190	Новый	О ратификации Соглашения между Правительством Республики Казахстан и Правительством Китайской Народной Республики о сотрудничестве в области авиационного поиска и спасания гражданских воздушных судов
ЗАК	Z2300000189	Новый	О ратификации Соглашения между Правительством Республики Казахстан и Федеральным Советом Швейцарской Конфедерации по взаимному признанию пробирного клейма на изделиях из драгоценных металлов
ЗАК	Z2300000188	Обновленный	О внесении изменений и дополнений в некоторые законодательные акты Республики Казахстан по вопросам противодействия коррупции и обеспечения безопасности лиц, подлежащих государственной защите
ЗАК	Z2300000185	Новый	О внесении изменений и дополнений в некоторые законодательные акты Республики Казахстан по вопросам сохранения и воспроизводства казахских пород собак
ЗАК	Z2300000186	Новый	О внесении изменений и дополнений в Уголовный и Уголовно-процессуальный кодексы Республики Казахстан по вопросам усиления ответственности за экологические правонарушения и проявления вандализма
ЗАК	Z2300000187	Новый	О внесении изменений и дополнений в Кодекс Республики Казахстан об административных правонарушениях по вопросам усиления административной ответственности за экологические правонарушения и проявления вандализма
ЗАК	Z2300000183	Обновленный	О растительном мире
ЗАК	Z2300000184	Новый	О внесении изменений и дополнений в некоторые законодательные акты Республики Казахстан по вопросам растительного мира и особо охраняемых природных территорий
ЗАК	Z2300000181	Обновленный	О развитии агломераций
ЗАК	Z2300000182	Новый	О внесении изменений и дополнений в некоторые законодательные акты Республики Казахстан по вопросам развития агломераций
ЗАК	Z2200000178	Обновленный	О восстановлении платежеспособности и банкротстве граждан Республики Казахстан
ЗАК	Z2200000177	Обновленный	О внесении изменений и дополнений в некоторые законодательные акты Республики Казахстан по вопросам реализации отдельных поручений Главы государства
ЗАК	Z2200000179	Новый	О внесении изменений и дополнений в некоторые законодательные акты Республики Казахстан по вопросам восстановления платежеспособности и банкротства граждан Республики Казахстан
ЗАК	Z2200000180	Новый	О внесении изменений и дополнений в Кодекс Республики Казахстан об административных правонарушениях по вопросам восстановления платежеспособности и банкротства граждан Республики Казахстан
ЗАК	Z2200000174	Обновленный	О внесении изменений и дополнений в некоторые законодательные акты Республики Казахстан по вопросам транспорта и недропользования
ЗАК	Z2200000175	Новый	О внесении изменений в Уголовно-процессуальный кодекс Республики Казахстан по расширению категорий дел, рассматриваемых судом с участием присяжных заседателей
ЗАК	Z2200000172	Обновленный	О контроле специфических товаров
ЗАК	Z2200000169	Новый	О ратификации Соглашения между Правительством Республики Казахстан и Правительством Республики Узбекистан о сотрудничестве в области предупреждения и ликвидации чрезвычайных ситуаций
ЗАК	Z2200000170	Новый	О ратификации Соглашения между Правительством Республики Казахстан и Правительством Туркменистана о сотрудничестве в области гражданской обороны, предупреждения и ликвидации чрезвычайных ситуаций
ЗАК	Z2200000171	Новый	О ратификации Соглашения между Правительством Республики Казахстан и Правительством Объединенных Арабских Эмиратов о поощрении и взаимной защите инвестиций
ЗАК	Z2200000173	Новый	О внесении изменений и дополнений в некоторые законодательные акты Республики Казахстан по вопросам контроля специфических товаров
ЗАК	Z2200000168	Новый	О внесении изменений и дополнений в некоторые законодательные акты Республики Казахстан по вопросам государственной молодежной политики и социального обеспечения
ЗАК	Z2200000166	Обновленный	О геодезии, картографии и пространственных данных
ЗАК	Z2200000165	Новый	О внесении изменений и дополнений в Кодекс Республики Казахстан "О налогах и других обязательных платежах в бюджет" (Налоговый кодекс) и Закон Республики Казахстан "О введении в действие Кодекса Республики Казахстан "О налогах и других обязательных платежах в бюджет" (Налоговый кодекс)"
ЗАК	Z2200000167	Новый	О внесении изменений и дополнений в некоторые законодательные акты Республики Казахстан по вопросам геодезии, картографии и пространственных данных
ЗАК	Z2200000163	Обновленный	О республиканском бюджете на 2023 – 2025 годы
ЗАК	Z2200000161	Новый	Об объемах трансфертов общего характера между республиканским и областными бюджетами, бюджетами городов республиканского значения, столицы на 2023 – 2025 годы
ЗАК	Z2200000162	Новый	О ратификации Соглашения о займе (Заем на финансирование политики развития, основанное на частном секторе, и более устойчивое восстановление экономики) между Республикой Казахстан и Международным Банком Реконструкции и Развития
ЗАК	Z2200000164	Новый	О ратификации Соглашения между Правительством Республики Казахстан и Швейцарским Федеральным Советом об оплачиваемой трудовой деятельности членов семей сотрудников дипломатических представительств, постоянных представительств при международных организациях и консульских учреждений
ЗАК	Z2200000160	Обновленный	О ратификации Соглашения о принципах и подходах осуществления государственного контроля (надзора) за соблюдением требований технических регламентов Евразийского экономического союза в целях гармонизации законодательства государств – членов Евразийского экономического союза в указанной сфере
ЗАК	Z2200000159	Утративший силу	О гарантированном трансферте из Национального фонда Республики Казахстан на 2023 – 2025 годы
ЗАК	Z2200000157	Новый	О внесении изменений и дополнений в некоторые законодательные акты Республики Казахстан по вопросам реализации Послания Главы государства от 16 марта 2022 года
ЗАК	Z2200000158	Новый	О внесении изменений и дополнений в Кодекс Республики Казахстан об административных правонарушениях
ЗАК	Z2200000150	Новый	О ратификации Договора между Республикой Казахстан и Туркменистаном о делимитации казахстанско-туркменской государственной границы и разграничении смежных участков рыболовных зон на Каспийском море
ЗАК	Z2200000151	Новый	О ратификации Протокола о внесении изменений в Договор о Евразийском экономическом союзе от 29 мая 2014 года в части пенсионного обеспечения должностных лиц и сотрудников Евразийской экономической комиссии и Суда Евразийского экономического союза, являющихся гражданами Российской Федерации
ЗАК	Z2200000152	Новый	Об амнистии
ЗАК	Z2200000148	Новый	О ратификации Протокола о внесении изменений в Договор о противодействии легализации (отмыванию) доходов, полученных преступным путем, и финансированию терроризма при перемещении наличных денежных средств и (или) денежных инструментов через таможенную границу Таможенного союза от 19 декабря 2011 года
ЗАК	Z2200000149	Новый	О ратификации Соглашения об обмене информацией в сфере противодействия легализации (отмыванию) доходов, полученных преступным путем, и финансированию терроризма при перемещении наличных денежных средств и (или) денежных инструментов через таможенную границу Евразийского экономического союза
ЗАК	Z2200000147	Новый	О ратификации Соглашения об учреждении Института глобального зеленого роста
ЗАК	Z2200000146	Новый	О ратификации Протокола к Временному соглашению, ведущему к образованию зоны свободной торговли между Евразийским экономическим союзом и его государствами-членами, с одной стороны, и Исламской Республикой Иран, с другой стороны, от 17 мая 2018 года
ЗАК	Z2200000144	Новый	О внесении изменений и дополнений в некоторые законодательные акты Республики Казахстан по вопросам племенного животноводства и оборота биотоплива
ЗАК	Z2200000145	Новый	О ратификации Протокола о внесении изменений в Договор о Евразийском экономическом союзе от 29 мая 2014 года в части уточнения механизма формирования кадрового состава Евразийской экономической комиссии
ЗАК	Z2200000143	Новый	О внесении изменений и дополнений в некоторые законодательные акты Республики Казахстан по вопросам кинематографии, культуры и праздников
ЗАК	Z2200000142	Новый	О внесении изменений и дополнения в Конституцию Республики Казахстан
ЗАК	Z2200000141	Новый	О внесении изменений и дополнений в некоторые законодательные акты Республики Казахстан по вопросам стимулирования инноваций, развития цифровизации, информационной безопасности и образования
ЗАК	Z2200000138	Новый	О внесении изменений и дополнений в некоторые законодательные акты Республики Казахстан по вопросам регулирования и развития страхового рынка и рынка ценных бумаг, банковской деятельности
ЗАК	Z2200000139	Новый	О внесении изменений и дополнений в некоторые законодательные акты Республики Казахстан по вопросам противодействия деятельности финансовых (инвестиционных) пирамид
ЗАК	Z2200000140	Новый	О внесении дополнения в Кодекс Республики Казахстан об административных правонарушениях по вопросам противодействия деятельности финансовых (инвестиционных) пирамид
ЗАК	Z2200000135	Новый	О внесении изменений и дополнений в Кодекс Республики Казахстан "О налогах и других обязательных платежах в бюджет" (Налоговый кодекс) и Закон Республики Казахстан "О введении в действие Кодекса Республики Казахстан "О налогах и других обязательных платежах в бюджет" (Налоговый кодекс)"
ЗАК	Z2200000136	Новый	О внесении изменений и дополнений в некоторые законодательные акты Республики Казахстан по вопросам совершенствования порядка прохождения правоохранительной службы, повышения правовой и социальной защищенности и ответственности сотрудников правоохранительных, специальных государственных органов и военнослужащих, межведомственной координации, самостоятельности органов внутренних дел, усиления ответственности за отдельные уголовные правонарушения и оборота оружия
ЗАК	Z2200000137	Новый	О внесении изменений и дополнений в Кодекс Республики Казахстан об административных правонарушениях
ЗАК	Z2200000133	Новый	О внесении изменений и дополнений в некоторые законодательные акты Республики Казахстан по вопросам развития рынка стрессовых активов
ЗАК	Z2200000134	Новый	О внесении изменений и дополнений в некоторые законодательные акты Республики Казахстан по вопросам волонтерской деятельности, благотворительности, государственного социального заказа, государственного заказа на реализацию стратегического партнерства, грантов и премий для неправительственных организаций, лекарственного и социального обеспечения
ЗАК	Z2200000131	Новый	О внесении изменений и дополнений в некоторые законодательные акты Республики Казахстан по вопросам противодействия легализации (отмыванию) доходов, полученных преступным путем, и финансированию терроризма, а также государственного ценового регулирования
ЗАК	Z2200000132	Новый	О внесении изменений и дополнений в Кодекс Республики Казахстан об административных правонарушениях по вопросам противодействия легализации (отмыванию) доходов, полученных преступным путем, и финансированию терроризма
ЗАК	Z2200000130	Новый	О внесении изменений и дополнений в некоторые законодательные акты Республики Казахстан по вопросам электроэнергетики, энергосбережения и повышения энергоэффективности, недропользования, местного государственного управления, государственной границы, жилищно-коммунального хозяйства и науки
ЗАК	Z2200000129	Новый	О внесении изменений и дополнений в некоторые законодательные акты Республики Казахстан по вопросам улучшения качества жизни лиц с инвалидностью
ЗАК	Z2200000128	Новый	О внесении изменений и дополнений в некоторые законодательные акты Республики Казахстан по вопросам совершенствования законодательства в сферах интеллектуальной собственности и оказания гарантированной государством юридической помощи
ЗАК	Z2200000124	Новый	О ратификации Протокола о прекращении действия Соглашения между правительствами государств – участников Содружества Независимых Государств о согласованных принципах налоговой политики от 13 марта 1992 года
ЗАК	Z2200000125	Новый	О ратификации Соглашения между Правительством Республики Казахстан и Правительством Китайской Народной Республики по взаимодействию в предотвращении незаконного перемещения ядерных материалов, радиоактивных материалов, радиоактивных отходов и радиационно-опасных предметов
ЗАК	Z2200000126	Новый	О ратификации Соглашения между Правительством Республики Казахстан и Кабинетом Министров Кыргызской Республики об оказании военно-технического содействия в обеспечении безопасности Центральноазиатского региона
ЗАК	Z2200000127	Новый	О ратификации Соглашения между Правительством Республики Казахстан и Правительством Республики Армения о торгово-экономическом сотрудничестве в области поставок нефтепродуктов в Республику Армения
ЗАК	Z220000001K	Новый	О внесении изменений и дополнений в Конституцию Республики Казахстан
ЗАК	Z2200000122	Обновленный	О биологической безопасности Республики Казахстан
ЗАК	Z2200000123	Новый	О внесении изменений и дополнений в некоторые законодательные акты Республики Казахстан по вопросам биологической безопасности
ЗАК	Z2200000120	Новый	О внесении изменения в Закон Республики Казахстан "О гарантированном трансферте из Национального фонда Республики Казахстан на 2022 – 2024 годы"
ЗАК	Z2200000121	Новый	О внесении изменений и дополнений в Закон Республики Казахстан "О республиканском бюджете на 2022 – 2024 годы"
ЗАК	Z2200000117	Новый	О ратификации Соглашения между Правительством Республики Казахстан и Тюркской Академией об условиях и порядке размещения Тюркской Академии
ЗАК	Z2200000118	Новый	О внесении изменений и дополнений в некоторые законодательные акты Республики Казахстан по вопросам защиты прав ребенка, образования, информации и информатизации
ЗАК	Z2200000116	Новый	О ратификации Конвенции Организации Объединенных Наций о международных мировых соглашениях, достигнутых в результате медиации
ЗАК	Z2200000115	Новый	О ратификации Конвенции о работе на условиях неполного рабочего времени (Конвенция 175)
ЗАК	Z2200000114	Новый	О внесении изменений и дополнений в некоторые законодательные акты Республики Казахстан по вопросам воинской службы и жилищных отношений сотрудников специальных государственных органов и военнослужащих
ЗАК	Z2200000113	Новый	О ратификации Соглашения о взаимной правовой помощи по административным вопросам в сфере обмена персональными данными
ЗАК	Z2200000112	Новый	О ратификации Соглашения о трансграничном перемещении опасных отходов по таможенной территории Евразийского экономического союза
ЗАК	Z2200000111	Новый	О ратификации Договора между Республикой Казахстан и Российской Федерацией о военном сотрудничестве
ЗАК	Z2200000109	Новый	О ратификации Протокола о внесении изменений в Договор о Евразийском экономическом союзе от 29 мая 2014 года (в части формирования общего электроэнергетического рынка Евразийского экономического союза)
ЗАК	Z2200000110	Новый	О ратификации Протокола о внесении изменений в Соглашение о порядке защиты конфиденциальной информации и ответственности за ее разглашение при осуществлении Евразийской экономической комиссией полномочий по контролю за соблюдением единых правил конкуренции от 12 ноября 2014 года
ЗАК	Z2200000108	Новый	О ратификации Соглашения между Правительством Республики Казахстан и Правительством Соединенных Штатов Америки о совершенствовании международной налоговой дисциплины
ЗАК	Z2200000107	Новый	О внесении изменений и дополнений в Закон Республики Казахстан "О международных договорах Республики Казахстан"
ЗАК	Z2200000106	Новый	О внесении изменений в некоторые законодательные акты Республики Казахстан
ЗАК	Z2200000104	Новый	О ратификации Соглашения о сотрудничестве по созданию и применению стандартных образцов состава и свойств веществ и материалов
ЗАК	Z2200000102	Новый	О ратификации Соглашения между Правительством Республики Казахстан и Правительством Российской Федерации о реализации проекта "Строительство и эксплуатация завода по выпуску минеральных удобрений"
ЗАК	Z2200000103	Новый	О ратификации Соглашения между Правительством Республики Казахстан и Правительством Соединенных Штатов Америки о воздушном сообщении
ЗАК	Z2200000101	Обновленный	О внесении изменений и дополнений в некоторые законодательные акты Республики Казахстан по вопросам развития конкуренции
ЗАК	Z2100000100	Обновленный	О внесении изменений и дополнений в некоторые законодательные акты Республики Казахстан по вопросам государственного управления, совершенствования залоговой политики банков второго уровня, регулирования оценочной деятельности и исполнительного производства
ЗАК	Z2100000097	Обновленный	Об ответственном обращении с животными
ЗАК	Z2100000095	Обновленный	О внесении изменений и дополнений в некоторые законодательные акты Республики Казахстан по вопросам внедрения новой регуляторной политики в сфере предпринимательской деятельности и перераспределения отдельных функций органов внутренних дел Республики Казахстан
ЗАК	Z2100000096	Новый	О внесении изменений и дополнений в некоторые законодательные акты Республики Казахстан по вопросам торговой деятельности, развития биржевой торговли и защиты персональных данных
ЗАК	Z2100000098	Новый	О внесении изменений и дополнений в некоторые законодательные акты Республики Казахстан по вопросам ответственного обращения с животными
ЗАК	Z2100000099	Новый	О внесении изменений и дополнений в Кодекс Республики Казахстан об административных правонарушениях по вопросам ответственного обращения с животными
ЗАК	Z2100000090	Утративший силу	Об Уполномоченном по правам человека в Республике Казахстан
ЗАК	Z2100000089	Новый	О внесении изменений и дополнения в некоторые законодательные акты Республики Казахстан по вопросу отмены смертной казни
ЗАК	Z2100000091	Новый	О внесении изменений и дополнений в некоторые законодательные акты Республики Казахстан по вопросам деятельности Уполномоченного по правам человека в Республике Казахстан
ЗАК	Z2100000092	Новый	О внесении изменений и дополнений в Кодекс Республики Казахстан об административных правонарушениях по вопросам деятельности Уполномоченного по правам человека в Республике Казахстан
ЗАК	Z2100000093	Новый	О внесении дополнения в Кодекс Республики Казахстан "О налогах и других обязательных платежах в бюджет" (Налоговый кодекс) по вопросам деятельности Уполномоченного по правам человека в Республике Казахстан
ЗАК	Z2100000094	Новый	О внесении изменений и дополнений в некоторые законодательные акты Республики Казахстан по вопросам визуальной информации и религиозной деятельности
ЗАК	Z2100000086	Обновленный	О промышленной политике
ЗАК	Z2100000088	Обновленный	О внесении изменений и дополнений в некоторые законодательные акты Республики Казахстан по вопросам внедрения трехзвенной модели с разграничением полномочий и зон ответственности между правоохранительными органами, прокуратурой и судом
ЗАК	Z2100000087	Новый	О внесении изменений и дополнений в некоторые законодательные акты Республики Казахстан по вопросам промышленной политики
ЗАК	Z2100000083	Новый	О внесении изменений и дополнений в некоторые законодательные акты Республики Казахстан по вопросам судебной системы
ЗАК	Z2100000084	Новый	О внесении изменений и дополнений в некоторые законодательные акты Республики Казахстан по вопросам совершенствования гражданского процессуального законодательства и развития институтов внесудебного и досудебного урегулирования споров
ЗАК	Z2100000085	Новый	О внесении изменений и дополнений в Кодекс Республики Казахстан "О налогах и других обязательных платежах в бюджет" (Налоговый кодекс) и Закон Республики Казахстан "О введении в действие Кодекса Республики Казахстан "О налогах и других обязательных платежах в бюджет" (Налоговый кодекс)"
ЗАК	Z2100000081	Новый	Об амнистии в связи с тридцатилетием Независимости Республики Казахстан
ЗАК	Z2100000077	Обновленный	О республиканском бюджете на 2022 – 2024 годы
ЗАК	Z2100000078	Новый	О ратификации Соглашения между Правительством Республики Казахстан и Правительством Кыргызской Республики об оказании безвозмездной военно-технической помощи
ЗАК	Z2100000079	Новый	О ратификации Соглашения между Правительством Республики Казахстан и Правительством Республики Таджикистан об оказании безвозмездной военно-технической помощи
ЗАК	Z2100000080	Новый	О ратификации Соглашения между Правительством Республики Казахстан и Правительством Республики Таджикистан об оказании военно-технического содействия в обеспечении безопасности в прилегающих районах таджикско-афганской границы
ЗАК	Z2100000076	Утративший силу	О гарантированном трансферте из Национального фонда Республики Казахстан на 2022 – 2024 годы
ЗАК	Z2100000075	Новый	О внесении изменений и дополнений в некоторые законодательные акты Республики Казахстан по вопросам перераспределения полномочий между уровнями государственного управления
ЗАК	Z2100000074	Новый	О ратификации Протокола о внесении изменений и дополнений в Соглашение между Правительством Республики Казахстан и Правительством Российской Федерации о создании на космодроме "Байконур" космического ракетного комплекса "Байтерек" от 22 декабря 2004 года
ЗАК	Z2100000073	Новый	О внесении изменений и дополнений в некоторые законодательные акты Республики Казахстан по вопросам противодействия легализации (отмыванию) доходов, полученных преступным путем, и финансированию терроризма
ЗАК	Z2100000072	Новый	О внесении изменений и дополнений в некоторые законодательные акты Республики Казахстан по вопросам государственных закупок, закупок недропользователей и субъектов естественных монополий, связи, автомобильного транспорта, обороны и финансирования науки
ЗАК	Z2100000071	Новый	О ратификации Протокола по защите Каспийского моря от загрязнения из наземных источников и в результате осуществляемой на суше деятельности к Рамочной конвенции по защите морской среды Каспийского моря
ЗАК	Z2100000070	Новый	О ратификации Протокола о сохранении биологического разнообразия к Рамочной конвенции по защите морской среды Каспийского моря
ЗАК	Z2100000068	Новый	О ратификации Соглашения о Совместной (объединенной) системе связи вооруженных сил государств – участников Содружества Независимых Государств
ЗАК	Z2100000069	Новый	О ратификации Соглашения о Совместном инженерном подразделении гуманитарного разминирования вооруженных сил государств - участников Содружества Независимых Государств
ЗАК	Z2100000067	Новый	О внесении изменений и дополнений в некоторые законодательные акты Республики Казахстан по вопросам социальной защиты отдельных категорий граждан
ЗАК	Z2100000066	Исправление ошибки	О ратификации Протокола по оценке воздействия на окружающую среду в трансграничном контексте к Рамочной конвенции по защите морской среды Каспийского моря
ЗАК	Z2100000065	Новый	О ратификации Протокола о внесении изменений в Договор о Евразийском экономическом союзе от 29 мая 2014 года в связи с присоединением к нему Республики Армения
ЗАК	Z2100000064	Новый	О ратификации Протокола о внесении изменений в Договор о Евразийском экономическом союзе от 29 мая 2014 года в связи с присоединением к нему Кыргызской Республики
ЗАК	Z2100000062	Новый	О внесении изменений и дополнений в некоторые законодательные акты Республики Казахстан по вопросам усиления борьбы с рейдерством, защиты предпринимательской деятельности от незаконного вмешательства государственных органов и должностных лиц и усиления мер, препятствующих нелегальному обороту драгоценных металлов
ЗАК	Z2100000063	Новый	О внесении изменений и дополнений в Кодекс Республики Казахстан об административных правонарушениях
ЗАК	Z2100000061	Новый	О внесении изменений и дополнений в Трудовой кодекс Республики Казахстан по вопросам совершенствования правового регулирования дистанционной работы
ЗАК	Z2100000059	Новый	О внесении изменений и дополнений в некоторые законодательные акты Республики Казахстан по вопросам развития земельных отношений
ЗАК	Z2100000060	Новый	О внесении изменений и дополнений в некоторые законодательные акты Республики Казахстан по вопросам расширения самостоятельности и ответственности районных, городских и сельских уровней власти
ЗАК	Z2100000057	Обновленный	О государственной фельдъегерской связи
ЗАК	Z2100000058	Обновленный	О внесении изменений и дополнений в некоторые законодательные акты Республики Казахстан по вопросам деятельности государственной фельдъегерской связи и органов внутренних дел
ЗАК	Z2100000056	Новый	О внесении изменений и дополнений в некоторые законодательные акты Республики Казахстан по вопросам инклюзивного образования
ЗАК	Z2100000052	Новый	О внесении изменений и дополнений в некоторые законодательные акты Республики Казахстан по вопросам предпринимательства, социального предпринимательства и обязательного социального медицинского страхования
ЗАК	Z2100000053	Новый	О внесении изменений и дополнений в Кодекс Республики Казахстан "О налогах и других обязательных платежах в бюджет" (Налоговый кодекс) и Закон Республики Казахстан "О введении в действие Кодекса Республики Казахстан "О налогах и других обязательных платежах в бюджет" (Налоговый кодекс)"
ЗАК	Z2100000054	Новый	О ратификации Протокола о внесении изменения в Договор аренды комплекса "Байконур" между Правительством Республики Казахстан и Правительством Российской Федерации от 10 декабря 1994 года
ЗАК	Z2100000055	Новый	О ратификации Соглашения между Правительством Республики Казахстан и Правительством Российской Федерации о сотрудничестве по осуществлению пусков с космодрома "Байконур" ракет-носителей типа "Союз-2" для запусков космических аппаратов в северном направлении на приполярные орбиты
ЗАК	Z2100000051	Новый	О ратификации Соглашения между Правительством Республики Казахстан и Правительством Азербайджанской Республики о сотрудничестве в области миграции
ЗАК	Z2100000050	Новый	О ратификации Протокола о внесении изменений в Договор о Евразийском экономическом союзе от 29 мая 2014 года
ЗАК	Z2100000049	Новый	О внесении изменений и дополнений в некоторые законодательные акты Республики Казахстан по вопросам адвокатской деятельности и юридической помощи
ЗАК	Z2100000047	Обновленный	О закупках отдельных субъектов квазигосударственного сектора
ЗАК	Z2100000048	Новый	О внесении изменений и дополнений в некоторые законодательные акты Республики Казахстан по вопросам закупок отдельных субъектов квазигосударственного сектора
ЗАК	Z2100000045	Новый	О ратификации Протокола о внесении изменений в Договор о присоединении Республики Армения к Договору о Евразийском экономическом союзе от 29 мая 2014 года от 10 октября 2014 года
ЗАК	Z2100000046	Новый	О ратификации Протокола о внесении изменений в Протокол об условиях и переходных положениях по применению Кыргызской Республикой Договора о Евразийском экономическом союзе от 29 мая 2014 года, отдельных международных договоров, входящих в право Евразийского экономического союза, и актов органов Евразийского экономического союза в связи с присоединением Кыргызской Республики к Договору о Евразийском экономическом союзе от 29 мая 2014 года от 8 мая 2015 года
ЗАК	Z2100000042	Новый	О внесении изменений и дополнений в некоторые законодательные акты Республики Казахстан по вопросам выборов
ЗАК	Z2100000043	Новый	О внесении изменений и дополнений в некоторые законодательные акты Республики Казахстан по вопросам регулирования банковской, микрофинансовой и коллекторской деятельности в Республике Казахстан
ЗАК	Z2100000044	Новый	О внесении изменений и дополнений в Закон Республики Казахстан "О республиканском бюджете на 2021 – 2023 годы"
ЗАК	Z2100000039	Новый	О внесении изменений и дополнений в некоторые законодательные акты Республики Казахстан по вопросам земельных отношений
ЗАК	Z2100000040	Новый	О ратификации Соглашения о порядке обращения в рамках Евразийского экономического союза продукции, требования к которой не установлены техническими регламентами Евразийского экономического союза, и правилах обеспечения безопасности такой продукции
ЗАК	Z2100000036	Новый	О ратификации Договора между Республикой Казахстан и Республикой Северная Македония о взаимной правовой помощи по уголовным делам
ЗАК	Z2100000037	Новый	О ратификации Договора между Республикой Казахстан и Республикой Северная Македония о выдаче лиц
ЗАК	Z2100000038	Новый	О ратификации Договора между Республикой Казахстан и Республикой Северная Македония о передаче осужденных лиц
ЗАК	Z2100000034	Обновленный	О внесении изменений и дополнений в некоторые законодательные акты Республики Казахстан по вопросам туристской деятельности
ЗАК	Z2100000035	Новый	О ратификации Соглашения между Правительством Республики Казахстан и Правительством Кыргызской Республики о сотрудничестве в области миграции
ЗАК	Z2100000031	Новый	О ратификации Соглашения о распространении документов по межгосударственной стандартизации
ЗАК	Z2100000032	Новый	О ратификации Конвенции государств – участников Содружества Независимых Государств о передаче исполнения наказаний, не связанных с лишением свободы
ЗАК	Z2100000033	Новый	О ратификации Соглашения об особенностях осуществления операций с драгоценными металлами и драгоценными камнями в рамках Евразийского экономического союза
ЗАК	Z2100000026	Новый	О внесении изменений и дополнений в некоторые законодательные акты Республики Казахстан по вопросам промышленной безопасности, индустриальных зон, животного мира, особо охраняемых природных территорий, энергетики, естественных монополий и жилищных выплат сотрудникам органов внутренних дел
ЗАК	Z2100000027	Новый	О ратификации Соглашения о принципах ведения налоговой политики в области акцизов на табачную продукцию государств - членов Евразийского экономического союза
ЗАК	Z2100000028	Новый	О ратификации Договора о товарных знаках, знаках обслуживания и наименованиях мест происхождения товаров Евразийского экономического союза
ЗАК	Z2100000029	Новый	О ратификации Протокола о внесении изменений в Соглашение о сотрудничестве государств - участников Содружества Независимых Государств в борьбе с хищениями автотранспортных средств и обеспечении их возврата от 25 ноября 2005 года
ЗАК	Z2100000030	Новый	О ратификации Договора между Республикой Казахстан и Республикой Болгария о передаче осужденных лиц
ЗАК	Z2100000024	Новый	О внесении изменений и дополнений в некоторые законодательные акты Республики Казахстан по вопросам науки
ЗАК	Z2100000025	Новый	О ратификации Найробийской международной конвенции об удалении затонувших судов 2007 года
ЗАК	Z2100000020	Новый	О внесении изменений и дополнений в некоторые законодательные акты Республики Казахстан по вопросам модернизации судебной системы
ЗАК	Z2100000021	Новый	О внесении изменений в Кодекс Республики Казахстан об административных правонарушениях
ЗАК	Z2100000022	Новый	О ратификации Соглашения о мерах, направленных на унификацию проведения селекционно-племенной работы с сельскохозяйственными животными в рамках Евразийского экономического союза
ЗАК	Z2100000023	Новый	О ратификации Протокола о внесении изменений в Договор об Объединенной коллегии таможенных служб государств-членов Таможенного союза от 22 июня 2011 года
ЗАК	Z2100000018	Новый	О внесении изменений и дополнения в Закон Республики Казахстан "О международных договорах Республики Казахстан"
ЗАК	Z2100000015	Новый	О внесении изменений и дополнений в некоторые законодательные акты Республики Казахстан по вопросам совершенствования нормотворчества
ЗАК	Z2100000016	Новый	О ратификации Протокола о внесении изменений в Договор между Республикой Казахстан и Монголией о взаимной правовой помощи по гражданским и уголовным делам от 22 октября 1993 года
ЗАК	Z2100000017	Новый	О ратификации Договора между Республикой Казахстан и Республикой Корея о передаче осужденных лиц
ЗАК	Z2100000014	Новый	О внесении изменений и дополнений в Кодекс Республики Казахстан "О недрах и недропользовании" по вопросам добычи урана
ЗАК	Z2100000013	Новый	О внесении изменений и дополнений в Закон Республики Казахстан "О дипломатической службе Республики Казахстан"
ЗАК	Z2100000012	Новый	О внесении изменений и дополнений в некоторые законодательные акты Республики Казахстан по вопросам использования атомной энергии
ЗАК	Z2100000011	Обновленный	О внесении изменений и дополнений в некоторые законодательные акты Республики Казахстан по вопросам, связанным с осуществлением деятельности на Каспийском море
ЗАК	Z2100000005	Новый	О внесении изменений и дополнений в некоторые законодательные акты Республики Казахстан по вопросам нотариата
ЗАК	Z2100000006	Новый	О ратификации Протокола о внесении изменений в Договор о Евразийском экономическом союзе от 29 мая 2014 года
ЗАК	Z2100000007	Новый	О ратификации Соглашения о свободной торговле между Евразийским экономическим союзом и его государствами-членами, с одной стороны, и Республикой Сербия, с другой стороны
ЗАК	Z2100000008	Новый	О ратификации Протокола о присоединении Республики Армения к Соглашению о порядке защиты конфиденциальной информации и ответственности за ее разглашение при осуществлении Евразийской экономической комиссией полномочий по контролю за соблюдением единых правил конкуренции от 12 ноября 2014 года
ЗАК	Z2100000009	Новый	О ратификации Протокола о внесении изменений в Договор о Таможенном кодексе Евразийского экономического союза от 11 апреля 2017 года
ЗАК	Z2100000010	Новый	О ратификации Соглашения между Правительством Республики Казахстан и Организацией Объединенных Наций по вопросам образования, науки и культуры (ЮНЕСКО) о создании Международного центра сближения культур под эгидой ЮНЕСКО (категория 2)
ЗАК	Z2100000001	Новый	О внесении изменений и дополнения в некоторые законодательные акты Республики Казахстан по вопросам дорожного движения
ЗАК	Z2100000002	Новый	О ратификации Протокола о внесении изменений и дополнений в Соглашение между Правительством Республики Казахстан и Правительством Грузии о международном автомобильном сообщении от 6 марта 2007 года
ЗАК	Z2100000003	Новый	О ратификации Соглашения между Республикой Казахстан и Международной финансовой корпорацией об учреждении и деятельности офисов в Республике Казахстан
ЗАК	Z2100000004	Новый	О ратификации Соглашения о взаимодействии государств – участников СНГ по обеспечению готовности на случай ядерной аварии или возникновения радиационной аварийной ситуации и взаимопомощи при ликвидации их последствий
ЗАК	Z2100000412	Новый	О внесении изменений и дополнений в некоторые законодательные акты Республики Казахстан по вопросам государственной регистрации прав на недвижимое имущество и юридических лиц
ЗАК	Z2100000411	Новый	О внесении изменений и дополнений в Водный кодекс Республики Казахстан по вопросам разграничения полномочий между местными представительными, центральными и местными исполнительными органами по субсидированию питьевого водоснабжения
ЗАК	Z2100000410	Новый	О внесении изменений и дополнений в некоторые законодательные акты Республики Казахстан по вопросам образования
ЗАК	Z2100000407	Новый	О внесении изменений и дополнений в некоторые законодательные акты Республики Казахстан по вопросам таможенного регулирования и предпринимательской деятельности
ЗАК	Z2100000408	Новый	О внесении изменений и дополнений в некоторые законодательные акты Республики Казахстан по вопросам ветеринарии
ЗАК	Z2100000409	Новый	О внесении изменений в некоторые законодательные акты Республики Казахстан по вопросам хлопковой отрасли и признании утратившим силу Закона Республики Казахстан "О развитии хлопковой отрасли"
ЗАК	Z2100000406	Новый	О внесении изменений и дополнений в некоторые законодательные акты Республики Казахстан по вопросам деятельности общественных советов
ЗАК	Z2100000404	Обновленный	О ратификации Второго Факультативного Протокола к Международному пакту о гражданских и политических правах, направленного на отмену смертной казни
ЗАК	Z2100000399	Новый	О внесении изменений и дополнений в некоторые законодательные акты Республики Казахстан по вопросам восстановления экономического роста
ЗАК	Z2100000401	Новый	О внесении изменений и дополнений в некоторые законодательные акты Республики Казахстан по вопросам экологии
ЗАК	Z2100000402	Новый	О внесении изменений и дополнений в Кодекс Республики Казахстан "О налогах и других обязательных платежах в бюджет" (Налоговый кодекс) и Закон Республики Казахстан "О введении в действие Кодекса Республики Казахстан "О налогах и других обязательных платежах в бюджет" (Налоговый кодекс)" по вопросам экологии
ЗАК	Z2100000403	Новый	О внесении изменений и дополнений в Кодекс Республики Казахстан об административных правонарушениях по вопросам экологии
ЗАК	Z2100000405	Новый	О внесении изменений и дополнений в некоторые законодательные акты Республики Казахстан по вопросам охранной деятельности
ЗАК	Z2000000396	Обновленный	О техническом регулировании
ЗАК	Z2000000397	Обновленный	О внесении изменений и дополнений в некоторые законодательные акты Республики Казахстан по вопросам технического регулирования, предпринимательства, совершенствования системы государственного управления и платежей
ЗАК	Z2000000393	Новый	О внесении изменений и дополнений в некоторые законодательные акты Республики Казахстан по вопросу реализации отдельных положений Послания Главы государства народу Казахстана от 1 сентября 2020 года "Казахстан в новой реальности: время действий"
ЗАК	Z2000000394	Новый	О внесении изменений и дополнений в некоторые законодательные акты Республики Казахстан по вопросам информации
ЗАК	Z2000000395	Новый	О внесении изменений и дополнений в некоторые законодательные акты Республики Казахстан по вопросам культуры, физической культуры и спорта
ЗАК	Z2000000398	Новый	О ратификации Соглашения между Правительством Республики Казахстан и Правительством Объединенных Арабских Эмиратов о взаимном предоставлении в безвозмездное пользование земельных участков в городе Астане и городе Абу Даби для нужд Посольства Республики Казахстан в Объединенных Арабских Эмиратах и Посольства Объединенных Арабских Эмиратов в Республике Казахстан
ЗАК	Z2000000391	Обновленный	О внесении изменений и дополнений в Бюджетный кодекс Республики Казахстан
ЗАК	Z2000000387	Новый	О ратификации Соглашения о займе (Обычные операции) (Активные меры по борьбе с СOVID-19 и программа поддержки расходов) между Республикой Казахстан и Азиатским Банком Развития
ЗАК	Z2000000388	Новый	О ратификации Соглашения о займе (Активные меры по борьбе с СOVID-19 и программа поддержки расходов) между Республикой Казахстан и Азиатским Банком Инфраструктурных Инвестиций
ЗАК	Z2000000389	Новый	О ратификации Протокола о внесении изменений в Соглашение о порядке таможенного оформления и таможенного контроля товаров, перемещаемых между государствами – участниками Соглашения о создании зоны свободной торговли, от 8 октября 1999 года
ЗАК	Z2000000390	Новый	О внесении дополнений в Закон Республики Казахстан "О зерне"
ЗАК	Z2000000384	Новый	О внесении изменений и дополнений в некоторые законодательные акты Республики Казахстан по вопросам усиления защиты прав граждан в уголовном процессе и противодействия коррупции
ЗАК	Z2000000385	Новый	О внесении изменений и дополнений в некоторые законодательные акты Республики Казахстан по вопросам урегулирования сроков задержания при выдворении лиц за пределы Республики Казахстан
ЗАК	Z2000000386	Новый	О внесении изменений и дополнений в некоторые законодательные акты Республики Казахстан по вопросам оказания услуг по предоставлению персонала
ЗАК	Z2000000383	Новый	О внесении изменений и дополнений в Закон Республики Казахстан "Об административно-территориальном устройстве Республики Казахстан"
ЗАК	Z2000000382	Обновленный	О внесении изменений и дополнений в Кодекс Республики Казахстан "О налогах и других обязательных платежах в бюджет" (Налоговый кодекс) и Закон Республики Казахстан "О введении в действие Кодекса Республики Казахстан "О налогах и других обязательных платежах в бюджет" (Налоговый кодекс)"
ЗАК	Z2000000380	Новый	О внесении изменений и дополнений в некоторые законодательные акты Республики Казахстан по вопросам поддержки использования возобновляемых источников энергии и электроэнергетики
ЗАК	Z2000000381	Новый	О ратификации Соглашения о пенсионном обеспечении трудящихся государств – членов Евразийского экономического союза
ЗАК	Z2000000379	Обновленный	О республиканском бюджете на 2021-2023 годы
ЗАК	Z2000000378	Утративший силу	О гарантированном трансферте из Национального фонда Республики Казахстан на 2021 – 2023 годы
ЗАК	Z2000000377	Новый	О ратификации Протокола об охране промышленных образцов к Евразийской патентной конвенции от 9 сентября 1994 года
ЗАК	Z2000000376	Новый	О ратификации Соглашения о судоходстве
ЗАК	Z2000000375	Новый	О внесении изменений и дополнений в некоторые законодательные акты Республики Казахстан по вопросам охраны Государственной границы Республики Казахстан и национальной безопасности
ЗАК	Z2000000374	Новый	О ратификации Соглашения между Правительством Республики Казахстан и Правительством Республики Беларусь о сотрудничестве в области миграции
ЗАК	Z2000000373	Новый	О внесении изменений и дополнений в некоторые законодательные акты Республики Казахстан по вопросам энергетики, транспорта и государственных наград
ЗАК	Z2000000371	Новый	О внесении изменения в Закон Республики Казахстан "О гарантированном трансферте из Национального фонда Республики Казахстан на 2020 – 2022 годы"
ЗАК	Z2000000372	Новый	О внесении изменений и дополнений в Закон Республики Казахстан "О республиканском бюджете на 2020 – 2022 годы"
ЗАК	Z2000000370	Новый	О внесении изменений и дополнений в некоторые законодательные акты Республики Казахстан по вопросам культуры
ЗАК	Z2000000369	Новый	О ратификации Протокола о внесении изменений в Договор о Евразийском экономическом союзе от 29 мая 2014 года, а также об изменении и прекращении действия отдельных международных договоров
ЗАК	Z2000000368	Новый	О ратификации Договора между Республикой Казахстан и Украиной о правовой помощи по уголовным делам
ЗАК	Z2000000367	Новый	О ратификации Протокола о внесении дополнения в Конвенцию между Правительством Республики Казахстан и Правительством Великого Герцогства Люксембург об избежании двойного налогообложения и предотвращении уклонения от налогообложения в отношении налогов на доход и капитал, подписанную в Астане 26 июня 2008 года, с учетом изменений, внесенных Протоколом, подписанным в Люксембурге 3 мая 2012 года
ЗАК	Z2000000366	Новый	О ратификации Протокола о внесении дополнений в Соглашение между государствами – членами Шанхайской организации сотрудничества о проведении совместных военных учений от 27 июня 2007 года
ЗАК	Z2000000365	Новый	О внесении изменений и дополнений в некоторые законодательные акты Республики Казахстан по вопросам противодействия коррупции
ЗАК	Z2000000363	Новый	О ратификации Протокола о внесении изменения в Протокол об условиях и переходных положениях по применению Кыргызской Республикой Договора о Евразийском экономическом союзе от 29 мая 2014 года, отдельных международных договоров, входящих в право Евразийского экономического союза, и актов органов Евразийского экономического союза в связи с присоединением Кыргызской Республики к Договору о Евразийском экономическом союзе от 29 мая 2014 года, подписанный 8 мая 2015 г.
ЗАК	Z2000000364	Новый	О ратификации Договора между Республикой Казахстан и Объединенными Арабскими Эмиратами о передаче осужденных лиц
ЗАК	Z2000000362	Новый	О внесении изменений и дополнений в некоторые законодательные акты Республики Казахстан по вопросам особо охраняемых природных территорий
ЗАК	Z2000000361	Новый	О внесении изменений и дополнений в некоторые законодательные акты Республики Казахстан по вопросам здравоохранения
ЗАК	Z2000000359	Обновленный	О внесении изменений и дополнений в некоторые законодательные акты Республики Казахстан по вопросам ипотечных займов в иностранной валюте, совершенствования регулирования субъектов рынка платежных услуг, всеобщего декларирования и восстановления экономического роста
ЗАК	Z2000000357	Новый	О внесении изменений и дополнений в некоторые законодательные акты Республики Казахстан по вопросам государственной службы
ЗАК	Z2000000358	Новый	О внесении изменений и дополнений в некоторые законодательные акты Республики Казахстан по вопросам аудиторской деятельности
ЗАК	Z2000000354	Новый	О внесении изменений и дополнений в Кодекс Республики Казахстан "О налогах и других обязательных платежах в бюджет" (Налоговый кодекс) и Закон Республики Казахстан "О введении в действие Кодекса Республики Казахстан "О налогах и других обязательных платежах в бюджет" (Налоговый кодекс)"
ЗАК	Z2000000355	Новый	О внесении изменений и дополнений в некоторые законодательные акты Республики Казахстан по вопросам обеспечения доступности Интернета в сельских населенных пунктах
ЗАК	Z2000000356	Новый	О внесении изменений и дополнений в некоторые законодательные акты Республики Казахстан по вопросам игорного бизнеса
ЗАК	Z2000000353	Новый	О ратификации Соглашения между Республикой Казахстан и Исламской Республикой Иран о взаимной правовой помощи по гражданским делам
ЗАК	Z2000000351	Обновленный	О внесении изменений и дополнений в некоторые законодательные акты Республики Казахстан по вопросам административного процедурно-процессуального законодательства Республики Казахстан
ЗАК	Z2000000352	Новый	О внесении изменений и дополнений в некоторые законодательные акты Республики Казахстан по вопросам улучшения бизнес-климата
ЗАК	Z2000000348	Новый	О внесении дополнений в Закон Республики Казахстан "Об автомобильном транспорте" по вопросам отслеживания международных автомобильных перевозок
ЗАК	Z2000000349	Новый	О внесении изменений и дополнений в некоторые законодательные акты Республики Казахстан по вопросам совершенствования исполнительного производства и уголовного законодательства
ЗАК	Z2000000347	Обновленный	О внесении изменений и дополнений в некоторые законодательные акты Республики Казахстан по вопросам регулирования цифровых технологий
ЗАК	Z2000000346	Новый	О внесении изменений и дополнений в некоторые законодательные акты Республики Казахстан по вопросам защиты прав потребителей
ЗАК	Z2000000345	Новый	О ратификации Соглашения об обмене информацией о товарах и транспортных средствах международной перевозки, перемещаемых через таможенные границы Евразийского экономического союза и Китайской Народной Республики
ЗАК	Z2000000342	Новый	О внесении изменений и дополнений в Гражданский процессуальный кодекс Республики Казахстан по вопросам внедрения современных форматов работы судов, сокращения излишних судебных процедур и издержек
ЗАК	Z2000000343	Новый	О внесении изменений и дополнений в некоторые законодательные акты Республики Казахстан по вопросам лотерей и лотерейной деятельности
ЗАК	Z2000000344	Новый	О внесении изменений и дополнений в некоторые законодательные акты Республики Казахстан по вопросам военного положения
ЗАК	Z2000000341	Новый	О внесении изменений и дополнений в некоторые законодательные акты Республики Казахстан по вопросам сокращения количества операторов жилищных программ
ЗАК	Z2000000340	Новый	О внесении изменения и дополнений в Закон Республики Казахстан "О комитетах и комиссиях Парламента Республики Казахстан" по вопросам парламентской оппозиции
ЗАК	Z2000000337	Новый	О внесении изменений и дополнений в некоторые законодательные акты Республики Казахстан по вопросам запретных зон и запретных районов при арсеналах, базах и складах Вооруженных Сил, других войск и воинских формирований
ЗАК	Z2000000338	Новый	О ратификации Соглашения о механизме прослеживаемости товаров, ввезенных на таможенную территорию Евразийского экономического союза
ЗАК	Z2000000333	Обновленный	О порядке организации и проведения мирных собраний в Республике Казахстан
ЗАК	Z2000000332	Новый	О внесении изменений и дополнений в некоторые законодательные акты Республики Казахстан по вопросам мобилизационной подготовки и мобилизации
ЗАК	Z2000000334	Новый	О внесении изменений и дополнения в некоторые законодательные акты Республики Казахстан по вопросам порядка организации и проведения мирных собраний в Республике Казахстан
ЗАК	Z2000000336	Новый	О внесении изменения и дополнений в Закон Республики Казахстан "О политических партиях"
ЗАК	Z2000000331	Новый	О ратификации Конвенции о привилегиях и иммунитетах специализированных учреждений
ЗАК	Z2000000330	Новый	О внесении изменений и дополнений в некоторые законодательные акты Республики Казахстан по вопросам чрезвычайного положения
ЗАК	Z2000000328	Новый	О ратификации Рамочного соглашения о партнерстве (поправки и дополнения к Рамочному соглашению о партнерстве между Правительством Республики Казахстан и Азиатским Банком Развития по усилению сотрудничества в целях экономической диверсификации, устойчивому развитию и всеобъемлющему росту Республики Казахстан от 4 мая 2014 года)
ЗАК	Z2000000329	Новый	О внесении изменения и дополнений в некоторые законодательные акты Республики Казахстан по вопросам гражданско-правовой ответственности в сфере использования атомной энергии
ЗАК	Z2000000325	Новый	О внесении изменений и дополнений в некоторые законодательные акты Республики Казахстан по вопросам противодействия легализации (отмыванию) доходов, полученных преступным путем, и финансированию терроризма
ЗАК	Z2000000326	Новый	О внесении изменений и дополнений в некоторые законодательные акты Республики Казахстан по вопросам защиты материнства и детства
ЗАК	Z2000000327	Новый	О внесении изменений и дополнений в некоторые законодательные акты Республики Казахстан по вопросам регулирования миграционных процессов
ЗАК	Z2000000322	Обновленный	О ветеранах
ЗАК	Z2000000323	Новый	О внесении изменений и дополнений в некоторые законодательные акты Республики Казахстан по вопросам социального обеспечения
ЗАК	Z2000000324	Новый	О внесении изменений в Кодекс Республики Казахстан "О налогах и других обязательных платежах в бюджет" (Налоговый кодекс) и Закон Республики Казахстан "О введении в действие Кодекса Республики Казахстан "О налогах и других обязательных платежах в бюджет" (Налоговый кодекс)"
ЗАК	Z2000000321	Новый	О внесении изменений и дополнений в некоторые законодательные акты Республики Казахстан по вопросам труда
ЗАК	Z2000000320	Новый	О ратификации Соглашения между Правительством Республики Казахстан и Правительством Соединенных Штатов Америки о консульских привилегиях и иммунитетах
ЗАК	Z2000000314	Новый	О ратификации Соглашения между Правительством Республики Казахстан и Правительством Республики Узбекистан о трудовой деятельности и защите прав трудящихся-мигрантов, являющихся гражданами Республики Узбекистан, в Республике Казахстан и трудящихся-мигрантов, являющихся гражданами Республики Казахстан, в Республике Узбекистан
ЗАК	Z2000000315	Новый	О ратификации Протокола о внесении изменений в Соглашение между Правительством Республики Казахстан и Правительством Кыргызской Республики о порядке пребывания граждан Республики Казахстан на территории Кыргызской Республики и граждан Кыргызской Республики на территории Республики Казахстан от 11 мая 2012 года
ЗАК	Z2000000316	Новый	О ратификации Второго протокола о внесении изменений в Договор о коллективной безопасности от 15 мая 1992 года
ЗАК	Z2000000317	Новый	О ратификации Второго протокола о внесении изменений в Соглашение о правовом статусе Организации Договора о коллективной безопасности от 7 октября 2002 года
ЗАК	Z2000000318	Новый	О ратификации Второго протокола о внесении изменений в Устав Организации Договора о коллективной безопасности от 7 октября 2002 года
ЗАК	Z2000000319	Новый	О ратификации Третьего протокола о внесении изменений в Устав Организации Договора о коллективной безопасности от 7 октября 2002 года
ЗАК	Z2000000313	Новый	О ратификации Протокола о присоединении Республики Армения к Соглашению о введении единых форм паспорта транспортного средства (паспорта шасси транспортного средства) и паспорта самоходной машины и других видов техники и организации систем электронных паспортов от 15 августа 2014 года
ЗАК	Z2000000312	Новый	О ратификации Протокола о внесении изменения в Протокол об условиях и переходных положениях по применению Кыргызской Республикой Договора о Евразийском экономическом союзе от 29 мая 2014 года, отдельных международных договоров, входящих в право Евразийского экономического союза, и актов органов Евразийского экономического союза в связи с присоединением Кыргызской Республики к Договору о Евразийском экономическом союзе от 29 мая 2014 года, подписанный 8 мая 2015 г.
ЗАК	Z2000000309	Новый	О ратификации Договора между Республикой Казахстан и Федеративной Республикой Бразилия о выдаче лиц
ЗАК	Z2000000310	Новый	О ратификации Договора между Республикой Казахстан и Федеративной Республикой Бразилия о взаимной правовой помощи по уголовным делам
ЗАК	Z2000000311	Новый	О ратификации Договора между Республикой Казахстан и Федеративной Республикой Бразилия о передаче осужденных лиц
ЗАК	Z2000000308	Новый	О ратификации Соглашения в форме обмена нотами о порядке признания официальных документов, подтверждающих резидентство, выданных уполномоченными органами Республики Казахстан и Республики Армения в рамках Конвенции между Правительством Республики Казахстан и Правительством Республики Армения об избежании двойного налогообложения и предотвращении уклонения от налогообложения в отношении налогов на доходы и на имущество и Протокола к ней от 6 ноября 2006 года
ЗАК	Z2000000307	Новый	О ратификации Девятого дополнительного протокола к Уставу Всемирного почтового союза
ЗАК	Z2000000305	Новый	О ратификации Соглашения между Правительством Республики Казахстан и Правительством Российской Федерации о газоснабжении комплекса "Байконур"
ЗАК	Z2000000306	Новый	О ратификации Соглашения между Правительством Республики Казахстан и Правительством Республики Узбекистан о сотрудничестве в борьбе с незаконной миграцией
ЗАК	Z2000000304	Новый	О ратификации Многосторонней конвенции по выполнению мер, относящихся к налоговым соглашениям, в целях противодействия размыванию налоговой базы и выводу прибыли из-под налогообложения
ЗАК	Z2000000303	Новый	О ратификации Конвенции Шанхайской организации сотрудничества по противодействию экстремизму
ЗАК	Z2000000301	Новый	О ратификации Протокола о запрещении применения на войне удушающих, ядовитых или других подобных газов и бактериологических средств
ЗАК	Z2000000302	Новый	О ратификации Протокола о внесении изменений и дополнений в Соглашение между Правительством Республики Казахстан и Правительством Российской Федерации о создании на космодроме "Байконур" космического ракетного комплекса "Байтерек" от 22 декабря 2004 года
ЗАК	Z1900000297	Новый	О внесении изменений и дополнений в некоторые законодательные акты Республики Казахстан по вопросам недропользования, газа и газоснабжения
ЗАК	Z1900000298	Новый	О ратификации Конвенции между Правительством Республики Казахстан и Правительством Республики Кипр об избежании двойного налогообложения и предотвращении уклонения от налогообложения в отношении налогов на доходы и Протокола к ней
ЗАК	Z1900000299	Новый	О ратификации Соглашения между Республикой Казахстан и Советом Европы в отношении привилегий и иммунитетов представителей Группы государств против коррупции и членов оценочных групп
ЗАК	Z1900000300	Новый	О внесении изменений и дополнений в Кодекс Республики Казахстан об административных правонарушениях
ЗАК	Z1900000293	Обновленный	О статусе педагога
ЗАК	Z1900000292	Обновленный	О внесении изменений и дополнений в некоторые законодательные акты Республики Казахстан по вопросам совершенствования уголовного, уголовно-процессуального законодательства и усиления защиты прав личности
ЗАК	Z1900000295	Обновленный	О внесении изменений и дополнений в некоторые законодательные акты Республики Казахстан по вопросам железнодорожного транспорта
ЗАК	Z1900000290	Новый	О внесении изменений и дополнений в некоторые законодательные акты Республики Казахстан по вопросам совершенствования процедур реабилитации и банкротства, бюджетного, налогового законодательства и законодательства о железнодорожном транспорте
ЗАК	Z1900000291	Новый	О внесении изменений и дополнений в некоторые законодательные акты Республики Казахстан по вопросам административно-территориального устройства Республики Казахстан, совершенствования системы государственного управления, межбюджетных отношений, кредитования и образования
ЗАК	Z1900000294	Новый	О внесении изменений и дополнений в некоторые законодательные акты Республики Казахстан по вопросам статуса педагога, снижения нагрузки на ученика и учителя
ЗАК	Z1900000288	Обновленный	Об охpане и использовании объектов истоpико-культуpного наследия
ЗАК	Z1900000286	Утративший силу	Об обязательном социальном страховании
ЗАК	Z1900000284	Обновленный	О внесении изменений и дополнений в некоторые законодательные акты Республики Казахстан по вопросам жилищно-коммунального хозяйства
ЗАК	Z1900000285	Новый	О ратификации Соглашения о гармонизации законодательства государств – членов Евразийского экономического союза в сфере финансового рынка
ЗАК	Z1900000287	Новый	О внесении изменений и дополнений в некоторые законодательные акты Республики Казахстан по вопросам обязательного социального страхования, социального обеспечения и государственно-частного партнерства в сфере здравоохранения
ЗАК	Z1900000289	Новый	О внесении изменений и дополнения в некоторые законодательные акты Республики Казахстан по вопросам историко-культурного наследия
ЗАК	Z1900000282	Новый	О ратификации Протокола о внесении изменения в Договор аренды комплекса "Байконур" между Правительством Республики Казахстан и Правительством Российской Федерации от 10 декабря 1994 г.
ЗАК	Z1900000283	Новый	О ратификации Договора между Республикой Казахстан и Монголией о передаче осужденных лиц
ЗАК	Z1900000281	Новый	О ратификации Соглашения между Правительством Республики Казахстан и Правительством Турецкой Республики о военном сотрудничестве
ЗАК	Z1900000280	Новый	О внесении изменений и дополнений в некоторые законодательные акты Республики Казахстан по вопросам физической культуры и спорта
ЗАК	Z1900000278	Новый	О ратификации Протокола о внесении изменений в Соглашение между Правительством Республики Казахстан и Правительством Кыргызской Республики о пунктах пропуска через государственную границу от 25 декабря 2003 года
ЗАК	Z1900000279	Новый	О ратификации Протокола о регистрах выбросов и переноса загрязнителей к Конвенции о доступе к информации, участию общественности в процессе принятия решений и доступе к правосудию по вопросам, касающимся окружающей среды
ЗАК	Z1900000277	Новый	О ратификации Соглашения о сотрудничестве государств – участников Содружества Независимых Государств в борьбе с преступлениями в сфере информационных технологий
ЗАК	Z1900000275	С истёкшим сроком	Об объемах трансфертов общего характера между республиканским и областными бюджетами, бюджетами городов республиканского значения, столицы на 2020 – 2022 годы
ЗАК	Z1900000274	Утративший силу	О гарантированном трансферте из Национального фонда Республики Казахстан на 2020 – 2022 годы
ЗАК	Z1900000276	Обновленный	О республиканском бюджете на 2020 – 2022 годы
ЗАК	Z1900000273	Новый	О внесении изменений и дополнений в некоторые законодательные акты Республики Казахстан по вопросам государственной службы и противодействия коррупции
ЗАК	Z1900000270	Новый	О ратификации Протокола о внесении изменений в Соглашение о сотрудничестве и взаимопомощи в таможенных делах от 15 апреля 1994 года
ЗАК	Z1900000271	Новый	О ратификации Договора между Республикой Казахстан и Украиной об экстрадиции
ЗАК	Z1900000272	Новый	О внесении изменений и дополнений в некоторые законодательные акты Республики Казахстан по вопросам оказания государственных услуг
ЗАК	Z1900000269	Новый	О ратификации Соглашения между Правительством Республики Казахстан и Правительством Республики Армения о сотрудничестве в области гражданской обороны, предупреждения и ликвидации чрезвычайных ситуаций
ЗАК	Z1900000267	Новый	О ратификации Рамочного соглашения между Республикой Казахстан и Северным инвестиционным банком, регулирующего деятельность Северного инвестиционного банка в Республике Казахстан
ЗАК	Z1900000268	Новый	О внесении изменений и дополнений в некоторые законодательные акты Республики Казахстан по вопросам регулирования агропромышленного комплекса
ЗАК	Z1900000266	Новый	О внесении изменений в Закон Республики Казахстан "О республиканском бюджете на 2019 – 2021 годы"
ЗАК	Z1900000264	Новый	О ратификации Соглашения о международном сотрудничестве между Правительством Республики Казахстан и Европейской организацией по ядерным исследованиям (CERN) относительно научно-технического сотрудничества
ЗАК	Z1900000265	Новый	О ратификации Протокола о внесении изменений в Соглашение между Правительством Республики Казахстан и Правительством Российской Федерации о порядке пересечения казахстанско-российской государственной границы жителями приграничных территорий Республики Казахстан и Российской Федерации от 3 октября 2006 года
ЗАК	Z1900000263	Новый	О внесении изменений и дополнений в Закон Республики Казахстан "О республиканском бюджете на 2019 – 2021 годы"
ЗАК	Z1900000260	Новый	О ратификации Четвертого протокола о внесении изменений в Соглашение об основных принципах военно-технического сотрудничества между государствами – участниками Договора о коллективной безопасности от 15 мая 1992 года
ЗАК	Z1900000261	Новый	О ратификации Договора о запрещении ядерного оружия
ЗАК	Z1900000262	Новый	О внесении изменений и дополнений в некоторые законодательные акты Республики Казахстан по вопросам регулирования и развития финансового рынка, микрофинансовой деятельности и налогообложения
ЗАК	Z1900000258	Новый	О ратификации Договора между Республикой Казахстан и Литовской Республикой о передаче лиц, осужденных к лишению свободы, и лиц, в отношении которых применены принудительные меры медицинского характера
ЗАК	Z1900000259	Новый	О ратификации Соглашения о торгово-экономическом сотрудничестве между Евразийским экономическим союзом и его государствами-членами, с одной стороны, и Китайской Народной Республикой, с другой стороны
ЗАК	Z1900000257	Новый	О ратификации Рамочного соглашения между Правительством Республики Казахстан и Правительством Китайской Народной Республики о предоставлении Китайской Народной Республикой льготного кредита
ЗАК	Z1900000255	Новый	О ратификации Соглашения между Республикой Казахстан и Российской Федерацией о порядке осуществления контроля за наличием и целевым использованием продукции военного назначения, поставляемой в рамках Договора между Республикой Казахстан и Российской Федерацией о военно-техническом сотрудничестве от 24 декабря 2013 года
ЗАК	Z1900000256	Новый	О ратификации Соглашения о предотвращении инцидентов на Каспийском море
ЗАК	Z1900000252	Новый	О ратификации Соглашения о порядке управления авторскими и смежными правами на коллективной основе
ЗАК	Z1900000253	Новый	О ратификации Временного соглашения, ведущего к образованию зоны свободной торговли между Евразийским экономическим союзом и его государствами-членами, с одной стороны, и Исламской Республикой Иран, с другой стороны
ЗАК	Z1900000254	Новый	О ратификации Соглашения между Правительством Республики Казахстан и Правительством Российской Федерации о функционировании Казахстанского филиала Московского государственного университета имени М.В. Ломоносова
ЗАК	Z1900000251	Новый	О внесении изменений и дополнений в некоторые законодательные акты Республики Казахстан по вопросам жилищных отношений
ЗАК	Z1900000249	Обновленный	О внесении изменений и дополнений в некоторые законодательные акты Республики Казахстан по вопросам транспорта
ЗАК	Z1900000247	Новый	О ратификации Протокола о внесении изменения в Соглашение между Республикой Казахстан и Российской Федерацией о статусе города Байконур, порядке формирования и статусе его органов исполнительной власти от 23 декабря 1995 года
ЗАК	Z1900000248	Новый	О ратификации Соглашения между Правительством Республики Казахстан и Правительством Республики Таджикистан об оказании безвозмездной военно-технической помощи
ЗАК	Z1900000250	Новый	О внесении изменений и дополнений в некоторые законодательные акты Республики Казахстан по вопросам передачи функций центральных и (или) местных исполнительных органов Республики Казахстан в конкурентную среду
ЗАК	Z1900000245	Новый	О внесении изменения в Закон Республики Казахстан "О гарантированном трансферте из Национального фонда Республики Казахстан на 2019 – 2021 годы"
ЗАК	Z1900000246	Новый	О внесении изменений и дополнений в Закон Республики Казахстан "О республиканском бюджете на 2019 – 2021 годы"
ЗАК	Z1900000244	Новый	О ратификации Договора между Республикой Казахстан и Социалистической Республикой Вьетнам о взаимной правовой помощи по уголовным делам
ЗАК	Z1900000242	Обновленный	О специальных экономических и индустриальных зонах
ЗАК	Z1900000243	Новый	О внесении изменений и дополнений в некоторые законодательные акты Республики Казахстан по вопросам специальных экономических и индустриальных зон, привлечения инвестиций, развития и продвижения экспорта, а также социального обеспечения
ЗАК	Z1900000241	Исправление ошибки	О внесении изменений и дополнений в некоторые законодательные акты Республики Казахстан по вопросам развития бизнес-среды и регулирования торговой деятельности
ЗАК	Z1900000239	Исправление ошибки	О ратификации Рамочного соглашения между Правительством Республики Казахстан и Правительством Республики Узбекистан о некоторых вопросах сотрудничества в сфере энергетики
ЗАК	Z1900000240	Новый	О внесении изменений и дополнений в некоторые законодательные акты Республики Казахстан по вопросам, связанным с деятельностью организаций, осуществляющих функции по защите прав ребенка
ЗАК	Z1900000238	Новый	О внесении изменений в Конституцию Республики Казахстан
ЗАК	Z1900000236	Обновленный	Об оборонной промышленности и государственном оборонном заказе
ЗАК	Z1900000237	Новый	О внесении изменений и дополнений в некоторые законодательные акты Республики Казахстан по вопросам оборонной и аэрокосмической промышленности, информационной безопасности в сфере информатизации
ЗАК	Z1900000231	Новый	О ратификации Соглашения между Республикой Казахстан и Иорданским Хашимитским Королевством о взаимной правовой помощи по уголовным делам
ЗАК	Z1900000232	Новый	О ратификации Соглашения между Республикой Казахстан и Иорданским Хашимитским Королевством о выдаче лиц
ЗАК	Z1900000233	Новый	О ратификации Соглашения между Республикой Казахстан и Иорданским Хашимитским Королевством о передаче осужденных лиц
ЗАК	Z1900000234	Новый	О ратификации Соглашения о сотрудничестве государств – членов Организации Договора о коллективной безопасности в области обеспечения информационной безопасности
ЗАК	Z1900000235	Новый	О ратификации Соглашения между Правительством Республики Казахстан и Правительством Республики Беларусь о производственной и научно-технической кооперации организаций оборонных отраслей промышленности
ЗАК	Z1900000228	Новый	О ратификации Протокола о внесении изменений в Соглашение между Правительством Республики Казахстан и Правительством Российской Федерации о торгово-экономическом сотрудничестве в области поставок нефти и нефтепродуктов в Республику Казахстан от 9 декабря 2010 года
ЗАК	Z1900000229	Новый	О ратификации Соглашения между Правительством Республики Казахстан и Правительством Кыргызской Республики о режиме казахстанско-кыргызской государственной границы
ЗАК	Z1900000230	Новый	О ратификации Соглашения о маркировке товаров средствами идентификации в Евразийском экономическом союзе
ЗАК	Z1900000227	Новый	О внесении изменений и дополнений в некоторые законодательные акты Республики Казахстан по вопросам модернизации судебной системы
ЗАК	Z1900000225	Новый	О ратификации Соглашения о международных договорах Евразийского экономического союза с третьими государствами, международными организациями или международными интеграционными объединениями
ЗАК	Z1900000222	Новый	О ратификации Конвенции о правовом статусе Каспийского моря
ЗАК	Z1900000223	Новый	О ратификации Протокола о внесении изменения в Договор о Евразийском экономическом союзе от 29 мая 2014 года
ЗАК	Z1900000224	Новый	О ратификации Соглашения государств – участников Содружества Независимых Государств о сотрудничестве в материально-техническом обеспечении компетентных органов, осуществляющих борьбу с терроризмом и иными насильственными проявлениями экстремизма
ЗАК	Z1900000221	Обновленный	О ратификации Протокола о внесении изменения в Договор о присоединении Кыргызской Республики к Договору о Евразийском экономическом союзе от 29 мая 2014 года, подписанный 23 декабря 2014 года
ЗАК	Z1900000218	Новый	О ратификации Соглашения между Правительством Республики Казахстан и Правительством Республики Таджикистан о порядке пребывания граждан Республики Казахстан на территории Республики Таджикистан и граждан Республики Таджикистан на территории Республики Казахстан
ЗАК	Z1900000219	Новый	О ратификации Соглашения между Правительством Республики Казахстан и Правительством Республики Таджикистан о реадмиссии лиц и Исполнительного протокола о порядке реализации Соглашения между Правительством Республики Казахстан и Правительством Республики Таджикистан о реадмиссии лиц
ЗАК	Z1900000220	Новый	О ратификации Соглашения между Правительством Республики Казахстан и Правительством Республики Таджикистан о сотрудничестве в области миграции
ЗАК	Z1900000217	Новый	О внесении изменений и дополнений в некоторые законодательные акты Республики Казахстан по вопросам усиления защиты права собственности, арбитража, оптимизации судебной нагрузки и дальнейшей гуманизации уголовного законодательства
ЗАК	Z1900000214	Новый	О ратификации Соглашения между Правительством Республики Казахстан и Правительством Республики Хорватия об избежании двойного налогообложения и предотвращении уклонения от налогообложения в отношении налогов на доход и Протокола к нему
ЗАК	Z1900000215	Новый	О внесении изменений и дополнений в некоторые законодательные акты Республики Казахстан по вопросам рекламы
ЗАК	Z1900000216	Новый	О ратификации Соглашения между Правительством Республики Казахстан и Правительством Китайской Народной Республики об освобождении от налогообложения отдельных видов дохода Китайско-Казахстанского Фонда сотрудничества производственных мощностей, осуществляющего прямые инвестиции в Казахстан
ЗАК	Z1900000212	Обновленный	О кинематографии
ЗАК	Z1900000213	Новый	О внесении изменений и дополнений в некоторые законодательные акты Республики Казахстан по вопросам кинематографии
ЗАК	Z1800000208	Новый	О внесении изменений и дополнений в некоторые законодательные акты Республики Казахстан по вопросам здравоохранения
ЗАК	Z1800000210	Новый	О внесении изменений и дополнений в некоторые законодательные акты Республики Казахстан по вопросам административно-территориального устройства Республики Казахстан и противодействия теневой экономике
ЗАК	Z1800000211	Новый	О внесении изменений и дополнений в некоторые законодательные акты Республики Казахстан по вопросам обращения лекарственных средств и медицинских изделий
ЗАК	Z1800000204	Обновленный	О естественных монополиях
ЗАК	Z1800000205	Новый	О внесении изменений и дополнений в некоторые законодательные акты Республики Казахстан по вопросам контроля над оборотом наркотических средств, психотропных веществ, их аналогов и прекурсоров
ЗАК	Z1800000206	Новый	О ратификации Письма-соглашения между Республикой Казахстан и Международным Банком Реконструкции и Развития относительно поправок к Соглашению о займе № 8156-KZ (Проект развития автомобильных дорог Восток – Запад (участок Алматы – Хоргос): Международный транзитный коридор Западная Европа – Западный Китай (ЦАРЭС 1b) между Республикой Казахстан и Международным Банком Реконструкции и Развития
ЗАК	Z1800000207	Новый	О ратификации Соглашения об обращении семян сельскохозяйственных растений в рамках Евразийского экономического союза
ЗАК	Z1800000202	Новый	О внесении изменений и дополнений в некоторые законодательные акты Республики Казахстан по вопросам государственных закупок и закупок субъектов квазигосударственного сектора
ЗАК	Z1800000203	Новый	О внесении изменений и дополнений в некоторые законодательные акты Республики Казахстан по вопросам занятости населения
ЗАК	Z1800000200	Новый	О ратификации Дополнительного протокола к Протоколу к Соглашению между Республикой Казахстан и Российской Федерацией о разграничении дна северной части Каспийского моря в целях осуществления суверенных прав на недропользование от 6 июля 1998 года
ЗАК	Z1800000201	Новый	О ратификации Соглашения о перемещении озоноразрушающих веществ и содержащей их продукции и учете озоноразрушающих веществ при осуществлении взаимной торговли государств – членов Евразийского экономического союза и Протокола о присоединении Кыргызской Республики к Соглашению о перемещении озоноразрушающих веществ и содержащей их продукции и учете озоноразрушающих веществ при осуществлении взаимной торговли государств – членов Евразийского экономического союза от 29 мая 2015 года
ЗАК	Z1800000198	Новый	О ратификации Конвенции о преступлениях и некоторых других актах, совершаемых на борту воздушных судов, и Протокола, изменяющего Конвенцию о преступлениях и некоторых других актах, совершаемых на борту воздушных судов
ЗАК	Z1800000199	Новый	О ратификации Конвенции о борьбе с незаконным захватом воздушных судов и Протокола, дополняющего Конвенцию о борьбе с незаконным захватом воздушных судов
ЗАК	Z1800000196	Утративший силу	О гарантированном трансферте из Национального фонда Республики Казахстан на 2019 – 2021 годы
ЗАК	Z1800000197	Обновленный	О республиканском бюджете на 2019 – 2021 годы
ЗАК	Z1800000193	Новый	О ратификации Протокола о порядке передачи наркотических средств, психотропных веществ и их прекурсоров, огнестрельного оружия, его основных частей, боеприпасов, взрывчатых веществ и взрывных устройств, являющихся вещественными доказательствами по уголовным делам
ЗАК	Z1800000194	Новый	О ратификации Соглашения между Правительством Республики Казахстан и Международным Комитетом Красного Креста о статусе, привилегиях и иммунитетах Представительства Международного Комитета Красного Креста в Республике Казахстан
ЗАК	Z1800000195	Новый	О ратификации Соглашения между Правительством Республики Казахстан и Правительством Российской Федерации об определении статуса технологической нефти в магистральных нефтепроводах "Туймазы – Омск - Новосибирск-2" и "Омск – Павлодар"
ЗАК	Z1800000189	Новый	О ратификации Договора между Республикой Казахстан и Кыргызской Республикой о демаркации казахстанско-кыргызской государственной границы
ЗАК	Z1800000190	Новый	О ратификации Договора между Республикой Казахстан, Туркменистаном и Республикой Узбекистан о районе точки стыка государственных границ трех государств
ЗАК	Z1800000191	Новый	О ратификации Конвенции о борьбе с незаконными актами в отношении международной гражданской авиации
ЗАК	Z1800000192	Новый	О внесении изменений и дополнений в некоторые законодательные акты Республики Казахстан по вопросам государственной статистики
ЗАК	Z1800000187	Новый	О внесении изменений и дополнений в Закон Республики Казахстан "О республиканском бюджете на 2018 – 2020 годы"
ЗАК	Z1800000188	Новый	О ратификации Меморандума о взаимопонимании между Правительством Республики Казахстан и Правительством Республики Индия о порядке совместного развертывания казахстанского миротворческого контингента в составе индийского батальона во Временных силах Организации Объединенных Наций в Ливане (ВСООНЛ)
ЗАК	Z1800000185	Новый	О ратификации Соглашения между Правительством Республики Казахстан и Правительством Иорданского Хашимитского Королевства о сотрудничестве в области гражданской обороны, предупреждения и ликвидации чрезвычайных ситуаций
ЗАК	Z1800000186	Новый	О ратификации Соглашения о порядке расследования несчастных случаев на производстве, происшедших с гражданами одного государства – члена Евразийского экономического сообщества при осуществлении трудовой деятельности на территории другого государства – члена Евразийского экономического сообщества
ЗАК	Z1800000183	Обновленный	О стандартизации
ЗАК	Z1800000184	Обновленный	О внесении изменений и дополнений в некоторые законодательные акты Республики Казахстан по вопросам обеспечения единства измерений и стандартизации
ЗАК	Z1800000181	Новый	О ратификации Протокола о внесении изменений в Соглашение между Правительством Республики Казахстан и Правительством Российской Федерации о порядке медицинского обслуживания персонала космодрома "Байконур", жителей города Байконыр, поселков Торетам и Акай в условиях аренды Российской Федерацией комплекса "Байконур" от 17 ноября 2009 года
ЗАК	Z1800000182	Новый	О ратификации Протокола между Правительством Республики Казахстан и Правительством Республики Узбекистан о внесении изменений и дополнений в Соглашение между Правительством Республики Казахстан и Правительством Республики Узбекистан об избежании двойного налогообложения доходов и имущества от 12 июня 1996 года
ЗАК	Z1800000180	Новый	О внесении изменений и дополнений в некоторые законодательные акты Республики Казахстан по вопросам совершенствования уголовного, уголовно-процессуального законодательства и деятельности правоохранительных и специальных государственных органов
ЗАК	Z1800000176	Обновленный	Об адвокатской деятельности и квалифицированной юридической помощи
ЗАК	Z1800000178	Обновленный	О Совете Безопасности Республики Казахстан
ЗАК	Z1800000177	Новый	О внесении изменений и дополнений в некоторые законодательные акты Республики Казахстан по вопросам адвокатской деятельности и юридической помощи
ЗАК	Z1800000179	Новый	О внесении изменений и дополнений в некоторые законодательные акты Республики Казахстан по вопросам деятельности Совета Безопасности Республики Казахстан
ЗАК	Z1800000173	Обновленный	О внесении изменений и дополнений в некоторые законодательные акты Республики Казахстан по вопросам газа и газоснабжения
ЗАК	Z1800000171	Новый	О внесении изменений и дополнений в некоторые законодательные акты Республики Казахстан по вопросам расширения академической и управленческой самостоятельности высших учебных заведений
ЗАК	Z1800000172	Новый	О внесении изменений и дополнений в некоторые законодательные акты Республики Казахстан по вопросам образования
ЗАК	Z1800000174	Новый	О внесении изменений и дополнений в некоторые законодательные акты Республики Казахстан по вопросам венчурного финансирования
ЗАК	Z1800000175	Новый	О ратификации Соглашения между Правительством Республики Казахстан и Продовольственной и сельскохозяйственной организацией Организации Объединенных Наций (ФАО) о создании в Республике Казахстан Бюро по связям и партнерству ФАО
ЗАК	Z1800000167	Обновленный	О валютном регулировании и валютном контроле
ЗАК	Z1800000169	Обновленный	О защите детей от информации, причиняющей вред их здоровью и развитию
ЗАК	Z1800000166	Обновленный	О внесении изменений и дополнений в некоторые законодательные акты Республики Казахстан по вопросам страхования и страховой деятельности, рынка ценных бумаг
ЗАК	Z1800000168	Обновленный	О внесении изменений и дополнений в некоторые законодательные акты Республики Казахстан по вопросам валютного регулирования и валютного контроля, риск-ориентированного надзора за деятельностью финансовых организаций, защиты прав потребителей финансовых услуг и совершенствования деятельности Национального Банка Республики Казахстан
ЗАК	Z1800000165	Обновленный	О внесении изменений и дополнений в некоторые законодательные акты Республики Казахстан по вопросам социального обеспечения
ЗАК	Z1800000170	Новый	О внесении изменений и дополнений в некоторые законодательные акты Республики Казахстан по вопросам защиты детей от информации, причиняющей вред их здоровью и развитию
ЗАК	Z1800000163	Новый	О внесении изменений и дополнений в некоторые законодательные акты Республики Казахстан по вопросам выборов
ЗАК	Z1800000164	Новый	О ратификации Соглашения между Правительством Республики Казахстан и Правительством Китайской Народной Республики о сотрудничестве в строительстве совместной селезадерживающей плотины "Чукурбулак (Алмалы)" на реке Хоргос
ЗАК	Z1800000161	Новый	О внесении изменений и дополнений в некоторые законодательные акты Республики Казахстан по вопросам совершенствования законодательства в сфере интеллектуальной собственности
ЗАК	Z1800000157	Новый	О ратификации Соглашения о займе (Проект модернизации среднего образования) между Республикой Казахстан и Международным Банком Реконструкции и Развития
ЗАК	Z1800000158	Новый	О ратификации Протокола о внесении изменений в Соглашение о статусе Экономического Суда Содружества Независимых Государств от 6 июля 1992 года
ЗАК	Z1800000159	Новый	О ратификации Протокола о внесении изменений в Соглашение о взаимном обеспечении сохранности секретной информации в рамках Организации Договора о коллективной безопасности от 18 июня 2004 года
ЗАК	Z1800000160	Новый	О внесении изменений и дополнений в некоторые законодательные акты Республики Казахстан по вопросам деятельности некоммерческих организаций
ЗАК	Z1800000156	Обновленный	О внесении изменений и дополнений в некоторые законодательные акты Республики Казахстан по вопросам совершенствования регулирования предпринимательской деятельности
ЗАК	Z1800000155	Исправление ошибки	О внесении изменений и дополнений в некоторые законодательные акты Республики Казахстан по вопросам архивного дела
ЗАК	Z1800000154	Новый	О ратификации Соглашения между Правительством Республики Казахстан и Правительством Соединенных Штатов Америки относительно взимания платы за аэронавигационное обслуживание государственных воздушных судов
ЗАК	Z1800000151	Новый	О внесении изменений и дополнений в некоторые законодательные акты Республики Казахстан по вопросам регулирования земельных отношений
ЗАК	Z1800000152	Новый	О ратификации Протокола о внесении изменения в Соглашение между Правительством Республики Казахстан и Правительством Соединенных Штатов Америки об обеспечении коммерческого железнодорожного транзита специального груза через территорию Республики Казахстан в связи с участием Соединенных Штатов Америки в усилиях по стабилизации и восстановлению Исламской Республики Афганистан
ЗАК	Z1800000153	Новый	О ратификации Соглашения между Правительством Республики Казахстан и Правительством Республики Таджикистан о взаимном предоставлении земельных участков для строительства зданий дипломатических представительств
ЗАК	Z1800000150	Новый	О ратификации Соглашения о сотрудничестве государств – участников Содружества Независимых Государств в области обеспечения информационной безопасности
ЗАК	Z1800000148	Новый	О внесении изменений и дополнений в Закон Республики Казахстан "О республиканском бюджете на 2018 - 2020 годы"
ЗАК	Z1800000149	Новый	О внесении изменений и дополнений в Закон Республики Казахстан "Об Ассамблее народа Казахстана"
ЗАК	Z1800000147	Новый	О внесении изменений и дополнений в некоторые законодательные акты Республики Казахстан по вопросам занятости и миграции населения
ЗАК	Z1800000146	Новый	О ратификации Протокола между Правительством Республики Казахстан и Правительством Республики Беларусь о внесении изменений и дополнений в Соглашение между Правительством Республики Казахстан и Правительством Республики Беларусь об избежании двойного налогообложения и предотвращении уклонения от уплаты налогов в отношении налогов на доходы и имущество от 11 апреля 1997 года
ЗАК	Z1800000145	Новый	О ратификации Протокола 2005 года к Конвенции о борьбе с незаконными актами, направленными против безопасности морского судоходства
ЗАК	Z1800000143	Обновленный	О ратификации Протокола о применении отдельных положений Договора о присоединении Кыргызской Республики к Договору о Евразийском экономическом союзе от 29 мая 2014 года, подписанного 23 декабря 2014 г.
ЗАК	Z1800000144	Новый	О ратификации Соглашения о порядке добровольного согласования государствами – членами Евразийского экономического союза с Евразийской экономической комиссией специфических субсидий в отношении промышленных товаров и проведения Евразийской экономической комиссией разбирательств, связанных с предоставлением государствами – членами Евразийского экономического союза специфических субсидий
ЗАК	Z1800000142	Новый	О ратификации Договора между Республикой Казахстан и Социалистической Республикой Вьетнам о выдаче
ЗАК	Z1800000141	Новый	О ратификации Протокола между Правительством Республики Казахстан и Правительством Азербайджанской Республики о внесении изменений и дополнений в Конвенцию между Правительством Республики Казахстан и Правительством Азербайджанской Республики об избежании двойного налогообложения и предотвращении уклонения от налогообложения в отношении налогов на доходы и на имущество от 16 сентября 1996 года
ЗАК	Z1800000140	Новый	О ратификации Соглашения между Правительством Республики Казахстан и Организацией Объединенных Наций относительно административных и финансовых процедур для Субрегионального отделения для Северной и Центральной Азии
ЗАК	Z1800000139	Новый	О ратификации Соглашения между Правительством Республики Казахстан и Правительством Азербайджанской Республики о международном автомобильном сообщении
ЗАК	Z1800000138	Новый	О ратификации Протокола между Правительством Республики Казахстан и Правительством Республики Индия о внесении изменений и дополнений в Конвенцию между Правительством Республики Казахстан и Правительством Республики Индия об избежании двойного налогообложения и предотвращении уклонения от налогообложения в отношении налогов на доход и на капитал и Протокол, совершенные в Нью-Дели 9 декабря 1996 года
ЗАК	Z1800000135	Новый	О внесении изменений и дополнений в Закон Республики Казахстан "О государственном аудите и финансовом контроле"
ЗАК	Z1800000136	Новый	О ратификации Соглашения между Республикой Казахстан и Туркменистаном о демаркации казахстанско-туркменской государственной границы
ЗАК	Z1800000137	Новый	О ратификации Договора о стратегическом партнерстве между Республикой Казахстан и Туркменистаном
ЗАК	Z1800000133	Обновленный	Об оценочной деятельности в Республике Казахстан
ЗАК	Z1800000131	Обновленный	О Фонде компенсации потерпевшим
ЗАК	Z1800000132	Новый	О внесении изменений и дополнений в некоторые законодательные акты Республики Казахстан по вопросам Фонда компенсации потерпевшим
ЗАК	Z1800000134	Новый	О внесении изменений и дополнений в некоторые законодательные акты Республики Казахстан по вопросам оценочной деятельности
ЗАК	Z1700000130	Новый	О ратификации Конвенции между Правительством Республики Казахстан и Правительством Ирландии об избежании двойного налогообложения и предотвращении уклонения от налогообложения в отношении налогов на доход и Протокола к ней
ЗАК	Z1700000128	Обновленный	О внесении изменений и дополнений в некоторые законодательные акты Республики Казахстан по вопросам информации и коммуникаций
ЗАК	Z1700000127	Новый	О внесении изменений и дополнений в Кодекс Республики Казахстан об административных правонарушениях
ЗАК	Z1700000129	Новый	О ратификации Соглашения между Правительством Республики Казахстан и Правительством Грузии о повторной реструктуризации задолженности Правительства Грузии по государственным кредитам, предоставленным Правительству Грузии Правительством Республики Казахстан
ЗАК	Z1700000126	Обновленный	О внесении изменений и дополнений в некоторые законодательные акты Республики Казахстан по вопросам недропользования
ЗАК	Z1700000124	Новый	О внесении изменений и дополнений в некоторые законодательные акты Республики Казахстан по вопросам таможенного регулирования
ЗАК	Z1700000121	Утративший силу	О введении в действие Кодекса Республики Казахстан "О налогах и других обязательных платежах в бюджет" (Налоговый кодекс)
ЗАК	Z1700000122	Обновленный	О внесении изменений и дополнений в некоторые законодательные акты Республики Казахстан по вопросам налогообложения
ЗАК	Z1700000118	Новый	О внесении изменений и дополнений в некоторые законодательные акты Республики Казахстан по вопросам модернизации процессуальных основ правоохранительной деятельности
ЗАК	Z1700000117	Обновленный	О ратификации Соглашения о сотрудничестве государств – участников Содружества Независимых Государств в борьбе с хищениями автотранспортных средств и обеспечении их возврата
ЗАК	Z1700000116	Новый	О ратификации Письма-соглашения между Республикой Казахстан и Международным Банком Реконструкции и Развития относительно поправок № 2 к Соглашению о займе № 7681-KZ (Проект развития автомобильных дорог Юг-Запад: Международный транзитный коридор Западная Европа – Западный Китай (ЦАРЭС 1b и 6b)) между Республикой Казахстан и Международным Банком Реконструкции и Развития
ЗАК	Z1700000115	Обновленный	О ратификации Договора о Таможенном кодексе Евразийского экономического союза
ЗАК	Z1700000114	Новый	О внесении изменений и дополнений в некоторые законодательные акты Республики Казахстан по вопросам жилищных отношений
ЗАК	Z1700000112	Обновленный	О внесении изменений и дополнений в некоторые законодательные акты Республики Казахстан по вопросам совершенствования бюджетного законодательства
ЗАК	Z1700000111	Утративший силу	О гарантированном трансферте из Национального фонда Республики Казахстан на 2018-2020 годы
ЗАК	Z1700000113	Обновленный	О республиканском бюджете на 2018 - 2020 годы
ЗАК	Z1700000110	Новый	О ратификации Соглашения о штаб-квартире между Правительством Республики Казахстан и Исламской Организацией по продовольственной безопасности
ЗАК	Z1700000108	Новый	О ратификации Письма-соглашения между Республикой Казахстан и Азиатским Банком Развития относительно поправок к Соглашению о займе № 2967-KAZ (Обычные операции) (Инвестиционная программа ЦАРЭС Коридор 2 [участки в Мангистауской области] – Проект 2) между Республикой Казахстан и Азиатским Банком Развития
ЗАК	Z1700000109	Новый	О внесении изменений и дополнений в Закон Республики Казахстан "О республиканском бюджете на 2017-2019 годы"
ЗАК	Z1700000105	Новый	О ратификации Конвенции о выдаче
ЗАК	Z1700000106	Новый	О ратификации Соглашения между Республикой Казахстан и Королевством Саудовская Аравия о передаче осужденных лиц
ЗАК	Z1700000107	Новый	О ратификации Соглашения между Республикой Казахстан и Королевством Саудовская Аравия о выдаче
ЗАК	Z1700000104	Новый	О ратификации Договора о торговле оружием
ЗАК	Z1700000101	Новый	О ратификации Протокола о внесении изменений и дополнений в Соглашение между Правительством Республики Казахстан и Правительством Республики Узбекистан о международном автомобильном сообщении от 20 марта 2006 года
ЗАК	Z1700000102	Новый	О ратификации Соглашения между Правительством Республики Казахстан и Правительством Королевства Норвегия о международных автомобильных перевозках
ЗАК	Z1700000103	Новый	О внесении изменений в Закон Республики Казахстан "О членстве Республики Казахстан в Международном Валютном Фонде, Международном Банке Реконструкции и Развития, Международной Финансовой Корпорации, Международной Ассоциации Развития, Многостороннем Агентстве Гарантии Инвестиций, Международном Центре по Урегулированию Инвестиционных Споров, Европейском Банке Реконструкции и Развития, Азиатском Банке Развития, Исламском Банке Развития"
ЗАК	Z1700000097	Новый	О ратификации Соглашения о перемещении служебного и гражданского оружия между государствами - членами Евразийского экономического союза
ЗАК	Z1700000098	Новый	О ратификации Договора между Республикой Казахстан и Республикой Сербия о правовой помощи по уголовным делам
ЗАК	Z1700000099	Новый	О ратификации Договора между Республикой Казахстан и Республикой Сербия о выдаче
ЗАК	Z1700000100	Новый	О ратификации Договора между Республикой Казахстан и Республикой Сербия о передаче осужденных лиц
ЗАК	Z1700000092	Новый	О ратификации Протокола между Правительством Республики Казахстан и Правительством Кыргызской Республики о техническом содействии
ЗАК	Z1700000093	Новый	О ратификации Протокола между Правительством Республики Казахстан и Правительством Кыргызской Республики о внесении изменений в Протокол между Правительством Республики Казахстан и Правительством Кыргызской Республики о техническом содействии от 26 декабря 2016 года
ЗАК	Z1700000094	Новый	О ратификации Протокола между Правительством Республики Казахстан и Правительством Кыргызской Республики о внесении изменений и дополнения в Протокол между Правительством Республики Казахстан и Правительством Кыргызской Республики о порядке предоставления помощи и контроля за ее использованием от 26 декабря 2016 года
ЗАК	Z1700000095	Новый	О ратификации Соглашения между Республикой Казахстан и Кыргызской Республикой о применении порядка регулирования доступа к услугам железнодорожного транспорта, включая основы тарифной политики
ЗАК	Z1700000096	Новый	О ратификации Протокола между Правительством Республики Казахстан и Правительством Кыргызской Республики о порядке предоставления помощи и контроля за ее использованием
ЗАК	Z1700000090	Обновленный	О внесении изменений и дополнений в некоторые законодательные акты Республики Казахстан по вопросам развития местного самоуправления
ЗАК	Z1700000089	Новый	О внесении изменений и дополнений в некоторые законодательные акты Республики Казахстан по вопросам электроэнергетики
ЗАК	Z1700000091	Новый	О внесении изменений и дополнений в некоторые законодательные акты Республики Казахстан по вопросам их приведения в соответствие с нормами Конституции Республики Казахстан
ЗАК	Z1700000088	Новый	О внесении изменений и дополнений в некоторые законодательные акты Республики Казахстан по вопросам Государственной образовательной накопительной системы
ЗАК	Z1700000087	Новый	О ратификации Соглашения между Правительством Республики Казахстан и Правительством Кыргызской Республики о развитии экономического сотрудничества в условиях евразийской экономической интеграции
ЗАК	Z1700000082	Новый	О ратификации Протокола о внесении изменений и дополнений в Протокол к Соглашению между Правительством Республики Казахстан и Правительством Республики Узбекистан о пунктах пропуска через казахстанско-узбекскую государственную границу от 4 сентября 2006 года
ЗАК	Z1700000083	Новый	О внесении изменений и дополнений в некоторые законодательные акты Республики Казахстан по вопросам дорожного движения
ЗАК	Z1700000084	Новый	О внесении изменений и дополнений в некоторые законодательные акты Республики Казахстан по вопросам совершенствования правоохранительной системы
ЗАК	Z1700000086	Новый	О внесении изменений и дополнений в некоторые законодательные акты Республики Казахстан по вопросам перераспределения полномочий между ветвями государственной власти
ЗАК	Z1700000081	Утративший силу	О прокуратуре
ЗАК	Z1700000080	Обновленный	О внесении изменений и дополнений в некоторые законодательные акты Республики Казахстан по вопросам здравоохранения
ЗАК	Z1700000079	Новый	О ратификации Протокола о внесении изменений и дополнений в Соглашение между Правительством Республики Казахстан и Правительством Кыргызской Республики о порядке пребывания граждан Республики Казахстан на территории Кыргызской Республики и граждан Кыргызской Республики на территории Республики Казахстан от 11 мая 2012 года
ЗАК	Z1700000076	Обновленный	О внесении изменений и дополнений в некоторые законодательные акты Республики Казахстан по вопросам социального обеспечения
ЗАК	Z1700000077	Новый	О внесении изменений и дополнений в Закон Республики Казахстан "О дипломатической службе Республики Казахстан"
ЗАК	Z1700000078	Новый	О ратификации Соглашения между Правительством Республики Казахстан и Правительством Российской Федерации о сотрудничестве в области авиационного поиска и спасания
ЗАК	Z1700000073	Новый	О внесении изменений и дополнений в некоторые законодательные акты Республики Казахстан по вопросам растительного и животного мира
ЗАК	Z1700000074	Новый	О ратификации Соглашения между Правительством Республики Казахстан и Правительством Кыргызской Республики о реадмиссии и Исполнительного протокола о порядке реализации Соглашения между Правительством Республики Казахстан и Правительством Кыргызской Республики о реадмиссии
ЗАК	Z1700000069	Новый	О внесении изменений и дополнений в некоторые законодательные акты Республики Казахстан по вопросам обороны и воинской службы
ЗАК	Z1700000070	Новый	О ратификации Соглашения о займе (Обычные операции) (Проект по реконструкции автодороги "Актобе – Макат", соединяющей Коридоры 1 и 6 ЦАРЭС) между Республикой Казахстан и Азиатским Банком Развития
ЗАК	Z1700000071	Новый	О ратификации Протокола о внесении изменений в Соглашение между Правительством Республики Казахстан и Правительством Российской Федерации об особенностях правового регулирования деятельности предприятий, учреждений и организаций железнодорожного транспорта от 18 октября 1996 года
ЗАК	Z1700000072	Новый	О ратификации Протокола о продлении срока действия Соглашения о реализации в 2015–2016 годах пилотного проекта по введению маркировки товаров контрольными (идентификационными) знаками по товарной позиции "Предметы одежды, принадлежности к одежде и прочие изделия, из натурального меха" от 8 сентября 2015 года
ЗАК	Z1700000068	Новый	О ратификации Генерального соглашения об экономическом, техническом и торговом сотрудничестве между странами-членами Организации Исламской Конференции
ЗАК	Z1700000067	Новый	О ратификации Соглашения о займе (Проект социального медицинского страхования) между Республикой Казахстан и Международным Банком Реконструкции и Развития
ЗАК	Z1700000066	Новый	О ратификации Устава Гаагской конференции по международному частному праву
ЗАК	Z1700000065	Новый	О внесении изменений и дополнений в некоторые законодательные акты Республики Казахстан по вопросам физической культуры и спорта
ЗАК	Z1700000064	Новый	О внесении изменений и дополнений в некоторые законодательные акты Республики Казахстан по вопросам использования воздушного пространства и деятельности авиации
ЗАК	Z1700000062	Обновленный	О коллекторской деятельности
ЗАК	Z1700000063	Обновленный	О внесении изменений и дополнений в некоторые законодательные акты Республики Казахстан по вопросам коллекторской деятельности
ЗАК	Z1700000059	Новый	О внесении изменений и дополнений в некоторые законодательные акты Республики Казахстан по вопросам транспорта
ЗАК	Z1700000060	Новый	О внесении изменений и дополнений в некоторые законодательные акты Республики Казахстан по вопросам культуры
ЗАК	Z1700000061	Новый	О ратификации Соглашения между Правительством Республики Казахстан и Правительством Республики Сербия о международном автомобильном сообщении
ЗАК	Z1700000058	Новый	О внесении изменений и дополнений в некоторые законодательные акты Республики Казахстан по вопросам совершенствования уголовно-исполнительного законодательства
ЗАК	Z1700000056	Новый	О внесении изменений и дополнений в Экологический кодекс Республики Казахстан
ЗАК	Z1700000057	Новый	О ратификации Протокола между Республикой Казахстан и Российской Федерацией о мерах по прекращению действия Соглашения между Республикой Казахстан и Российской Федерацией об условиях использования и аренды полигона Эмба (5580 база обеспечения испытательных работ) от 20 января 1995 года и Договора между Правительством Республики Казахстан и Правительством Российской Федерации об аренде испытательного полигона Эмба (5580 база обеспечения испытательных работ) от 18 октября 1996 года
ЗАК	Z1700000054	Новый	О ратификации Меморандума о взаимопонимании между Правительством Республики Казахстан и Правительством Турецкой Республики об оказании поддержки принимающей Стороны при проведении учений подразделениями специального назначения
ЗАК	Z1700000055	Новый	О ратификации Соглашения между Правительством Республики Казахстан и Правительством Республики Польша о реадмиссии лиц
ЗАК	Z1700000053	Новый	О внесении изменений и дополнений в некоторые законодательные акты Республики Казахстан по вопросам деятельности Высшего Судебного Совета Республики Казахстан и Международного финансового центра "Астана"
ЗАК	Z1700000051	Новый	О внесении изменений и дополнений в Конституцию Республики Казахстан
ЗАК	Z1700000050	Новый	О ратификации Соглашения между Правительством Республики Казахстан и Организацией Объединенных Наций по вопросам образования, науки и культуры (ЮНЕСКО) о создании в Республике Казахстан Центрально-Азиатского регионального гляциологического центра (категории 2) под эгидой ЮНЕСКО
ЗАК	Z1700000049	Новый	О внесении изменений и дополнений в некоторые законодательные акты Республики Казахстан по вопросам совершенствования гражданского, банковского законодательства и улучшения условий для предпринимательской деятельности
ЗАК	Z1700000047	Обновленный	О пастбищах
ЗАК	Z1700000046	Новый	О внесении изменений и дополнений в Закон Республики Казахстан "О республиканском бюджете на 2017–2019 годы"
ЗАК	Z1700000048	Новый	О внесении изменений и дополнений в некоторые законодательные акты Республики Казахстан по вопросам использования пастбищ
ЗАК	Z1700000044	Обновленный	О судебно-экспертной деятельности
ЗАК	Z1700000045	Новый	О внесении изменений и дополнений в некоторые законодательные акты Республики Казахстан по вопросам судебно-экспертной деятельности
ЗАК	Z1700000043	Новый	О ратификации Соглашения между Республикой Казахстан и Исламской Республикой Иран о передаче осужденных лиц
ЗАК	Z1600000040	Обновленный	О дактилоскопической и геномной регистрации
ЗАК	Z1600000042	Обновленный	О волонтерской деятельности
ЗАК	Z1600000038	Обновленный	О пробации
ЗАК	Z1600000037	Новый	О ратификации Конвенции между Правительством Республики Казахстан и Правительством Республики Словения об избежании двойного налогообложения и предотвращении уклонения от налогообложения в отношении налогов на доход и на капитал и Протокола к ней
ЗАК	Z1600000039	Новый	О внесении изменений и дополнений в некоторые законодательные акты Республики Казахстан по вопросам пробации
ЗАК	Z1600000041	Новый	О внесении изменений и дополнений в некоторые законодательные акты Республики Казахстан по вопросам дактилоскопической и геномной регистрации
ЗАК	Z1600000035	Обновленный	О контрразведывательной деятельности
ЗАК	Z1600000034	Обновленный	О внесении изменений и дополнений в некоторые законодательные акты Республики Казахстан по вопросам конкуренции и государственной поддержки жилищного строительства
ЗАК	Z1600000036	Новый	О внесении изменений и дополнений в некоторые законодательные акты Республики Казахстан по вопросам контрразведывательной деятельности
ЗАК	Z1600000032	Новый	О внесении изменений в Закон Республики Казахстан "О приостановлении действия отдельных норм Земельного кодекса Республики Казахстан и введения в действие Закона Республики Казахстан от 2 ноября 2015 года "О внесении изменений и дополнений в Земельный кодекс Республики Казахстан"
ЗАК	Z1600000028	Обновленный	О внесении изменений и дополнений в некоторые законодательные акты Республики Казахстан по вопросам противодействия экстремизму и терроризму
ЗАК	Z1600000029	Новый	О внесении изменений и дополнений в некоторые законодательные акты Республики Казахстан по вопросам обязательного социального медицинского страхования
ЗАК	Z1600000030	Новый	О ратификации Соглашения о сотрудничестве государств-участников Содружества Независимых Государств в области предупреждения и ликвидации чрезвычайных ситуаций
ЗАК	Z1600000031	Новый	О ратификации Соглашения между Правительством Республики Казахстан и Международным агентством по атомной энергии о создании Банка низкообогащенного урана Международного агентства по атомной энергии в Республике Казахстан
ЗАК	Z1600000033	Новый	О внесении изменений и дополнений в некоторые законодательные акты Республики Казахстан по вопросам государственной службы
ЗАК	Z1600000027	Новый	Об амнистии в связи с двадцатипятилетием Независимости Республики Казахстан
ЗАК	Z1600000026	Обновленный	О внесении изменений и дополнений в некоторые законодательные акты Республики Казахстан по вопросам налогообложения и таможенного администрирования
ЗАК	Z1600000024	С истёкшим сроком	Об объемах трансфертов общего характера между республиканским и областными бюджетами, бюджетами городов республиканского значения, столицы на 2017 – 2019 годы
ЗАК	Z1600000023	Утративший силу	О гарантированном трансферте из Национального фонда Республики Казахстан на 2017 - 2019 годы
ЗАК	Z1600000025	Обновленный	О республиканском бюджете на 2017 - 2019 годы
ЗАК	Z1600000022	Новый	О ратификации Протокола о внесении изменений в Соглашение между Республикой Казахстан и Российской Федерацией о статусе города Байконур, порядке формирования и статусе его органов исполнительной власти от 23 декабря 1995 года
ЗАК	Z1600000021	Новый	О ратификации Соглашения в форме обмена нотами о порядке признания официальных документов, подтверждающих резидентство, выданных уполномоченными органами Республики Казахстан и Российской Федерации в рамках Конвенции между Правительством Республики Казахстан и Правительством Российской Федерации об устранении двойного налогообложения и предотвращении уклонения от уплаты налогов на доход и капитал
ЗАК	Z1600000020	Новый	О ратификации Парижского соглашения
ЗАК	Z1600000019	Новый	О ратификации Договора о стратегическом партнерстве между Республикой Казахстан и Республикой Таджикистан
ЗАК	Z1600000018	Новый	О ратификации Соглашения о продолжении деятельности Международного научно-технического центра
ЗАК	Z1600000017	Новый	О ратификации Конвенции между Правительством Республики Казахстан и Правительством Республики Сербия об избежании двойного налогообложения и предотвращении уклонения от налогообложения в отношении налогов на доход и на капитал и Протокола к ней
ЗАК	Z1600000016	Новый	О ратификации Протокола о внесении изменений и дополнений в Соглашение о взаимном признании льгот и гарантий для участников и инвалидов Великой Отечественной войны, участников боевых действий на территории других государств, семей погибших военнослужащих от 15 апреля 1994 года
ЗАК	Z1600000014	Новый	О внесении изменения в Закон Республики Казахстан "О гарантированном трансферте из Национального фонда Республики Казахстан на 2016–2018 годы"
ЗАК	Z1600000015	Новый	О внесении изменений и дополнений в Закон Республики Казахстан "О республиканском бюджете на 2016-2018 годы"
ЗАК	Z1600000013	Новый	О ратификации Соглашения между Правительством Республики Казахстан и Правительством Исламской Республики Афганистан о сотрудничестве в области гражданской обороны, предупреждения и ликвидации чрезвычайных ситуаций
ЗАК	Z1600000011	Обновленный	О платежах и платежных системах
ЗАК	Z1600000012	Новый	О внесении изменений и дополнений в некоторые законодательные акты Республики Казахстан по вопросам платежей и платежных систем
ЗАК	Z1600000010	Новый	О ратификации Протокола о присоединении Республики Армения к Соглашению о единых принципах и правилах обращения медицинских изделий (изделий медицинского назначения и медицинской техники) в рамках Евразийского экономического союза от 23 декабря 2014 года
ЗАК	Z1600000009	Новый	О ратификации Протокола о внесении изменения в Протокол к Соглашению между Республикой Казахстан и Российской Федерацией о разграничении дна северной части Каспийского моря в целях осуществления суверенных прав на недропользование от 6 июля 1998 года
ЗАК	Z1600000008	Новый	О ратификации Протокола о присоединении Республики Армения к Соглашению о единых принципах и правилах обращения лекарственных средств в рамках Евразийского экономического союза от 23 декабря 2014 года
ЗАК	Z1600000007	Новый	О ратификации Соглашения о порядке создания и деятельности совместных следственно-оперативных групп на территориях государств-участников Содружества Независимых Государств
ЗАК	Z1600000006	Новый	О ратификации Конвенции между Правительством Республики Казахстан и Правительством Королевства Саудовской Аравии об избежании двойного налогообложения и предотвращении уклонения от налогообложения в отношении налогов на доход и Протокола к ней
ЗАК	Z1600000005	Обновленный	О приостановлении действия отдельных норм Земельного кодекса Республики Казахстан и введения в действие Закона Республики Казахстан от 2 ноября 2015 года "О внесении изменений и дополнений в Земельный кодекс Республики Казахстан"
ЗАК	Z1600000004	Новый	О ратификации Соглашения о займе (Первый кредит по финансированию политики развития в области макроэкономического управления и повышения конкурентоспособности экономики) между Республикой Казахстан и Международным Банком Реконструкции и Развития
ЗАК	Z1600000002	Новый	О ратификации Соглашения между Правительством Республики Казахстан и Правительством Республики Македония о поощрении и взаимной защите инвестиций
ЗАК	Z1600000001	Новый	О ратификации Соглашения между Правительством Республики Казахстан и Международным Банком Реконструкции и Развития об учреждении и функционировании офисов в Республике Казахстан
ЗАК	Z1600000506	Обновленный	О внесении изменений и дополнений в некоторые законодательные акты Республики Казахстан по вопросам перехода Республики Казахстан к "зеленой экономике"
ЗАК	Z1600000505	Новый	О внесении изменений и дополнений в некоторые законодательные акты Республики Казахстан по вопросам экологии и недропользования
ЗАК	Z1600000503	Новый	О ратификации Соглашения между Правительством Республики Казахстан и Правительством Республики Австрия о международных автомобильных перевозках грузов
ЗАК	Z1600000504	Новый	О внесении изменений и дополнений в некоторые законодательные акты Республики Казахстан по вопросам защиты прав потребителей
ЗАК	Z1600000498	Обновленный	О почте
ЗАК	Z1600000495	Обновленный	О лотереях и лотерейной деятельности
ЗАК	Z1600000501	Обновленный	О внесении изменений и дополнений в некоторые законодательные акты Республики Казахстан по вопросам защиты прав ребенка
ЗАК	Z1600000492	Новый	О ратификации Конвенции о международном порядке взыскания алиментов на детей и других форм содержания семьи и Протокола о праве, применимом к алиментным обязательствам
ЗАК	Z1600000493	Новый	О ратификации Соглашения о сотрудничестве государств-членов Организации Договора о коллективной безопасности в области перевозок воинских и других формирований, их движимого имущества, а также продукции военного назначения
ЗАК	Z1600000494	Новый	О внесении изменений и дополнений в некоторые законодательные акты Республики Казахстан по вопросам железнодорожного пассажирского транспорта
ЗАК	Z1600000496	Новый	О внесении изменений и дополнений в некоторые законодательные акты Республики Казахстан по вопросам лотерей и лотерейной деятельности
ЗАК	Z1600000497	Новый	О ратификации Протокола о продлении срока действия Соглашения о создании единой системы технического прикрытия железных дорог государств-членов Организации Договора о коллективной безопасности от 28 апреля 2003 года и о внесении в него изменений
ЗАК	Z1600000499	Новый	О внесении изменений и дополнений в некоторые законодательные акты Республики Казахстан по вопросам почты
ЗАК	Z1600000500	Новый	О внесении изменений и дополнений в некоторые законодательные акты Республики Казахстан по вопросам государственного регулирования производства и оборота отдельных видов нефтепродуктов
ЗАК	Z1600000502	Новый	О внесении изменений и дополнений в некоторые законодательные акты Республики Казахстан по вопросам регулирования зернового рынка
ЗАК	Z1600000488	Обновленный	Об арбитраже
ЗАК	Z1600000489	Новый	О внесении изменений и дополнений в некоторые законодательные акты Республики Казахстан по вопросам арбитража
ЗАК	Z1600000490	Новый	О внесении изменений и дополнений в некоторые законодательные акты Республики Казахстан по вопросам космической деятельности
ЗАК	Z1600000491	Новый	О внесении изменений и дополнений в некоторые законодательные акты Республики Казахстан по экологическим вопросам
ЗАК	Z1600000486	Обновленный	О долевом участии в жилищном строительстве
ЗАК	Z1600000487	Новый	О внесении изменений и дополнений в некоторые законодательные акты Республики Казахстан по вопросам долевого участия в жилищном строительстве
ЗАК	Z1600000480	Обновленный	О правовых актах
ЗАК	Z1600000482	Утративший силу	О занятости населения
ЗАК	Z1600000481	Новый	О внесении изменений в некоторые законодательные акты Республики Казахстан по вопросам правовых актов
ЗАК	Z1600000483	Новый	О внесении изменений и дополнений в некоторые законодательные акты Республики Казахстан по вопросам занятости населения
ЗАК	Z1600000484	Новый	О внесении изменений и дополнений в некоторые законодательные акты Республики Казахстан по вопросам оказания государственных услуг
ЗАК	Z1600000485	Новый	О ратификации Конвенции о получении за границей доказательств по гражданским или торговым делам
ЗАК	Z1600000479	Обновленный	О внесении изменений и дополнений в некоторые законодательные акты Республики Казахстан по вопросам сокращения разрешительных документов и упрощения разрешительных процедур
ЗАК	Z1600000477	Новый	О ратификации Соглашения между Правительством Республики Казахстан и Правительством Королевства Норвегия о реадмиссии лиц
ЗАК	Z1600000478	Новый	О ратификации Соглашения между Правительством Республики Казахстан и Правительством Республики Корея о временной трудовой деятельности граждан Республики Казахстан в Республике Корея и граждан Республики Корея в Республике Казахстан в рамках внутрикорпоративных переводов
ЗАК	Z1600000476	Новый	О ратификации Протокола о взаимодействии государств-членов Организации Договора о коллективной безопасности по противодействию преступной деятельности в информационной сфере
ЗАК	Z1600000475	Новый	О ратификации Соглашения о расширенном партнерстве и сотрудничестве между Республикой Казахстан, с одной стороны, и Европейским Союзом и его государствами-членами, с другой стороны
ЗАК	Z1600000474	Новый	О ратификации Протокола о региональной готовности, реагировании и сотрудничестве в случае инцидентов, вызывающих загрязнение нефтью, к Рамочной конвенции по защите морской среды Каспийского моря
ЗАК	Z1600000471	Новый	О ратификации Соглашения о сотрудничестве и взаимодействии государств-членов Шанхайской организации сотрудничества по пограничным вопросам
ЗАК	Z1600000472	Новый	О ратификации Соглашения между Правительством Республики Казахстан и Правительством Словацкой Республики о поощрении и взаимной защите инвестиций
ЗАК	Z1600000473	Новый	О ратификации Протокола 2005 года к Протоколу о борьбе с незаконными актами, направленными против безопасности стационарных платформ, расположенных на континентальном шельфе
ЗАК	Z1600000469	Новый	О внесении изменения в Закон Республики Казахстан "О гарантированном трансферте из Национального фонда Республики Казахстан на 2016-2018 годы"
ЗАК	Z1600000470	Новый	О внесении изменений и дополнений в Закон Республики Казахстан "О республиканском бюджете на 2016-2018 годы"
ЗАК	Z1600000467	Новый	О ратификации Соглашения между Правительством Республики Казахстан и Международным бюро выставок о льготах и преференциях для официальных участников, связанных с проведением Международной специализированной выставки ЭКСПО-2017 в городе Астане
ЗАК	Z1600000468	Новый	О ратификации Соглашения между Правительством Республики Казахстан и Правительством Республики Молдова о реадмиссии лиц с незаконным пребыванием и Исполнительного протокола по реализации Соглашения между Правительством Республики Казахстан и Правительством Республики Молдова о реадмиссии лиц с незаконным пребыванием
ЗАК	Z1600000463	Новый	О ратификации Протокола между Правительством Республики Казахстан и Правительством Российской Федерации о внесении изменений в Договор между Правительством Республики Казахстан и Правительством Российской Федерации об аренде испытательного полигона Сары-Шаган от 18 октября 1996 года
ЗАК	Z1600000464	Новый	О ратификации Протокола о внесении изменений и дополнений в Соглашение между Республикой Казахстан и Российской Федерацией об условиях использования и аренды испытательного полигона Сары-Шаган и обеспечения жизнедеятельности г. Приозерска от 20 января 1995 года
ЗАК	Z1600000465	Новый	О ратификации Соглашения между Правительством Республики Казахстан и Правительством Кыргызской Республики об оказании безвозмездной военно-технической помощи
ЗАК	Z1600000466	Новый	О ратификации Соглашения о реализации в 2015-2016 годах пилотного проекта по введению маркировки товаров контрольными (идентификационными) знаками по товарной позиции "Предметы одежды, принадлежности к одежде и прочие изделия из натурального меха"
ЗАК	Z1600000462	Новый	О ратификации Протокола о внесении изменений в Договор об учреждении Антикризисного фонда Евразийского экономического сообщества от 9 июня 2009 года и Протокола о внесении изменений в Соглашение об управлении средствами Антикризисного фонда Евразийского экономического сообщества от 9 июня 2009 года
ЗАК	Z1600000460	Новый	О ратификации Договора между Республикой Казахстан и Соединенным Королевством Великобритании и Северной Ирландии о взаимной правовой помощи по уголовным делам
ЗАК	Z1600000461	Новый	О ратификации Соглашения о свободной торговле между Евразийским экономическим союзом и его государствами-членами с одной стороны и Социалистической Республикой Вьетнам с другой стороны
ЗАК	Z16000461_1	Новый	О ратификации Соглашения о свободной торговле между Евразийским экономическим союзом и его государствами-членами с одной стороны и Социалистической Республикой Вьетнам с другой стороны
ЗАК	Z16000461_2	Новый	О ратификации Соглашения о свободной торговле между Евразийским экономическим союзом и его государствами-членами с одной стороны и Социалистической Республикой Вьетнам с другой стороны
ЗАК	Z16000461_3	Новый	О ратификации Соглашения о свободной торговле между Евразийским экономическим союзом и его государствами-членами с одной стороны и Социалистической Республикой Вьетнам с другой стороны
ЗАК	Z1600000457	Новый	О ратификации Соглашения между Правительством Республики Казахстан и Правительством Федеративной Республики Германия о приеме и транзите лиц (соглашение о реадмиссии)
ЗАК	Z1600000458	Новый	О ратификации Протокола о внесении изменений и дополнений в Соглашение между Республикой Казахстан и Российской Федерацией о порядке использования 929 Государственного летно-испытательного центра (объекты и боевые поля, размещенные на территории Республики Казахстан) Министерства обороны Российской Федерации от 20 января 1995 года
ЗАК	Z1600000459	Новый	О ратификации Протокола между Правительством Республики Казахстан и Правительством Российской Федерации о внесении изменений в Договор между Правительством Республики Казахстан и Правительством Российской Федерации об аренде объектов и боевых полей 929 Государственного летно-испытательного центра Российской Федерации, расположенных на территории Республики Казахстан, от 18 октября 1996 года
ЗАК	Z1600000455	Новый	О ратификации Протокола о внесении изменений в Соглашение между Правительством Республики Казахстан и Правительством Российской Федерации о порядке взаимодействия в случае возникновения аварий при пусках ракет с космодрома "Байконур" от 18 ноября 1999 года
ЗАК	Z1600000456	Новый	О ратификации Соглашения между Правительством Республики Казахстан и Правительством Чешской Республики о реадмиссии лиц с незаконным пребыванием
ЗАК	Z1600000453	Новый	О ратификации Протокола о внесении изменений и дополнений в Конвенцию между Республикой Казахстан и Чешской Республикой об избежании двойного налогообложения и предотвращении уклонения от уплаты налогов в отношении налогов на доход и на капитал
ЗАК	Z1600000454	Новый	О ратификации Соглашения о гранте (Проект развития молодежного корпуса) между Республикой Казахстан и Международным Банком Реконструкции и Развития (выступающим в качестве администратора Трастового фонда одного донора для программы по повышению энергоэффективности и развитию молодежного корпуса)
ЗАК	Z1600000452	Новый	О ратификации Соглашения между Республикой Казахстан и Республикой Индия о передаче осужденных лиц
ЗАК	Z1600000451	Новый	О ратификации Соглашения о займе (Проект по развитию трудовых навыков и стимулированию рабочих мест) между Республикой Казахстан и Международным Банком Реконструкции и Развития
ЗАК	Z1600000450	Новый	О ратификации Соглашения о займе (Проект стимулирования продуктивных инноваций) между Республикой Казахстан и Международным Банком Реконструкции и Развития
ЗАК	Z1600000448	Новый	О ратификации Протокола о внесении изменения в Соглашение между Правительством Республики Казахстан и Правительством Кыргызской Республики о пунктах пропуска через государственную границу, совершенное 25 декабря 2003 года в городе Астане
ЗАК	Z1600000449	Новый	О ратификации Конвенции о борьбе с дискриминацией в области образования
ЗАК	Z1600000447	Новый	О ратификации Статей Соглашения Азиатского Банка Инфраструктурных Инвестиций
ЗАК	Z1600000446	Новый	О внесении изменений и дополнений в некоторые законодательные акты Республики Казахстан по вопросам обеспечения безопасности при проведении спортивных и спортивно-массовых, зрелищных культурно-массовых мероприятий
ЗАК	Z1600000444	Обновленный	О драгоценных металлах и драгоценных камнях
ЗАК	Z1600000445	Новый	О внесении изменений и дополнений в некоторые законодательные акты Республики Казахстан по вопросам драгоценных металлов и драгоценных камней
ЗАК	Z1600000442	Обновленный	Об использовании атомной энергии
ЗАК	Z1600000443	Новый	О внесении изменений и дополнений в некоторые законодательные акты Республики Казахстан по вопросам использования атомной энергии
ЗАК	Z1500000441	Новый	О ратификации Соглашения о займе (Обычные операции) (Поддержка контрциклического развития) между Республикой Казахстан и Азиатским Банком Развития
ЗАК	Z1500000440	Новый	О ратификации Соглашения о введении единых форм паспорта транспортного средства (паспорта шасси транспортного средства) и паспорта самоходной машины и других видов техники и организации систем электронных паспортов
ЗАК	Z1500000439	Новый	О ратификации Протокола о некоторых вопросах ввоза и обращения товаров на таможенной территории Евразийского экономического союза
ЗАК	Z1500000436	Обновленный	О Высшем Судебном Совете Республики Казахстан
ЗАК	Z1500000434	Утративший силу	О государственных закупках
ЗАК	Z1500000435	Новый	О внесении изменений и дополнений в некоторые законодательные акты Республики Казахстан по вопросам государственных закупок
ЗАК	Z1500000432	Обновленный	О внесении изменений и дополнений в некоторые законодательные акты Республики Казахстан по вопросам налогообложения и таможенного администрирования
ЗАК	Z1500000433	Новый	О внесении изменений и дополнений в некоторые законодательные акты Республики Казахстан по вопросам защиты прав инвалидов
ЗАК	Z1500000429	Новый	О внесении изменений и дополнений в некоторые законодательные акты Республики Казахстан по вопросам деятельности неправительственных организаций
ЗАК	Z1500000430	Новый	О ратификации Соглашения между Республикой Казахстан и государствами Бенилюкс (Королевство Бельгия, Великое Герцогство Люксембург и Королевство Нидерландов) о реадмиссии и Протокола реализации Соглашения между Республикой Казахстан и государствами Бенилюкс (Королевство Бельгия, Великое Герцогство Люксембург и Королевство Нидерландов) о реадмиссии
ЗАК	Z1500000431	Новый	О ратификации Соглашения о займе (Проект повышения конкурентоспособности малых и средних предприятий) между Республикой Казахстан и Международным Банком Реконструкции и Развития
ЗАК	Z1500000426	Обновленный	О республиканском бюджете на 2016-2018 годы
ЗАК	Z1500000427	Утративший силу	О гарантированном трансферте из Национального фонда Республики Казахстан на 2016-2018 годы
ЗАК	Z1500000425	Новый	О внесении изменений и дополнений в Закон Республики Казахстан "О республиканском бюджете на 2015-2017 годы"
ЗАК	Z1500000428	Новый	О ратификации Второго протокола о внесении изменений в Соглашение о льготных условиях поставок специальной техники и специальных средств для оснащения правоохранительных органов и специальных служб государств-членов Организации Договора о коллективной безопасности от 6 октября 2007 года
ЗАК	Z1500000423	Утративший силу	О производстве органической продукции
ЗАК	Z1500000424	Новый	О внесении изменений и дополнений в некоторые законодательные акты Республики Казахстан по вопросам производства органической продукции и развития агропромышленного комплекса
ЗАК	Z1500000418	Обновленный	О кибербезопасности
ЗАК	Z1500000422	Обновленный	О внесении изменений и дополнений в некоторые законодательные акты Республики Казахстан по вопросам неработающих кредитов и активов банков второго уровня, оказания финансовых услуг и деятельности финансовых организаций и Национального Банка Республики Казахстан
ЗАК	Z1500000421	Обновленный	О внесении изменений и дополнений в некоторые законодательные акты Республики Казахстан по вопросам миграции и занятости населения
ЗАК	Z1500000419	Новый	О внесении изменений и дополнений в некоторые законодательные акты Республики Казахстан по вопросам информатизации
ЗАК	Z1500000420	Новый	О ратификации Соглашения между Правительством Республики Казахстан и Правительством Латвийской Республики о реадмиссии лиц
ЗАК	Z1500000416	Утративший силу	О государственной службе Республики Казахстан
ЗАК	Z1500000417	Обновленный	О внесении изменений и дополнений в некоторые законодательные акты Республики Казахстан по вопросам государственной службы
ЗАК	Z1500000415	Новый	О внесении изменений и дополнений в некоторые законодательные акты Республики Казахстан по вопросам регулирования труда
ЗАК	Z1500000410	Обновленный	О противодействии коррупции
ЗАК	Z1500000412	Обновленный	О внесении изменений и дополнений в некоторые законодательные акты Республики Казахстан по вопросам декларирования доходов и имущества физических лиц
ЗАК	Z1500000409	Новый	О ратификации Соглашения между Правительством Республики Казахстан и Правительством Республики Сербия о взаимном поощрении и защите инвестиций
ЗАК	Z1500000411	Новый	О внесении изменений и дополнений в некоторые законодательные акты Республики Казахстан по вопросам противодействия коррупции
ЗАК	Z1500000407	Новый	О внесении изменений и дополнений в некоторые законодательные акты Республики Казахстан по вопросам индустриально-инновационной политики
ЗАК	Z1500000408	Новый	О внесении изменений и дополнений в некоторые законодательные акты Республики Казахстан по вопросам оказания государственных услуг
ЗАК	Z1500000401	Обновленный	О доступе к информации
ЗАК	Z1500000402	Обновленный	О благотворительности
ЗАК	Z1500000405	Обновленный	Об обязательном социальном медицинском страховании
ЗАК	Z1500000406	Обновленный	О внесении изменений и дополнений в некоторые законодательные акты Республики Казахстан по вопросам обязательного социального медицинского страхования
ЗАК	Z1500000403	Обновленный	О внесении изменений и дополнений в некоторые законодательные акты Республики Казахстан по вопросам благотворительности
ЗАК	Z1500000404	Новый	О внесении изменений и дополнений в некоторые законодательные акты Республики Казахстан по вопросам доступа к информации
ЗАК	Z1500000398	Обновленный	О внесении изменений и дополнений в некоторые законодательные акты Республики Казахстан по вопросам образования
ЗАК	Z1500000399	Новый	О внесении изменений и дополнений в некоторые законодательные акты Республики Казахстан по вопросам реабилитации и банкротства
ЗАК	Z1500000400	Новый	О внесении изменений и дополнений в некоторые законодательные акты Республики Казахстан по вопросам амнистии граждан Республики Казахстан, оралманов и лиц, имеющих вид на жительство в Республике Казахстан, в связи с легализацией ими имущества
ЗАК	Z1500000392	Обновленный	О государственном аудите и финансовом контроле
ЗАК	Z1500000390	Обновленный	О саморегулировании
ЗАК	Z1500000394	Обновленный	О внесении изменений и дополнений в некоторые законодательные акты Республики Казахстан по вопросам электроэнергетики
ЗАК	Z1500000391	Новый	О внесении изменений и дополнений в некоторые законодательные акты
Республики Казахстан по вопросам саморегулирования
ЗАК	Z1500000393	Новый	О внесении изменений и дополнений в некоторые законодательные акты Республики Казахстан по вопросам государственного аудита и финансового контроля
ЗАК	Z1500000395	Новый	О внесении изменений и дополнений в некоторые законодательные акты
Республики Казахстан по вопросам совершенствования бюджетного законодательства
ЗАК	Z1500000396	Новый	О ратификации Договора между Республикой Казахстан и Венгрией о взаимной правовой помощи по уголовным делам
ЗАК	Z1500000397	Новый	О ратификации Договора между Республикой Казахстан и Княжеством Монако о взаимной правовой помощи по уголовным делам
ЗАК	Z1500000383	Обновленный	Об общественных советах
ЗАК	Z1500000389	Обновленный	О внесении изменений и дополнений в Земельный кодекс Республики Казахстан
ЗАК	Z1500000384	Новый	О внесении изменений и дополнений в некоторые законодательные акты Республики Казахстан по вопросам общественных советов
ЗАК	Z1500000385	Новый	О ратификации Соглашения между правительствами государств-членов Шанхайской организации сотрудничества о создании благоприятных условий для международных автомобильных перевозок
ЗАК	Z1500000386	Новый	О ратификации Соглашения о порядке передачи образцов наркотических средств, психотропных веществ и их прекурсоров
ЗАК	Z1500000387	Новый	О внесении изменений и дополнений в некоторые законодательные акты Республики Казахстан по вопросам развития местного самоуправления в Республике Казахстан
ЗАК	Z1500000388	Новый	О внесении изменений и дополнений в некоторые законодательные акты Республики Казахстан по вопросам деятельности местной полицейской службы
ЗАК	Z1500000379	Обновленный	О государственно-частном партнерстве
ЗАК	Z1500000381	Утративший силу	О коммерциализации результатов научной и (или) научно-технической деятельности
ЗАК	Z1500000382	Обновленный	О внесении изменений в некоторые законодательные акты Республики Казахстан по вопросам коммерциализации результатов научной и (или) научно-технической деятельности
ЗАК	Z1500000378	Новый	О внесении изменений и дополнений в некоторые законодательные акты
Республики Казахстан по вопросам совершенствования системы отправления правосудия
ЗАК	Z1500000380	Новый	О внесении изменений и дополнений в некоторые законодательные акты
Республики Казахстан по вопросам государственно-частного партнерства
ЗАК	Z1500000372	Обновленный	О сельскохозяйственных кооперативах
ЗАК	Z1500000371	Новый	О ратификации Соглашения между Правительством Республики Казахстан и Правительством Китайской Народной Республики о режиме казахстанско-китайской государственной границы
ЗАК	Z1500000373	Новый	О внесении изменений и дополнений в некоторые законодательные акты
Республики Казахстан по вопросам сельскохозяйственных кооперативов
ЗАК	Z1500000374	Новый	О внесении изменений и дополнений в некоторые законодательные акты Республики Казахстан по вопросам совершенствования деятельности правоохранительных органов и порядка прохождения правоохранительной службы
ЗАК	Z1500000376	Новый	О внесении изменений и дополнений в некоторые законодательные акты Республики Казахстан по вопросам предпринимательства
ЗАК	Z1500000369	Обновленный	О внесении изменений и дополнений в некоторые законодательные акты Республики Казахстан по вопросам социальной защиты населения
ЗАК	Z1500000366	Новый	О внесении изменений и дополнений в некоторые законодательные акты Республики Казахстан по вопросам архитектурной, градостроительной и строительной деятельности
ЗАК	Z1500000367	Новый	О внесении изменений и дополнений в некоторые законодательные акты Республики Казахстан по вопросам мобилизационной подготовки и мобилизации
ЗАК	Z1500000368	Новый	О внесении изменений и дополнений в некоторые законодательные акты Республики Казахстан по вопросам культуры и историко-культурного наследия
ЗАК	Z1500000364	Обновленный	О внесении изменений и дополнений в некоторые законодательные акты Республики Казахстан по вопросам регулирования торговой деятельности
ЗАК	Z1500000361	Новый	О внесении изменений и дополнений в Закон Республики Казахстан "Об Ассамблее народа Казахстана"
ЗАК	Z1500000362	Новый	О внесении изменений и дополнений в некоторые законодательные акты Республики Казахстан по вопросам совершенствования специальных экономических зон
ЗАК	Z1500000363	Новый	О внесении изменений и дополнений в некоторые законодательные акты Республики Казахстан по вопросам развития дорожно-транспортной инфраструктуры, транспортной логистики и авиаперевозок
ЗАК	Z1500000365	Новый	О внесении изменений и дополнений в некоторые законодательные акты Республики Казахстан в связи с вступлением во Всемирную торговую организацию
ЗАК	Z1500000359	Обновленный	О ратификации Соглашения о единых принципах и правилах обращения медицинских изделий (изделий медицинского назначения и медицинской техники) в рамках Евразийского экономического союза
ЗАК	Z1500000360	Новый	О ратификации Межамериканской конвенции об отбывании уголовного наказания за рубежом
ЗАК	Z1500000354	Новый	О ратификации Соглашения между Правительством Республики Казахстан и Правительством Российской Федерации об условиях передачи и о порядке дальнейшего использования казахстанского Узла Балхаш в российской системе предупреждения о ракетном нападении
ЗАК	Z1500000355	Новый	О ратификации Соглашения о единых принципах и правилах обращения лекарственных средств в рамках Евразийского экономического союза
ЗАК	Z1500000356	Новый	О ратификации Протокола о присоединении Республики Казахстан к Марракешскому соглашению об учреждении Всемирной торговой организации от 15 апреля 1994 года
ЗАК	Z1500000357	Новый	О ратификации Соглашения между Правительством Республики Казахстан и Правительством Исламской Республики Иран о международных автомобильных перевозках пассажиров и грузов
ЗАК	Z1500000358	Новый	О ратификации Протокола о внесении изменений в Соглашение между Правительством Республики Казахстан и Правительством Кыргызской Республики о международном автомобильном сообщении от 25 декабря 2003 года
ЗАК	Z1500000353	Новый	О ратификации Соглашения между Правительством Республики Казахстан и Всемирной организацией здравоохранения об открытии Географически удаленного офиса Всемирной организации здравоохранения по первичной медико-санитарной помощи в городе Алматы, Республика Казахстан
ЗАК	Z1500000352	Новый	О ратификации Договора между Республикой Казахстан и Румынией о правовой помощи по уголовным делам
ЗАК	Z1500000348	Новый	О ратификации Договора между Республикой Казахстан и Итальянской Республикой о выдаче лиц
ЗАК	Z1500000349	Новый	О ратификации Договора между Республикой Казахстан и Итальянский Республикой о взаимной правовой помощи по уголовным делам
ЗАК	Z1500000350	Новый	О ратификации Договора между Республикой Казахстан и Республикой Болгария о правовой помощи по уголовным делам
ЗАК	Z1500000351	Новый	О ратификации Межамериканской конвенции о взаимной помощи по уголовным делам
ЗАК	Z1500000346	Обновленный	О ратификации Договора о присоединении Кыргызской Республики к Договору о Евразийском экономическом союзе от 29 мая 2014 года, Протокола о внесении изменений в Договор о Евразийском экономическом союзе от 29 мая 2014 года и отдельные международные договоры, входящие в право Евразийского экономического союза, в связи с присоединением Кыргызской Республики к Договору о Евразийском экономическом союзе от 29 мая 2014 года, а также Протокола об условиях и переходных положениях по применению Кыргызской Республикой Договора о Евразийском экономическом союзе от 29 мая 2014 года, отдельных международных договоров, входящих в право Евразийского экономического союза, и актов органов Евразийского экономического союза в связи с присоединением Кыргызской Республики к Договору о Евразийском экономическом союзе от 29 мая 2014 года
ЗАК	Z1500000342	Утративший силу	О внесении изменений и дополнений в некоторые законодательные акты Республики Казахстан по вопросам пенсионного обеспечения
ЗАК	Z1500000343	Обновленный	О внесении изменений и дополнений в некоторые законодательные акты Республики Казахстан по вопросам противодействия легализации (отмыванию) доходов, полученных преступным путем, и финансированию терроризма
ЗАК	Z1500000344	Новый	О ратификации Соглашения между Правительством Республики Казахстан и Правительством Российской Федерации о реадмиссии и Исполнительного протокола о порядке реализации Соглашения между Правительством Республики Казахстан и Правительством Российской Федерации о реадмиссии
ЗАК	Z1500000345	Новый	О ратификации Соглашения между Правительством Республики Казахстан и Правительством Литовской Республики о реадмиссии лиц
ЗАК	Z1500000347	Новый	О ратификации Протокола о присоединении Республики Армения к подписанному 23 декабря 2014 года Договору о присоединении Кыргызской Республики к Договору о Евразийском экономическом союзе от 29 мая 2014 года
ЗАК	Z1500000338	Новый	О ратификации Конвенции о вручении за границей судебных и внесудебных документов по гражданским или торговым делам
ЗАК	Z1500000339	Новый	О ратификации Соглашения между Республикой Казахстан и Японией о поощрении и защите инвестиций
ЗАК	Z1500000336	Новый	О внесении изменений и дополнений в некоторые законодательные акты Республики Казахстан по вопросам развития хлопковой отрасли
ЗАК	Z1500000337	Новый	О внесении изменений и дополнений в некоторые законодательные акты Республики Казахстан по вопросам регулирования деятельности автономных организаций образования
ЗАК	Z1500000334	Новый	О ратификации Соглашения между Правительством Республики Казахстан и Правительством Туркменистана о деятельности пограничных представителей (пограничных комиссаров)
ЗАК	Z1500000335	Новый	О ратификации Соглашения между Республикой Казахстан и Туркменистаном о разграничении дна Каспийского моря между Республикой Казахстан и Туркменистаном
ЗАК	Z1500000332	Новый	О ратификации Соглашения о сохранении и рациональном использовании водных биологических ресурсов Каспийского моря
ЗАК	Z1500000333	Новый	О внесении изменений и дополнений в некоторые законодательные акты Республики Казахстан по вопросам усиления защиты права собственности, гарантирования защиты договорных обязательств и ужесточения ответственности за их нарушение
ЗАК	Z1500000330	Новый	О внесении изменений и дополнений в Закон Республики Казахстан "О карантине растений"
ЗАК	Z1500000331	Новый	О ратификации Договора между Республикой Казахстан и Соединенными Штатами Америки о взаимной правовой помощи по уголовным делам
ЗАК	Z1500000328	Новый	О ратификации Соглашения о сотрудничестве инженерных войск вооруженных сил государств – участников Содружества Независимых Государств в области гуманитарного разминирования
ЗАК	Z1500000329	Новый	О ратификации Соглашения между Правительством Республики Казахстан и Правительством Российской Федерации о передаче образовательных организаций города Байконур
ЗАК	Z1500000326	Новый	О ратификации Протокола о внесении изменений в Соглашение между Правительством Республики Казахстан и Правительством Российской Федерации о создании на космодроме "Байконур" космического ракетного комплекса "Байтерек" от 22 декабря 2004 года
ЗАК	Z1500000327	Новый	О ратификации Договора между Республикой Казахстан и Республикой Болгария о выдаче лиц
ЗАК	Z1500000325	Новый	О ратификации Соглашения о сотрудничестве в сфере предупреждения и ликвидации чрезвычайных ситуаций в Каспийском море
ЗАК	Z1500000323	Новый	О ратификации Договора между Республикой Казахстан и Румынией о выдаче лиц
ЗАК	Z1500000324	Новый	О ратификации Договора между Республикой Казахстан и Румынией о передаче осужденных лиц
ЗАК	Z1500000320	Обновленный	О миротворческой деятельности Республики Казахстан
ЗАК	Z1500000321	Новый	О внесении дополнений в некоторые законодательные акты Республики Казахстан по вопросам миротворческой деятельности Республики Казахстан
ЗАК	Z1500000322	Новый	О внесении изменений и дополнений в некоторые законодательные акты Республики Казахстан по вопросам водоснабжения и водоотведения, кредитования и субсидирования жилищно-коммунального хозяйства
ЗАК	Z1500000318	Новый	О ратификации Соглашения между Правительством Республики Казахстан и Правительством Кыргызской Республики о деятельности пограничных представителей
ЗАК	Z1500000319	Новый	О ратификации Соглашения между Республикой Казахстан и Кыргызской Республикой по мерам доверия в районе границы
ЗАК	Z1500000316	Обновленный	О специальных защитных, антидемпинговых и компенсационных мерах по отношению к третьим странам
ЗАК	Z1500000317	Новый	О внесении изменений и дополнений в некоторые законодательные акты Республики Казахстан по вопросам применения специальных защитных, антидемпинговых и компенсационных мер по отношению к третьим странам
ЗАК	Z1500000314	Обновленный	О минимальных социальных стандартах и их гарантиях
ЗАК	Z1500000313	Новый	О ратификации Протокола о внесении изменений и дополнений в Соглашение между Правительством Республики Казахстан и Правительством Французской Республики об условиях создания и использования космической системы дистанционного зондирования Земли и сборочно-испытательного комплекса космических аппаратов от 6 октября 2009 года
ЗАК	Z1500000315	Новый	О внесении изменений и дополнений в некоторые законодательные акты Республики Казахстан по вопросам минимальных социальных стандартов и их гарантий
ЗАК	Z1500000312	Новый	О внесении изменений и дополнений в некоторые законодательные акты Республики Казахстан по вопросам естественных монополий и регулируемых рынков
ЗАК	Z1500000311	Обновленный	О внесении изменений и дополнений в некоторые законодательные акты Республики Казахстан по вопросам страхования и исламского финансирования
ЗАК	Z1500000309	Новый	О ратификации Протокола о внесении изменений и дополнений в Протокол к Соглашению между Правительством Республики Казахстан и Правительством Республики Узбекистан о пунктах пропуска через казахстанско-узбекскую государственную границу от 4 сентября 2006 года
ЗАК	Z1500000310	Новый	О внесении изменений и дополнений в некоторые законодательные акты Республики Казахстан по вопросам игорного бизнеса
ЗАК	Z1500000306	Новый	О ратификации Соглашения между Правительством Республики Казахстан и Правительством Республики Таджикистан о сотрудничестве в области гражданской обороны, предупреждения и ликвидации чрезвычайных ситуаций
ЗАК	Z1500000307	Новый	О ратификации Соглашения между Правительством Республики Казахстан и Правительством Китайской Народной Республики о сотрудничестве в области предупреждения и ликвидации чрезвычайных ситуаций
ЗАК	Z1500000308	Новый	О внесении изменений и дополнений в некоторые законодательные акты Республики Казахстан по вопросам ограничения участия государства в предпринимательской деятельности
ЗАК	Z1500000302	Новый	О ратификации Соглашения о сотрудничестве в области организации интегрированного валютного рынка государств – участников Содружества Независимых Государств
ЗАК	Z1500000303	Новый	О ратификации Соглашения между Правительством Республики Казахстан и Правительством Социалистической Республики Вьетнам об избежании двойного налогообложения и предотвращении уклонения от налогообложения в отношении налогов на доход
ЗАК	Z1500000304	Новый	О ратификации Договора между Республикой Казахстан и Венгрией о выдаче
ЗАК	Z1500000305	Новый	О ратификации Договора между Республикой Казахстан и Венгрией о передаче осужденных лиц
ЗАК	Z1500000301	Новый	О ратификации Соглашения между Правительством Республики Казахстан и Правительством Республики Беларусь о реадмиссии и Исполнительного протокола о порядке реализации Соглашения между Правительством Республики Казахстан и Правительством Республики Беларусь о реадмиссии
ЗАК	Z1500000300	Новый	О внесении изменений и дополнений в некоторые законодательные акты Республики Казахстан по вопросам правового регулирования сферы интеллектуальной собственности
ЗАК	Z1500000299	Новый	О внесении изменений и дополнений в некоторые законодательные акты Республики Казахстан по вопросам здравоохранения
ЗАК	Z1500000298	Новый	О ратификации поправок к Статьям Соглашения Международного Валютного Фонда
ЗАК	Z1500000296	Новый	О ратификации Соглашения о гранте (Проект повышения энергоэффективности) между Республикой Казахстан и Международным Банком Реконструкции и Развития (выступающим в качестве администратора Трастового фонда одного донора для программы по повышению энергоэффективности и развитию молодежных объединений)
ЗАК	Z1500000297	Новый	О ратификации Конвенции для унификации некоторых правил международных воздушных перевозок
ЗАК	Z1500000295	Обновленный	О ратификации Соглашения о порядке защиты конфиденциальной информации и ответственности за ее разглашение при осуществлении Евразийской экономической комиссией полномочий по контролю за соблюдением единых правил конкуренции
ЗАК	Z1500000293	Новый	О внесении изменений и дополнений в некоторые законодательные акты Республики Казахстан по вопросам оптимизации и автоматизации государственных услуг в социально-трудовой сфере
ЗАК	Z1500000294	Новый	О ратификации Протокола о внесении изменения в Соглашение между Правительством Республики Казахстан и Правительством Российской Федерации о торгово-экономическом сотрудничестве в области поставок нефти и нефтепродуктов в Республику Казахстан от 9 декабря 2010 года
ЗАК	Z1500000291	Новый	О ратификации Соглашения государств-членов Таможенного союза об устранении технических барьеров во взаимной торговле с государствами–участниками Содружества Независимых Государств, не являющимися государствами–членами Таможенного союза
ЗАК	Z1500000292	Новый	О ратификации Соглашения между Правительством Республики Казахстан и Правительством Республики Македония об избежании двойного налогообложения и предотвращении уклонения от налогообложения в отношении налогов на доход
ЗАК	Z1500000290	Новый	О внесении изменений и дополнений в Закон Республики Казахстан "О республиканском бюджете на 2015-2017 годы"
ЗАК	Z1500000289	Новый	О ратификации Соглашения между Правительством Республики Казахстан и Правительством Республики Узбекистан о реадмиссии лиц и Исполнительного протокола о порядке реализации Соглашения между Правительством Республики Казахстан и Правительством Республики Узбекистан о реадмиссии лиц
ЗАК	Z1500000288	Новый	О ратификации Конвенции о правах инвалидов
ЗАК	Z1500000287	Новый	О ратификации Соглашения между Правительством Республики Казахстан и Правительством Венгрии о реадмиссии лиц, незаконно проживающих на территории их государств
ЗАК	Z1500000285	Обновленный	О государственной молодежной политике
ЗАК	Z1500000286	Новый	О внесении изменения и дополнения в Трудовой кодекс Республики Казахстан
ЗАК	Z1500000283	Новый	О ратификации Соглашения между Правительством Республики Казахстан и Правительством Государства Катар об избежании двойного налогообложения и предотвращении уклонения от налогообложения в отношении налогов на доход и Протокола к Соглашению между Правительством Республики Казахстан и Правительством Государства Катар об избежании двойного налогообложения и предотвращении уклонения от налогообложения в отношении налогов на доход
ЗАК	Z1500000284	Новый	О ратификации Соглашения между Правительством Республики Казахстан и Всемирной организацией здоровья животных о создании Субрегионального координационного офиса Всемирной организации здоровья животных по ящуру в городе Астане
ЗАК	Z1500000281	Новый	О ратификации Протокола о внесении изменений и дополнений в Соглашение между Правительством Республики Казахстан и Правительством Республики Узбекистан об условиях взаимных поездок граждан от 7 июля 2000 года
ЗАК	Z1500000282	Новый	О ратификации Поправки к статьям 25 и 26 Конвенции об охране и использовании трансграничных водотоков и международных озер
ЗАК	Z1500000279	Новый	О внесении изменений и дополнений в некоторые законодательные акты Республики Казахстан по вопросам энергосбережения и повышения энергоэффективности
ЗАК	Z1500000280	Новый	О ратификации Соглашения о защите секретной информации в рамках Содружества Независимых Государств
ЗАК	Z1500000276	Новый	О внесении изменений и дополнений в некоторые законодательные акты Республики Казахстан по вопросам прохождения аудита Международной морской организации
ЗАК	Z1500000277	Новый	О ратификации Протокола о внесении изменений в Соглашение между Правительством Республики Казахстан и Правительством Республики Беларусь о международном автомобильном сообщении от 19 января 2004 года
ЗАК	Z1500000278	Новый	О ратификации Соглашения между Правительством Республики Казахстан и Правительством Азербайджанской Республики о сотрудничестве в области гражданской обороны, предупреждения и ликвидации чрезвычайных ситуаций
ЗАК	Z1500000274	Обновленный	О Национальной гвардии Республики Казахстан
ЗАК	Z1500000275	Новый	О внесении изменений и дополнений в некоторые законодательные акты Республики Казахстан по вопросам Национальной гвардии, Вооруженных Сил и Службы государственной охраны Республики Казахстан
ЗАК	Z1400000269	Обновленный	О внесении изменений и дополнений в некоторые законодательные акты Республики Казахстан по вопросам кардинального улучшения условий для предпринимательской деятельности в Республике Казахстан
ЗАК	Z1400000270	Новый	О внесении изменений и дополнений в некоторые законодательные акты Республики Казахстан по вопросам жилищных отношений
ЗАК	Z1400000271	Новый	О внесении изменений и дополнений в некоторые законодательные акты Республики Казахстан по вопросам недропользования
ЗАК	Z1400000272	Новый	О внесении изменений и дополнений в Кодекс Республики Казахстан об административных правонарушениях
ЗАК	Z1400000273	Новый	О ратификации Соглашения между Республикой Казахстан и Республикой Беларусь о порядке пребывания граждан Республики Казахстан на территории Республики Беларусь и граждан Республики Беларусь на территории Республики Казахстан
ЗАК	Z1400000267	Новый	О ратификации Конвенции о взаимной административной помощи по налоговым делам с поправками, внесенными Протоколом о внесении изменений в Конвенцию о взаимной административной помощи по налоговым делам
ЗАК	Z1400000268	Новый	О ратификации Соглашения о займе (Вторая фаза Проекта по усовершенствованию ирригационных и дренажных систем) между Республикой Казахстан и Международным Банком Реконструкции и Развития
ЗАК	Z1400000265	Обновленный	О ратификации Договора о присоединении Республики Армения к Договору о Евразийском экономическом союзе от 29 мая 2014 года
ЗАК	Z1400000266	Новый	О ратификации Договора о прекращении деятельности Евразийского экономического сообщества
ЗАК	Z1400000263	Обновленный	Об официальной помощи развитию
ЗАК	Z1400000264	Новый	О внесении изменений и дополнений в некоторые законодательные акты Республики Казахстан по вопросам официальной помощи развитию
ЗАК	Z1400000261	Новый	О ратификации Соглашения между Правительством Республики Казахстан и Правительством Китайской Народной Республики о взаимном предоставлении земельных участков для строительства зданий дипломатических представительств
ЗАК	Z1400000262	Новый	О ратификации Конвенции о международном доступе к правосудию
ЗАК	Z1400000260	Новый	О ратификации Договора между Республикой Казахстан и Итальянской Республикой о передаче осужденных лиц
ЗАК	Z1400000259	Обновленный	О республиканском бюджете на 2015-2017 годы
ЗАК	Z1400000257	Обновленный	О внесении изменений и дополнений в некоторые законодательные акты Республики Казахстан по вопросам налогообложения
ЗАК	Z1400000258	Утративший силу	О гарантированном трансферте из Национального фонда Республики Казахстан на 2015-2017 годы
ЗАК	Z1400000256	Новый	О ратификации Устава Исламской Организации по продовольственной безопасности
ЗАК	Z1400000255	Новый	О ратификации Соглашения между Правительством Республики Казахстан и Правительством Китайской Народной Республики об управлении и эксплуатации совместного объединенного гидроузла "Достык" на реке Хоргос
ЗАК	Z1400000254	Новый	О внесении изменений и дополнений в некоторые законодательные акты Республики Казахстан по вопросам дальнейшего упрощения отправления правосудия, снижения бюрократических процедур
ЗАК	Z1400000250	Новый	О ратификации Соглашения между Республикой Казахстан и Российской Федерацией о порядке пребывания граждан Республики Казахстан на территории Российской Федерации и граждан Российской Федерации на территории Республики Казахстан
ЗАК	Z1400000251	Новый	О ратификации Соглашения между Правительством Республики Казахстан и Швейцарским Федеральным Советом о реадмиссии лиц, пребывающих без разрешения
ЗАК	Z1400000252	Новый	О ратификации Конвенции по вопросам гражданского процесса
ЗАК	Z1400000253	Новый	О ратификации Протокола между Правительством Республики Казахстан и Правительством Республики Беларусь о прекращении действия Соглашения между Правительством Республики Казахстан и Правительством Республики Беларусь о принципах взимания косвенных налогов при экспорте и импорте товаров (работ) от 2 февраля 1999 года
ЗАК	Z1400000249	Новый	О внесении изменений и дополнений в некоторые законодательные акты Республики Казахстан по вопросам передачи органам государственных доходов функций ветеринарно-санитарного контроля и контроля по карантину растений в автомобильных пунктах пропуска через таможенную границу Таможенного союза
ЗАК	Z1400000246	Новый	О ратификации Договора между Республикой Казахстан и Российской Федерацией о добрососедстве и союзничестве в XXI веке
ЗАК	Z1400000247	Новый	О внесении изменений в Закон Республики Казахстан "О республиканском бюджете на 2014-2016 годы"
ЗАК	Z1400000248	Новый	О внесении изменений и дополнений в некоторые законодательные акты Республики Казахстан по вопросам дальнейшего совершенствования системы государственного управления
ЗАК	Z1400000244	Новый	О внесении изменений и дополнений в некоторые законодательные акты Республики Казахстан по вопросам противодействия экстремизму и терроризму
ЗАК	Z1400000243	Новый	О ратификации Конвенции об основах, содействующих безопасности и гигиене труда (Конвенция 187)
ЗАК	Z1400000241	Новый	О ратификации Соглашения о создании Тюркской Академии
ЗАК	Z1400000242	Новый	О ратификации Соглашения между Правительством Республики Казахстан и Организацией Объединенных Наций о целевом фонде технического сотрудничества
ЗАК	Z1400000240	Обновленный	О ратификации Договора о Евразийском экономическом союзе
ЗАК	Z1400000239	Обновленный	О внесении изменений и дополнений в некоторые законодательные акты Республики Казахстан по вопросам разграничения полномочий между уровнями государственного управления
ЗАК	Z1400000237	Новый	О ратификации Соглашения между Правительством Республики Казахстан и Правительством Соединенного Королевства Великобритании и Северной Ирландии об обеспечении транзита груза/специального груза через территорию Республики Казахстан в связи с участием Вооруженных Сил Соединенного Королевства Великобритании и Северной Ирландии в международных усилиях по стабилизации и восстановлению Исламской Республики Афганистан
ЗАК	Z1400000236	Новый	О внесении изменений и дополнений в некоторые законодательные акты Республики Казахстан по вопросам законодательства об административных правонарушениях
ЗАК	Z1400000233	Новый	О внесении изменений и дополнений в некоторые законодательные акты Республики Казахстан по вопросам совершенствования уголовно-процессуального законодательства
ЗАК	Z1400000228	Обновленный	О физической культуре и спорте
ЗАК	Z1400000227	Новый	О внесении изменений и дополнений в некоторые законодательные акты Республики Казахстан по вопросам совершенствования уголовного законодательства
ЗАК	Z1400000229	Новый	О внесении изменений и дополнений в некоторые законодательные акты Республики Казахстан по вопросам физической культуры и спорта
ЗАК	Z1400000230	Новый	О внесении изменений и дополнений в некоторые законодательные акты Республики Казахстан по вопросам унификации норм законодательства Республики Казахстан о почте с нормами актов Всемирного почтового союза
ЗАК	Z1400000224	Обновленный	О ратификации Соглашения между Правительством Республики Казахстан и Правительством Российской Федерации о сотрудничестве в области транспортировки российской нефти через территорию Республики Казахстан в Китайскую Народную Республику
ЗАК	Z1400000225	Новый	О внесении изменений и дополнений в некоторые законодательные акты Республики Казахстан по вопросам государственного управления
ЗАК	Z1400000222	Новый	О ратификации Соглашения о займе (Проект институционального укрепления сектора правосудия) между Республикой Казахстан и Международным Банком Реконструкции и Развития
ЗАК	Z1400000223	Новый	О ратификации Соглашения между Правительством Республики Казахстан и Правительством Итальянской Республики об обеспечении транзита военного имущества и персонала через территорию Республики Казахстан в связи с участием Вооруженных Сил Итальянской Республики в усилиях по стабилизации и восстановлению Исламской Республики Афганистан
ЗАК	Z1400000213	Обновленный	Об амнистии граждан Республики Казахстан, оралманов и лиц, имеющих вид на жительство в Республике Казахстан, в связи с легализацией ими имущества
ЗАК	Z1400000214	Новый	О внесении дополнений в некоторые законодательные акты Республики Казахстан по вопросам амнистии граждан Республики Казахстан, оралманов и лиц, имеющих вид на жительство в Республике Казахстан, в связи с легализацией ими имущества
ЗАК	Z1400000215	Новый	О ратификации Протокола о внесении изменений в Соглашение между Правительством Республики Казахстан и Правительством Российской Федерации о торгово-экономическом сотрудничестве в области поставок нефти и нефтепродуктов в Республику Казахстан от 9 декабря 2010 года
ЗАК	Z1400000216	Новый	О ратификации Протокола между Правительством Республики Казахстан и Правительством Республики Сингапур о внесении изменений и дополнений в Соглашение между Правительством Республики Казахстан и Правительством Республики Сингапур об избежании двойного налогообложения и предотвращении уклонения от налогообложения в отношении налогов на доход
ЗАК	Z1400000217	Новый	О ратификации Соглашения о порядке перемещения наркотических средств, психотропных веществ и их прекурсоров по таможенной территории Таможенного союза
ЗАК	Z1400000218	Новый	О внесении изменения в Закон Республики Казахстан "О ратификации Конвенции об отмывании, выявлении, изъятии и конфискации доходов от преступной деятельности"
ЗАК	Z1400000219	Новый	О ратификации Соглашения между Правительством Республики Казахстан и Правительством Республики Узбекистан о деятельности пограничных представителей
ЗАК	Z1400000220	Новый	О ратификации Соглашения между Правительством Республики Казахстан и Правительством Эстонской Республики о поощрении и взаимной защите инвестиций
ЗАК	Z1400000221	Новый	О ратификации Соглашения о сотрудничестве в сфере безопасности на Каспийском море
ЗАК	Z1400000211	Обновленный	О профессиональных союзах
ЗАК	Z1400000212	Обновленный	О внесении изменений и дополнений в некоторые законодательные акты Республики Казахстан по вопросам деятельности профессиональных союзов и регулирования трудовых отношений
ЗАК	Z1400000210	Обновленный	О внесении изменений и дополнений в некоторые законодательные акты Республики Казахстан по вопросам государственного регулирования производства и оборота этилового спирта и алкогольной продукции
ЗАК	Z1400000209	Обновленный	О внесении изменений и дополнений в некоторые законодательные акты Республики Казахстан по вопросам совершенствования инвестиционного климата
ЗАК	Z1400000207	Обновленный	Об инновационном кластере "Астана Хаб
ЗАК	Z1400000208	Обновленный	О внесении изменений и дополнений в некоторые законодательные акты Республики Казахстан по вопросам инновационного кластера "Парк инновационных технологий"
ЗАК	Z1400000206	Новый	О внесении изменений и дополнений в некоторые законодательные акты Республики Казахстан по вопросам противодействия легализации (отмыванию) доходов, полученных преступным путем, и финансированию терроризма
ЗАК	Z1400000205	Новый	О ратификации Соглашения между Республикой Казахстан и Российской Федерацией о создании Единой региональной системы противовоздушной обороны Республики Казахстан и Российской Федерации
ЗАК	Z1400000202	Обновленный	О разрешениях и уведомлениях
ЗАК	Z1400000203	Обновленный	О внесении изменений и дополнений в некоторые законодательные акты Республики Казахстан по вопросам разрешительной системы
ЗАК	Z1400000204	Новый	О денонсации Соглашения о едином порядке экспортного контроля государств-членов Евразийского экономического сообщества
ЗАК	Z1400000201	Новый	О ратификации Договора о стратегическом партнерстве между Республикой Казахстан и Республикой Узбекистан
ЗАК	Z1400000199	Обновленный	Об органах внутренних дел Республики Казахстан
ЗАК	Z1400000200	Обновленный	О внесении изменений и дополнений в некоторые законодательные акты Республики Казахстан по вопросам деятельности органов внутренних дел
ЗАК	Z1400000198	Новый	О ратификации Поправки к Монреальскому протоколу по веществам, разрушающим озоновый слой, принятой в Пекине 3 декабря 1999 года
ЗАК	Z1400000196	Новый	О ратификации Соглашения между Правительством Республики Казахстан и Правительством Китайской Народной Республики о сотрудничестве в строительстве совместного объединенного гидроузла "Достык" на реке Хоргос
ЗАК	Z1400000197	Новый	О внесении изменения в Кодекс Республики Казахстан об административных правонарушениях
ЗАК	Z1400000194	Обновленный	О дорожном движении
ЗАК	Z1400000195	Обновленный	О внесении изменений и дополнений в некоторые законодательные акты Республики Казахстан по вопросам дорожного движения
ЗАК	Z1400000192	Обновленный	О ратификации Протокола о внесении изменений в Соглашение об условиях и механизме применения тарифных квот от 12 декабря 2008 года
ЗАК	Z1400000193	Новый	О ратификации Конвенции о международных выставках от 22 ноября 1928 года, Протоколов к ней от 10 мая 1948 года, от 16 ноября 1966 года, от 30 ноября 1972 года и Поправок к ней от 24 июня 1982 года и 31 мая 1988 года
ЗАК	Z1400000190	Новый	О ратификации Протокола к Соглашению между Правительством Республики Казахстан и Правительством Российской Федерации о сотрудничестве в области предупреждения промышленных аварий, катастроф, стихийных бедствий и ликвидации их последствий от 28 марта 1994 г. об упрощенном порядке пересечения государственной границы аварийно-спасательными службами и формированиями
ЗАК	Z1400000191	Новый	О ратификации Соглашения между Правительством Республики Казахстан и Правительством Кыргызской Республики о создании Центра по чрезвычайным ситуациям и снижению риска стихийных бедствий
ЗАК	Z1400000188	Обновленный	О гражданской защите
ЗАК	Z1400000187	Новый	О ратификации Протокола о применении Договора о зоне свободной торговли от 18 октября 2011 года между его Сторонами и Республикой Узбекистан
ЗАК	Z1400000189	Новый	О внесении изменений и дополнений в некоторые законодательные акты Республики Казахстан по вопросам гражданской защиты
ЗАК	Z1400000186	Новый	О ратификации Соглашения между Республикой Казахстан и Социалистической Республикой Вьетнам о взаимной правовой помощи по гражданским делам
ЗАК	Z1400000183	Новый	О ратификации Конвенции о создании процедуры установления минимальной заработной платы (Конвенция 26)
ЗАК	Z1400000184	Новый	О ратификации Конвенции об охране заработной платы (Конвенция 95)
ЗАК	Z1400000185	Новый	О внесении изменений и дополнений в некоторые законодательные акты Республики Казахстан по вопросам внешней разведки
ЗАК	Z1400000180	Новый	О внесении изменений в некоторые законодательные акты Республики Казахстан по вопросам социального обеспечения
ЗАК	Z1400000181	Новый	О внесении изменения в Закон Республики Казахстан "О гарантированном трансферте из Национального фонда Республики Казахстан на 2014-2016 годы"
ЗАК	Z1400000182	Новый	О внесении изменений и дополнений в Закон Республики Казахстан "О республиканском бюджете на 2014-2016 годы"
ЗАК	Z1400000178	Новый	О ратификации Соглашения о финансовых правилах Секретариата Совета сотрудничества тюркоязычных государств
ЗАК	Z1400000179	Новый	О внесении изменений и дополнений в некоторые законодательные акты Республики Казахстан по вопросам реорганизации банков второго уровня
ЗАК	Z1400000176	Обновленный	О реабилитации и банкротстве
ЗАК	Z1400000177	Обновленный	О внесении изменений и дополнений в некоторые законодательные акты Республики Казахстан по вопросам реабилитации и банкротства, налогообложения
ЗАК	Z1400000174	Новый	О ратификации Соглашения между Правительством Республики Казахстан и Правительством Социалистической Республики Вьетнам о поощрении и взаимной защите инвестиций
ЗАК	Z1400000175	Новый	О внесении изменений и дополнений в некоторые законодательные акты Республики Казахстан по вопросам противодействия бытовому насилию
ЗАК	Z1400000171	Новый	О ратификации Протокола о внесении изменений в Соглашение о льготных условиях поставок специальной техники и специальных средств для оснащения правоохранительных органов и специальных служб государств-членов Организации Договора о коллективной безопасности от 6 октября 2007 года
ЗАК	Z1400000172	Новый	О ратификации Соглашения между Республикой Казахстан и Европейским Банком Реконструкции и Развития относительно сотрудничества и деятельности Европейского Банка Реконструкции и Развития в Республике Казахстан
ЗАК	Z1400000173	Новый	О ратификации Протокола между Правительством Республики Казахстан и Швейцарским Федеральным Советом о внесении изменений и дополнений в Конвенцию между Правительством Республики Казахстан и Швейцарским Федеральным Советом об избежании двойного налогообложения в отношении налогов на доход и на капитал и Протокол, подписанные в Берне 21 октября 1999 года
ЗАК	Z1400000168	Новый	О внесении изменений и дополнений в некоторые законодательные акты Республики Казахстан по вопросам международных договоров Республики Казахстан
ЗАК	Z1400000169	Новый	О ратификации Соглашения об организации действий дежурных по противовоздушной обороне сил государств-участников Содружества Независимых Государств при получении информации о захвате (угоне) воздушного судна
ЗАК	Z1400000170	Новый	О ратификации Протокола о размещении объектов военной инфраструктуры на территориях государств-членов Организации Договора о коллективной безопасности
ЗАК	Z1400000167	Новый	О внесении изменений и дополнений в некоторые законодательные акты Республики Казахстан по вопросам архитектурной, градостроительной и строительной деятельности
ЗАК	Z1400000165	Новый	О внесении изменений и дополнений в некоторые законодательные акты Республики Казахстан по вопросам агропромышленного комплекса
ЗАК	Z1400000166	Новый	О внесении изменений и дополнений в некоторые законодательные акты Республики Казахстан по вопросам противодействия деятельности финансовых (инвестиционных) пирамид
ЗАК	Z1400000162	Обновленный	О ратификации Соглашения о применении информационных технологий при обмене электронными документами во внешней и взаимной торговле на единой таможенной территории Таможенного союза
ЗАК	Z1400000163	Обновленный	О ратификации Соглашения о создании, функционировании и развитии интегрированной информационной системы внешней и взаимной торговли Таможенного союза
ЗАК	Z1400000164	Новый	О внесении изменений и дополнений в некоторые законодательные акты Республики Казахстан по вопросам совершенствования исполнительного производства
ЗАК	Z1400000160	Новый	О ратификации Соглашения между Правительством Республики Казахстан и Правительством Кыргызской Республики о строительстве школы в Кыргызской Республике и Протокола о внесении изменений в Соглашение между Правительством Республики Казахстан и Правительством Кыргызской Республики о строительстве школы в Кыргызской Республике от 22 августа 2012 года
ЗАК	Z1400000161	Новый	О внесении изменений и дополнений в некоторые законодательные акты Республики Казахстан по вопросам государственных закупок
ЗАК	Z1400000158	Новый	О ратификации Протокола к Соглашению между правительствами государств-членов Шанхайской организации сотрудничества о взаимодействии при оказании помощи в ликвидации чрезвычайных ситуаций от 26 октября 2005 года
ЗАК	Z1400000159	Новый	О внесении изменений и дополнений в некоторые законодательные акты Республики Казахстан по вопросам закрепления компетенции государственных органов на законодательном и (или) подзаконном уровнях
ЗАК	Z1400000156	Новый	О внесении изменений и дополнений в некоторые законодательные акты Республики Казахстан по вопросам социального обеспечения
ЗАК	Z1400000157	Новый	О ратификации Дополнительного соглашения № 1 к Соглашению о займе от 30 марта 2009 года (Проект дорожного коридора Юг - Запад (Международный транзитный коридор Западная Европа - Западный Китай) между Республикой Казахстан и Европейским Банком Реконструкции и Развития
ЗАК	Z1300000154	Новый	О ратификации Соглашения о займе (Обычные операции) (Инвестиционная программа ЦАРЭС Коридор 2 [участки в Мангистауской области] – Проект 2) между Республикой Казахстан и Азиатским Банком Развития
ЗАК	Z1300000155	Новый	О ратификации Протокола о внесении изменения в Договор между Республикой Казахстан и Азербайджанской Республикой о передаче лиц, осужденных к лишению свободы, для дальнейшего отбывания наказания от 10 июня 1997 года
ЗАК	Z1300000153	Новый	О внесении изменений и дополнений в некоторые законодательные акты Республики Казахстан по вопросам трудовой миграции
ЗАК	Z1300000152	Обновленный	О внесении изменений и дополнений в некоторые законодательные акты Республики Казахстан по вопросам налогообложения
ЗАК	Z1300000150	Обновленный	О внесении изменений и дополнений в некоторые законодательные акты Республики Казахстан по вопросам совершенствования бюджетного законодательства
ЗАК	Z1300000148	Обновленный	О республиканском бюджете на 2014 - 2016 годы
ЗАК	Z1300000149	Новый	Об объемах трансфертов общего характера между республиканским и областными бюджетами, бюджетами города республиканского значения, столицы на 2014-2016 годы
ЗАК	Z1300000151	Новый	О внесении изменений и дополнений в некоторые законодательные акты Республики Казахстан по вопросам организации и проведения международной специализированной выставки ЭКСПО-2017 в Астане
ЗАК	Z1300000147	Утративший силу	О гарантированном трансферте из Национального фонда Республики Казахстан на 2014-2016 годы
ЗАК	Z1300000146	Новый	О внесении изменений в Закон Республики Казахстан "О республиканском бюджете на 2013-2015 годы"
ЗАК	Z1300000145	Новый	О ратификации Договора между Республикой Казахстан и Чешской Республикой о взаимной правовой помощи по уголовным делам
ЗАК	Z1300000143	Новый	О ратификации Соглашения между Республикой Казахстан и Турецкой Республикой о передаче осужденных лиц
ЗАК	Z1300000144	Новый	О ратификации Договора между Республикой Казахстан и Китайской Народной Республикой о передаче осужденных лиц
ЗАК	Z1300000141	Новый	О ратификации Конвенции о передаче лиц, страдающих психическими расстройствами, для проведения принудительного лечения
ЗАК	Z1300000142	Новый	О ратификации Соглашения между Правительством Республики Казахстан и Правительством Республики Таджикистан об оказании безвозмездной военно-технической помощи
ЗАК	Z1300000140	Новый	О ратификации Протокола о внесении изменений в Протокол об условиях и порядке применения в исключительных случаях ставок ввозных таможенных пошлин, отличных от ставок Единого таможенного тарифа, от 12 декабря 2008 года
ЗАК	Z1300000139	Новый	О ратификации Соглашения о займе (Обычные операции) (Проект реконструкции дороги ЦАРЭС Коридора 3 [участок дороги "Шымкент - Ташкент"] [подъезд к международному транзитному коридору "Западная Европа - Западная Китайская Народная Республика"]) между Республикой Казахстан и Азиатским Банком Развития
ЗАК	Z1300000138	Обновленный	О ратификации Конвенции между Правительством Республики Казахстан и Правительством Великого Герцогства Люксембург об избежании двойного налогообложения и предотвращении уклонения от налогообложения в отношении налогов на доход и капитал и Протокола между Правительством Республики Казахстан и Правительством Великого Герцогства Люксембург о внесении изменений и дополнений в Конвенцию между Правительством Республики Казахстан и Правительством Великого Герцогства Люксембург об избежании двойного налогообложения и предотвращении уклонения от налогообложения в отношении налогов на доход и капитал, подписанную в Астане 26 июня 2008 года
ЗАК	Z1300000137	Новый	О ратификации Протокола между Правительством Республики Казахстан и Правительством Республики Корея о внесении изменений в Соглашение между Правительством Республики Казахстан и Правительством Республики Корея в области развития, финансирования, проектирования, строительства, эксплуатации и технического обслуживания Балхашской тепловой электрической станции от 25 августа 2011 года
ЗАК	Z1300000136	Новый	О ратификации Соглашения между Правительством Республики Казахстан и Правительством Китайской Народной Республики о некоторых вопросах сотрудничества при развитии и эксплуатации нефтепровода "Казахстан - Китай"
ЗАК	Z1300000135	Новый	О ратификации Договора государств – участников Содружества Независимых Государств о межгосударственном розыске лиц
ЗАК	Z1300000134	Новый	О ратификации Конвенции между Правительством Республики Казахстан и Правительством Объединенных Арабских Эмиратов об избежании двойного налогообложения и предотвращении уклонения от налогообложения в отношении налогов на доход и Протокола к ней
ЗАК	Z1300000129	Обновленный	О Национальной палате предпринимателей Республики Казахстан
ЗАК	Z1300000132	Обновленный	О внесении изменений и дополнений в некоторые законодательные акты Республики Казахстан по вопросам транспорта
ЗАК	Z1300000130	Обновленный	О внесении изменений и дополнений в некоторые законодательные акты Республики Казахстан по вопросам Национальной палаты предпринимателей Республики Казахстан
ЗАК	Z1300000126	Новый	О внесении изменений и дополнений в некоторые законодательные акты Республики Казахстан по вопросам обеспечения прав на жилище детей-сирот, детей, оставшихся без попечения родителей
ЗАК	Z1300000127	Новый	О внесении изменений и дополнений в некоторые законодательные акты Республики Казахстан по вопросам противодействия торговле людьми
ЗАК	Z1300000128	Новый	О внесении изменений и дополнений в некоторые законодательные акты Республики Казахстан по вопросам поддержки использования возобновляемых источников энергии
ЗАК	Z1300000131	Новый	О внесении изменений и дополнений в некоторые законодательные акты Республики Казахстан по вопросам внедрения новых видов государственно-частного партнерства и расширения сфер их применения
ЗАК	Z1300000122	Утративший силу	О гарантированной государством юридической помощи
ЗАК	Z1300000120	Новый	О ратификации Протокола о внесении изменений и дополнений в Соглашение между Правительством Республики Казахстан и Правительством Китайской Народной Республики о сотрудничестве в строительстве и эксплуатации газопровода Казахстан - Китай от 18 августа 2007 года
ЗАК	Z1300000123	Новый	О внесении изменений и дополнений в некоторые законодательные акты Республики Казахстан по вопросам совершенствования системы предоставления гарантированной государством юридической помощи
ЗАК	Z1300000124	Новый	О внесении изменений и дополнений в некоторые законодательные акты Республики Казахстан по вопросам приведения их в соответствие с Системой государственного планирования Республики Казахстан
ЗАК	Z1300000125	Новый	О внесении изменений и дополнений в некоторые законодательные акты Республики Казахстан по вопросам совершенствования деятельности арбитража и третейского суда
ЗАК	Z1300000112	Обновленный	О внесении изменений и дополнений в некоторые законодательные акты Республики Казахстан по вопросам реформирования автодорожной отрасли
ЗАК	Z1300000111	Новый	О внесении изменений и дополнений в некоторые законодательные акты Республики Казахстан по вопросам создания национального превентивного механизма, направленного на предупреждение пыток и других жестоких, бесчеловечных или унижающих достоинство видов обращения и наказания
ЗАК	Z1300000113	Новый	О внесении изменений и дополнений в некоторые законодательные акты Республики Казахстан по вопросам судебно-экспертной деятельности
ЗАК	Z1300000114	Новый	О ратификации Соглашения о займе (Реконструкция участка дороги Шымкент - Ташкент) между Республикой Казахстан и Европейским Банком Реконструкции и Развития
ЗАК	Z1300000115	Новый	О ратификации Протокола о внесении изменений и дополнений в Соглашение между Правительством Республики Казахстан и Правительством Российской Федерации о порядке пересечения казахстанско-российской государственной границы жителями приграничных территорий Республики Казахстан и Российской Федерации от 3 октября 2006 года
ЗАК	Z1300000116	Новый	О ратификации Протокола о внесении изменений в Договор о дружбе, сотрудничестве и взаимной помощи между Республикой Казахстан и Российской Федерацией от 25 мая 1992 года
ЗАК	Z1300000117	Новый	О ратификации Соглашения между Правительством Республики Казахстан и Правительством Российской Федерации о сотрудничестве в области осуществления совместного контроля на казахстанско-российской государственной границе
ЗАК	Z1300000118	Новый	О ратификации Протокола между Республикой Казахстан и Чешской Республикой о внесении изменений и дополнений в Соглашение между Республикой Казахстан и Чешской Республикой о поощрении и взаимной защите инвестиций
ЗАК	Z1300000119	Новый	О ратификации Соглашения между Правительством Республики Казахстан и Правительством Румынии о поощрении и взаимной защите инвестиций
ЗАК	Z1300000110	Новый	О внесении изменений и дополнений в Закон Республики Казахстан "О республиканском бюджете на 2013-2015 годы"
ЗАК	Z1300000105	Утративший силу	О пенсионном обеспечении в Республике Казахстан
ЗАК	Z1300000109	Обновленный	О ратификации Протокола о внесении изменений и дополнений в Соглашение об определении таможенной стоимости товаров, перемещаемых через таможенную границу Таможенного союза, от 25 января 2008 года
ЗАК	Z1300000106	Обновленный	О внесении изменений и дополнений в некоторые законодательные акты 
Республики Казахстан по вопросам пенсионного обеспечения
ЗАК	Z1300000107	Новый	О внесении изменений и дополнений в некоторые законодательные акты Республики Казахстан по вопросам применения мер нетарифного регулирования в Таможенном союзе
ЗАК	Z1300000108	Новый	О ратификации Соглашения между Правительством Республики Казахстан и Правительством Республики Беларусь о взаимном предоставлении земельных участков для размещения дипломатических представительств
ЗАК	Z1300000102	Обновленный	О внесении изменений и дополнений в некоторые законодательные акты Республики Казахстан по вопросам разграничения полномочий между органами государственного управления
ЗАК	Z1300000101	Новый	О внесении изменений и дополнений в некоторые законодательные акты Республики Казахстан по вопросам развития местного самоуправления
ЗАК	Z1300000103	Новый	О ратификации Соглашения между Правительством Республики Казахстан и Правительством Соединенного Королевства Великобритании и Северной Ирландии об обеспечении транзита военного имущества и персонала через территорию Республики Казахстан в связи с участием Соединенного Королевства Великобритании и Северной Ирландии в международных усилиях по стабилизации и восстановлению Исламской Республики Афганистан
ЗАК	Z1300000104	Новый	О внесении изменений и дополнений в некоторые законодательные акты Республики Казахстан по вопросам дальнейшей декриминализации преступлений в сфере экономической деятельности
ЗАК	Z1300000097	Новый	О ратификации Договора между Республикой Казахстан и Королевством Испания о передаче осужденных лиц
ЗАК	Z1300000098	Новый	О ратификации Договора между Республикой Казахстан и Королевством Испания о выдаче
ЗАК	Z1300000099	Новый	О ратификации Письма-соглашения между Республикой Казахстан и Международным Банком Реконструкции и Развития относительно поправок в Соглашение о займе № 7681-KZ (Проект развития автомобильных дорог Юг-Запад: Международный транзитный коридор Западная Европа - Западный Китай (ЦАРЭС 1b и 6b) между Республикой Казахстан и Международным Банком Реконструкции и Развития
ЗАК	Z1300000100	Новый	О ратификации Соглашения о займе (Проект развития автомобильных дорог Восток-Запад (участок Алматы-Хоргос): Международный транзитный коридор Западная Европа - Западный Китай (ЦАРЭС 1b) между Республикой Казахстан и Международным Банком Реконструкции и Развития
ЗАК	Z1300000094	Обновленный	О персональных данных и их защите
ЗАК	Z1300000093	Новый	О внесении изменений и дополнений в некоторые законодательные акты Республики Казахстан по вопросам правоохранительной службы
ЗАК	Z1300000095	Новый	О внесении изменений и дополнений в некоторые законодательные акты Республики Казахстан по вопросам персональных данных и их защиты
ЗАК	Z1300000096	Новый	О ратификации Международной конвенции о пресечении обращения порнографических изданий и торговли ими, заключенной в Женеве 12 сентября 1923 года, с поправками, внесенными в соответствии с Протоколом, подписанным в Лейк Саксессе, Нью-Йорк, 12 ноября 1947 года
ЗАК	Z1300000092	Новый	О ратификации Соглашения между Правительством Республики Казахстан и Правительством Российской Федерации о разработке и реализации программ совместных работ в области военно-технического сотрудничества в интересах вооруженных сил Республики Казахстан и Российской Федерации
ЗАК	Z1300000091	Обновленный	О ратификации Соглашения между Правительством Республики Казахстан и Правительством Республики Корея в области развития, финансирования, проектирования, строительства, эксплуатации и технического обслуживания Балхашской тепловой электрической станции
ЗАК	Z1300000090	Новый	О ратификации Протокола к Соглашению о партнерстве и сотрудничестве между Республикой Казахстан, с одной стороны, и Европейскими Сообществами и их государствами-членами, с другой стороны, касательно распространения действия положений Соглашения о партнерстве и сотрудничестве на двустороннюю торговлю текстилем с учетом истечения срока действия двустороннего Соглашения по торговле текстильными изделиями
ЗАК	Z1300000088	Обновленный	О государственных и социально ответственных услугах
ЗАК	Z1300000089	Новый	О внесении изменений и дополнений в некоторые законодательные акты Республики Казахстан по вопросам государственных услуг
ЗАК	Z1300000085	Обновленный	О ратификации Соглашения между Правительством Республики Казахстан и Правительством Российской Федерации о торгово-экономическом сотрудничестве в области поставок нефти и нефтепродуктов в Республику Казахстан
ЗАК	Z1300000086	Новый	О ратификации Протокола о внесении изменений в Соглашение между Правительством Республики Казахстан и Правительством Российской Федерации о торгово-экономическом сотрудничестве в области поставок нефти и нефтепродуктов в Республику Казахстан от 9 декабря 2010 года
ЗАК	Z1300000087	Новый	О ратификации Протокола о внесении изменений в Соглашение о размере государственной пошлины и порядке ее взыскания при рассмотрении хозяйственных споров между субъектами хозяйствования разных государств от 24 декабря 1993 года
ЗАК	Z1300000082	Новый	О ратификации Устава Международного агентства по возобновляемой энергии (ИРЕНА)
ЗАК	Z1300000083	Новый	О ратификации поправки в Соглашение об учреждении Европейского Банка Реконструкции и Развития, санкционирующей его деятельность в странах Южного и Восточного Средиземноморья
ЗАК	Z1300000084	Новый	О ратификации поправки в Соглашение об учреждении Европейского Банка Реконструкции и Развития, санкционирующей использование средств специальных фондов в странах-получателях и в странах-потенциальных получателях
ЗАК	Z1300000081	Новый	О внесении изменений и дополнений в некоторые законодательные акты Республики Казахстан по вопросам конкуренции
ЗАК	Z1300000080	Обновленный	О ратификации Протокола о внесении изменений и дополнений в Соглашение о некоторых вопросах предоставления обеспечения уплаты таможенных пошлин, налогов в отношении товаров, перевозимых в соответствии с таможенной процедурой таможенного транзита, особенностях взыскания таможенных пошлин, налогов и порядке перечисления взысканных сумм в отношении таких товаров от 21 мая 2010 года
ЗАК	Z1300000077	Новый	О ратификации Протокола о внесении изменений и дополнений в Соглашение между Правительством Республики Казахстан и Кабинетом Министров Украины о взаимных поездках граждан от 19 мая 2000 года
ЗАК	Z1300000078	Новый	О ратификации Протокола между Правительством Республики Казахстан и Кабинетом Министров Украины о внесении изменения в Соглашение между Правительством Республики Казахстан и Кабинетом Министров Украины об условиях размещения дипломатических представительств Республики Казахстан в Украине и Украины в Республике Казахстан от 14 сентября 2010 года
ЗАК	Z1300000079	Новый	О внесении изменений и дополнений в Закон Республики Казахстан "О специальных экономических зонах в Республике Казахстан"
ЗАК	Z1300000076	Новый	О ратификации Соглашения о займе (Обычные операции) (ЦАРЭС Коридор 1 [Обход города Тараз] [Международный транзитный коридор Западная Европа – Западная Китайская Народная Республика] Проект) между Республикой Казахстан и Азиатским Банком Развития
ЗАК	Z1300000075	Новый	О внесении изменений и дополнений в некоторые законодательные акты Республики Казахстан по вопросам социального обеспечения
ЗАК	Z1300000073	Обновленный	О документах, удостоверяющих личность
ЗАК	Z1300000074	Новый	О внесении изменений и дополнений в некоторые законодательные акты Республики Казахстан по вопросам документов, удостоверяющих личность
ЗАК	Z1300000072	Новый	О внесении изменений и дополнений в некоторые законодательные акты Республики Казахстан по вопросам ономастики
ЗАК	Z1300000070	Обновленный	О Государственной границе Республики Казахстан
ЗАК	Z1300000071	Новый	О внесении изменений и дополнений в некоторые законодательные акты
Республики Казахстан по вопросам Государственной границы Республики Казахстан
ЗАК	Z1300000069	Новый	О внесении изменений и дополнений в некоторые законодательные акты Республики Казахстан по вопросам Внутренних войск Министерства внутренних дел Республики Казахстан
ЗАК	Z1300000067	Обновленный	О Государственной образовательной накопительной системе
ЗАК	Z1300000068	Новый	О внесении изменения и дополнения в некоторые законодательные акты Республики Казахстан по вопросам Государственной образовательной накопительной системы
ЗАК	Z1300000065	Новый	О ратификации Протокола между Правительством Республики Казахстан и Правительством Турецкой Республики о внесении изменений и дополнений в Протокол между Республикой Казахстан и Турецкой Республикой о передаче в пользование Республике Казахстан собственности, находящейся в уезде Кемер провинции Анталия, от 13 декабря 1993 года
ЗАК	Z1300000066	Новый	О ратификации Протокола о внесении изменений и дополнений в Соглашение между Правительством Республики Казахстан и Правительством Французской Республики об обеспечении транзита военного имущества и персонала через территорию Республики Казахстан в связи с участием Вооруженных Сил Французской Республики в усилиях по стабилизации и восстановлению Исламской Республики Афганистан, подписанное в Астане 6 октября 2009 года
ЗАК	Z1300000062	Новый	О ратификации Соглашения между Правительством Республики Казахстан и Правительством Азербайджанской Республики о взаимном предоставлении земельных участков для строительства зданий дипломатических представительств
ЗАК	Z1300000063	Новый	О внесении изменений и дополнений в некоторые законодательные акты Республики Казахстан по вопросам противодействия терроризму
ЗАК	Z1300000064	Новый	О внесении изменений и дополнений в некоторые законодательные акты Республики Казахстан по вопросам оптимизации и автоматизации социально значимых государственных услуг
ЗАК	Z1200000061	Обновленный	О внесении изменений и дополнений в некоторые законодательные акты Республики Казахстан по вопросам налогообложения
ЗАК	Z1200000060	Новый	О внесении изменений и дополнений в некоторые законодательные акты Республики Казахстан по вопросам государственной регистрации юридических лиц и учетной регистрации филиалов и представительств
ЗАК	Z1200000059	Новый	О внесении изменений и дополнений в некоторые законодательные акты Республики Казахстан по вопросам государственной службы
ЗАК	Z1200000056	Обновленный	О микрофинансовой деятельности
ЗАК	Z1200000057	Новый	О внесении изменений и дополнений в некоторые законодательные акты Республики Казахстан по вопросам деятельности микрофинансовых организаций
ЗАК	Z1200000058	Новый	О ратификации Соглашения о сотрудничестве и взаимопомощи в таможенных делах по вопросам деятельности представительств таможенных служб государств-членов Таможенного союза в рамках Евразийского экономического сообщества
ЗАК	Z1200000054	Обновленный	О республиканском бюджете на 2013-2015 годы
ЗАК	Z1200000055	Новый	О внесении изменений и дополнений в Бюджетный кодекс Республики Казахстан
ЗАК	Z1200000053	Обновленный	О ратификации Протокола о внесении изменений и дополнений в Соглашение о применении специальных защитных, антидемпинговых и компенсационных мер по отношению к третьим странам от 25 января 2008 года
ЗАК	Z1200000052	Утративший силу	О гарантированном трансферте из Национального фонда Республики Казахстан на 2013-2015 годы
ЗАК	Z1200000051	Новый	О внесении изменений и дополнений в Закон Республики Казахстан "О республиканском бюджете на 2012-2014 годы"
ЗАК	Z1200000050	Новый	О ратификации Конвенции о равном обращении и равных возможностях для трудящихся мужчин и женщин: трудящиеся с семейными обязанностями (Конвенция 156)
ЗАК	Z1200000049	Обновленный	О ратификации Договора об Объединенной коллегии таможенных служб государств-членов Таможенного союза
ЗАК	Z1200000048	Новый	О ратификации Конвенции о гражданско-правовых аспектах международного похищения детей
ЗАК	Z1200000047	Обновленный	О ратификации Договора о противодействии легализации (отмыванию) доходов, полученных преступным путем, и финансированию терроризма при перемещении наличных денежных средств и (или) денежных инструментов через таможенную границу Таможенного союза
ЗАК	Z1200000046	Новый	О ратификации Договора о зоне свободной торговли
ЗАК	Z1200000043	Новый	О внесении дополнения в Закон Республики Казахстан "О праздниках в Республике Казахстан"
ЗАК	Z1200000044	Новый	О ратификации Договора между Республикой Казахстан и Исламской Республикой Иран о выдаче
ЗАК	Z1200000045	Новый	О ратификации Конвенции между Республикой Казахстан и Королевством Испания о взаимной правовой помощи по уголовным делам
ЗАК	Z1200000042	Новый	О ратификации Соглашения между Республикой Казахстан и Святым Престолом о взаимоотношениях
ЗАК	Z1200000040	Новый	О ратификации Протокола о создании общего страхового рынка государств-членов Евразийского экономического сообщества
ЗАК	Z1200000041	Новый	О ратификации Соглашения между Правительством Республики Казахстан и Правительством Республики Австрия о поощрении и взаимной защите инвестиций
ЗАК	Z1200000037	Новый	О ратификации Соглашения между Правительством Республики Казахстан и Правительством Российской Федерации о взаимном учреждении торговых представительств
ЗАК	Z1200000038	Новый	О ратификации Соглашения между Правительством Республики Казахстан и Правительством Российской Федерации об открытии отделений торговых представительств
ЗАК	Z1200000039	Новый	О ратификации Соглашения об основополагающих принципах валютной политики государств-членов Евразийского экономического сообщества по регулированию и контролю операций, связанных с движением капитала
ЗАК	Z1200000036	Обновленный	О внесении изменений и дополнений в некоторые законодательные акты Республики Казахстан по вопросам сокращения разрешительных документов и оптимизации контрольных и надзорных функций государственных органов
ЗАК	Z1200000031	Новый	О внесении изменений и дополнений в некоторые законодательные акты Республики Казахстан по вопросам технического регулирования и метрологии
ЗАК	Z1200000032	Новый	О внесении изменений и дополнений в некоторые законодательные акты Республики Казахстан по вопросам реализации статьи 78 Конституции Республики Казахстан
ЗАК	Z1200000033	Новый	О внесении изменений и дополнений в некоторые законодательные акты Республики Казахстан по вопросам развития и поддержки агропромышленного комплекса
ЗАК	Z1200000034	Новый	О внесении изменений и дополнений в некоторые законодательные акты Республики Казахстан по вопросам государственной монополии
ЗАК	Z1200000035	Новый	О внесении изменений и дополнений в законы Республики Казахстан "О транспорте в Республике Казахстан" и "О торговом мореплавании"
ЗАК	Z1200000026	Обновленный	О ратификации Соглашения между Правительством Республики Казахстан и Правительством Кыргызской Республики о порядке пребывания граждан Республики Казахстан на территории Кыргызской Республики и граждан Кыргызской Республики на территории Республики Казахстан
ЗАК	Z1200000030	Обновленный	О внесении изменений и дополнений в некоторые законодательные акты Республики Казахстан по вопросам организации деятельности Национального Банка Республики Казахстан, регулирования финансового рынка и финансовых организаций
ЗАК	Z1200000027	Новый	О внесении изменений и дополнений в Закон Республики Казахстан "О жилищных строительных сбережениях в Республике Казахстан"
ЗАК	Z1200000028	Новый	О ратификации Протокола о внесении изменения в Соглашение между Правительством Республики Казахстан и Правительством Исламской Республики Афганистан о сотрудничестве в области образования от 22 ноября 2009 года
ЗАК	Z1200000029	Новый	О ратификации Конвенции о международных гарантиях в отношении подвижного оборудования и Протокола по авиационному оборудованию к Конвенции о международных гарантиях в отношении подвижного оборудования
ЗАК	Z1200000025	Обновленный	О внесении изменений и дополнений в некоторые законодательные акты Республики Казахстан по вопросам электроэнергетики, инвестиционной деятельности субъектов естественных монополий и регулируемого рынка
ЗАК	Z1200000022	Новый	О внесении изменений и дополнения в некоторые законодательные акты Республики Казахстан по вопросам здравоохранения
ЗАК	Z1200000024	Новый	О внесении изменений и дополнений в некоторые законодательные акты Республики Казахстан по вопросам государственных символов
ЗАК	Z1200000020	Обновленный	О магистральном трубопроводе
ЗАК	Z1200000021	Обновленный	О внесении изменений и дополнений в некоторые законодательные акты Республики Казахстан по вопросам магистрального трубопровода и налогообложения
ЗАК	Z1200000019	Обновленный	О внесении изменений и дополнений в некоторые законодательные акты Республики Казахстан по вопросам противодействия легализации (отмыванию) доходов, полученных незаконным путем, и финансированию терроризма и обналичивания денег
ЗАК	Z1200000017	Обновленный	О ратификации Соглашения об осуществлении транспортного (автомобильного) контроля на внешней границе Таможенного союза
ЗАК	Z1200000018	Новый	О ратификации Соглашения между Правительством Республики Казахстан и Правительством Российской Федерации об урегулировании взаимных финансовых вопросов и условиях расчетов в области военного образования и использования испытательных полигонов
ЗАК	Z1200000016	Обновленный	О ратификации Протокола о внесении изменений в Статут Суда Евразийского экономического сообщества от 5 июля 2010 года
ЗАК	Z1200000015	Обновленный	О внесении изменений и дополнений в некоторые законодательные акты Республики Казахстан по вопросам исключения противоречий, пробелов, коллизий между нормами права различных законодательных актов и норм, способствующих совершению коррупционных правонарушений
ЗАК	Z1200000013	Новый	О ратификации Соглашения о сохранении специализации предприятий и организаций, участвующих в производстве продукции военного назначения в рамках Организации Договора о коллективной безопасности
ЗАК	Z1200000014	Новый	О внесении изменений и дополнений в некоторые законодательные акты Республики Казахстан по вопросам защищенной связи
ЗАК	Z1200000011	Новый	О ратификации Соглашения между Правительством Республики Казахстан и Правительством Королевства Испания об обеспечении транзита военного  имущества и персонала через территорию Республики Казахстан в связи с участием Королевства Испания в международных усилиях по стабилизации и восстановлению Исламской Республики Афганистан
ЗАК	Z1200000012	Новый	О ратификации Соглашения между Республикой Казахстан и Объединенными Арабскими Эмиратами о выдаче преступников
ЗАК	Z1200000007	Новый	О ратификации Договора между Республикой Казахстан и Республикой Индия об оказании правовой помощи по гражданским делам
ЗАК	Z1200000008	Новый	О ратификации Соглашения о сотрудничестве государств-членов Организации Договора о коллективной безопасности в области разработки, производства, эксплуатации, ремонта, модернизации, продления сроков эксплуатации и утилизации продукции военного назначения
ЗАК	Z1200000009	Новый	О ратификации Протокола об обеспечении технической и информационной совместимости вооружения и военной техники сил и средств системы коллективной безопасности Организации Договора о коллективной безопасности
ЗАК	Z1200000010	Новый	О ратификации Сингапурского договора о законах по товарным знакам
ЗАК	Z1200000003	Новый	О ратификации Соглашения о порядке формирования и функционирования сил и средств системы коллективной безопасности Организации Договора о коллективной безопасности
ЗАК	Z1200000004	Новый	О ратификации Соглашения об общих принципах создания межгосударственных научно-производственных объединений в Организации Договора о коллективной безопасности по выпуску продукции военного назначения
ЗАК	Z1200000005	Новый	О внесении изменения в Закон Республики Казахстан "О гарантированном трансферте из Национального фонда Республики Казахстан на 2012-2014 годы"
ЗАК	Z1200000006	Новый	О внесении изменений и дополнений в Закон Республики Казахстан "О республиканском бюджете на 2012-2014 годы"
ЗАК	Z1200000001	Обновленный	О ратификации Соглашения о статусе формирований сил и средств системы коллективной безопасности Организации Договора о коллективной безопасности
ЗАК	Z1200000002	Новый	О ратификации Третьего протокола о внесении изменений в Соглашение об основных принципах военно-технического сотрудничества между государствами-участниками Договора о коллективной безопасности от 15 мая 1992 года
ЗАК	Z1200000569	Новый	О ратификации Соглашения о Евразийской группе по противодействию легализации преступных доходов и финансированию терроризма
ЗАК	Z1200000570	Новый	О ратификации Устава Организации Исламская Конференция
ЗАК	Z1200000567	Новый	О внесении изменений и дополнений в некоторые законодательные акты Республики Казахстан по вопросам инвестиций
ЗАК	Z1200000568	Новый	О ратификации Соглашения между Организацией Объединенных Наций и Правительством Республики Казахстан об открытии Представительства Организации Объединенных Наций в Казахстане
ЗАК	Z1200000563	Новый	О ратификации Международной конвенции об охране прав исполнителей, производителей фонограмм и вещательных организаций
ЗАК	Z1200000564	Новый	О внесении изменений и дополнений в некоторые законодательные акты Республики Казахстан по вопросам оздоровления конкурентоспособных предприятий
ЗАК	Z1200000565	Новый	О внесении изменений и дополнений в некоторые законодательные акты Республики Казахстан по вопросам совершенствования апелляционного, кассационного и надзорного порядка рассмотрения дел, повышения уровня доверия и обеспечения доступности к правосудию
ЗАК	Z1200000566	Новый	О внесении изменений и дополнений в Трудовой кодекс Республики Казахстан
ЗАК	Z1200000561	Обновленный	О воинской службе и статусе военнослужащих
ЗАК	Z1200000557	Новый	О внесении изменений и дополнений в некоторые законодательные акты Республики Казахстан по усилению ответственности участников бюджетного процесса, получателей бюджетных средств и повышению эффективности бюджетных процедур
ЗАК	Z1200000558	Новый	О ратификации Соглашения о займе (Обычные операции) (Инвестиционная Программа для Транспортного коридора ЦАРЭС 2 (участки Мангистауской области) – Проект 1) между Республикой Казахстан и Азиатским Банком Развития
ЗАК	Z1200000560	Новый	О внесении изменений и дополнений в Закон Республики Казахстан "О Высшем Судебном Совете Республики Казахстан" и признании утратившими силу некоторых законодательных актов Республики Казахстан
ЗАК	Z1200000562	Новый	О внесении изменений и дополнений в некоторые законодательные акты Республики Казахстан по вопросам обороны и воинской службы
ЗАК	Z1200000556	Новый	О внесении изменений и дополнений в некоторые законодательные акты Республики Казахстан по вопросам службы пробации
ЗАК	Z1200000554	Новый	О ратификации Конвенции о пересмотре Конвенции (пересмотренной) 1952 года об охране материнства
ЗАК	Z1200000555	Новый	О ратификации Договора между Республикой Казахстан и Республикой Корея о выдаче
ЗАК	Z1200000552	Обновленный	О специальных государственных органах Республики Казахстан
ЗАК	Z1200000553	Новый	О внесении изменений и дополнений в некоторые законодательные акты Республики Казахстан по вопросам специальных государственных органов Республики Казахстан
ЗАК	Z1200000550	Обновленный	О Фонде национального благосостояния
ЗАК	Z1200000551	Новый	О внесении изменений и дополнений в некоторые законодательные акты Республики Казахстан по вопросам деятельности Фонда национального благосостояния
ЗАК	Z1200000549	Новый	О ратификации Соглашения между Правительством Казахстана и Правительством Соединенных Штатов Америки относительно сотрудничества по облегчению оказания содействия
ЗАК	Z1200000548	Обновленный	О внесении изменений и дополнений в некоторые законодательные акты Республики Казахстан по вопросам лесного хозяйства, животного мира и особо охраняемых природных территорий
ЗАК	Z1200000545	Утративший силу	О телерадиовещании
ЗАК	Z1200000546	Новый	О внесении изменений и дополнений в некоторые законодательные акты Республики Казахстан по вопросам телерадиовещания
ЗАК	Z1200000547	Новый	О внесении изменений и дополнений в некоторые законодательные акты Республики Казахстан по вопросам уголовно-исполнительной системы
ЗАК	Z1200000544	Новый	О ратификации Рамочного соглашения о финансировании (КАЗ: Инвестиционная программа Транспортный коридор ЦАРЭС 2 (участки Мангистауской области)
ЗАК	Z1200000541	Обновленный	Об энергосбережении и повышении энергоэффективности
ЗАК	Z1200000542	Обновленный	О внесении изменений и дополнений в некоторые законодательные акты Республики Казахстан по вопросам энергосбережения и повышения энергоэффективности
ЗАК	Z1200000543	Новый	О внесении изменений и дополнений в некоторые законодательные акты Республики Казахстан по вопросам государственных закупок
ЗАК	Z1200000538	Обновленный	О внесении изменений и дополнений в некоторые законодательные акты Республики Казахстан по вопросам развития фондового рынка в Республике Казахстан
ЗАК	Z1200000537	Новый	О внесении изменений и дополнений в некоторые законодательные акты Республики Казахстан по вопросам интеллектуальной собственности
ЗАК	Z1200000539	Новый	О внесении изменений и дополнений в некоторые законодательные акты Республики Казахстан по вопросам проектного финансирования
ЗАК	Z1200000540	Новый	О внесении изменений и дополнений в некоторые законодательные акты Республики Казахстан по вопросам племенного животноводства
ЗАК	Z1200000536	Обновленный	О ратификации Договора о Евразийской экономической комиссии
ЗАК	Z1200000532	Обновленный	О газе и газоснабжении
ЗАК	Z1200000534	Утративший силу	О государственной поддержке индустриально-инновационной деятельности
ЗАК	Z1200000535	Обновленный	О внесении изменений и дополнений в некоторые законодательные акты Республики Казахстан по вопросам государственной поддержки индустриально-инновационной деятельности
ЗАК	Z1200000531	Новый	О ратификации Соглашения между Правительством Республики Казахстан и Правительством Турецкой Республики об условиях деятельности Международного Казахско-Турецкого университета имени Ходжа Ахмеда Ясави и Протокола о внесении изменения в Соглашение между Правительством Республики Казахстан и Правительством Турецкой Республики об условиях деятельности Международного Казахско-Турецкого университета имени Ходжа Ахмеда Ясави от 22 октября
2009 года
ЗАК	Z1200000533	Новый	О внесении изменений и дополнений в некоторые законодательные акты Республики Казахстан по вопросам газа и газоснабжения
ЗАК	Z1200000527	Обновленный	О национальной безопасности Республики Казахстан
ЗАК	Z1200000528	Обновленный	О космической деятельности
ЗАК	Z1200000529	Новый	О внесении изменений и дополнений в некоторые законодательные акты Республики Казахстан по вопросам космической деятельности
ЗАК	Z1200000530	Новый	О внесении изменений и дополнений в некоторые законодательные акты Республики Казахстан по вопросам валютного регулирования и валютного контроля
ЗАК	Z1200000525	Новый	О внесении дополнения в Закон Республики Казахстан "О государственных наградах Республики Казахстан"
ЗАК	Z1100000524	Обновленный	О внесении изменений и дополнений в некоторые законодательные акты Республики Казахстан по вопросам регулирования банковской деятельности и финансовых организаций в части минимизации рисков
ЗАК	Z1100000521	Новый	Об амнистии в связи с двадцатилетием государственной независимости Республики Казахстан
ЗАК	Z1100000522	Новый	О внесении изменений и дополнения в Закон Республики Казахстан "О государственной правовой статистике и специальных учетах"
ЗАК	Z1100000523	Новый	О внесении изменений и дополнений в некоторые законодательные акты Республики Казахстан по вопросам адвокатуры
ЗАК	Z1100000519	Новый	О внесении изменений и дополнения в Закон Республики Казахстан "О ратификации уставных документов некоторых международных организаций"
ЗАК	Z1100000520	Новый	О ратификации Соглашения о займе (КАЗСТАТ: Проект по укреплению национальной статистической системы) между Республикой Казахстан и Международным Банком Реконструкции и Развития
ЗАК	Z1100000516	Новый	О внесении изменений и дополнений в Закон Республики Казахстан "О нотариате"
ЗАК	Z1100000517	Новый	О внесении изменений и дополнений в некоторые законодательные акты Республики Казахстан по вопросам детских деревень семейного типа и домов юношества
ЗАК	Z1100000515	Новый	О внесении изменений и дополнений в некоторые законодательные акты Республики Казахстан по вопросам государственного социального заказа
ЗАК	Z1100000512	Новый	О ратификации Протокола между Правительством Республики Казахстан и Кабинетом Министров Украины о внесении изменений в Соглашение между Правительством Республики Казахстан и Кабинетом Министров Украины об условиях размещения дипломатических представительств Республики Казахстан в Украине и Украины в Республике Казахстан от 14 сентября 2010 года
ЗАК	Z1100000513	Новый	О ратификации Соглашения между Правительством Республики Казахстан и Правительством Кыргызской Республики о сотрудничестве в области гражданской
обороны (защиты), предупреждения и ликвидации чрезвычайных ситуаций
ЗАК	Z1100000514	Новый	О ратификации Конвенции об охране нематериального культурного наследия
ЗАК	Z1100000511	Обновленный	О ратификации Соглашения о правовой помощи и взаимодействии таможенных органов государств-членов таможенного союза по уголовным делам и делам об административных правонарушениях
ЗАК	Z1100000510	Обновленный	О ратификации Соглашения между Правительством Республики Казахстан и Кабинетом Министров Украины об условиях размещения дипломатических представительств Республики Казахстан в Украине и Украины в Республике Казахстан
ЗАК	Z1100000509	Новый	О внесении дополнения в Закон Республики Казахстан "О праздниках в Республике Казахстан"
ЗАК	Z1100000507	Новый	О ратификации Конвенции о мерах, направленных на запрещение и предупреждение незаконного ввоза, вывоза и передачи права собственности на культурные ценности
ЗАК	Z1100000508	Новый	О ратификации Соглашения между Правительством Республики Казахстан и Правительством Республики Беларусь о сотрудничестве в области гражданской обороны, предупреждения и ликвидации чрезвычайных ситуаций
ЗАК	Z1100000506	Обновленный	О ратификации Договора об особенностях уголовной и административной ответственности за нарушения таможенного законодательства таможенного союза и государств-членов таможенного союза
ЗАК	Z1100000505	Новый	О внесении изменений и дополнений в некоторые законодательные акты Республики Казахстан по экологическим вопросам
ЗАК	Z1100000504	Новый	О ратификации Соглашения о свободной торговле между Правительством Республики Казахстан и Правительством Республики Сербия
ЗАК	Z1100000502	Новый	О внесении изменений и дополнений в некоторые законодательные акты Республики Казахстан по вопросам противодействия организованной преступности, террористической и экстремистской деятельности
ЗАК	Z1100000503	Новый	О ратификации Соглашения о займе (Обычные операции)(Транспортный коридор ЦАРЭС 1 [Участок дороги в Жамбылской области] [Международный транзитный коридор Западная Европа - Западный Китай] Инвестиционная Программа - Проект 4) между Республикой Казахстан и Азиатским Банком Развития
ЗАК	Z1100000499	Новый	О ратификации Протокола о внесении изменений в Устав Организации Договора о коллективной безопасности от 7 октября 2002 года
ЗАК	Z1100000500	Новый	О ратификации Конвенции о привилегиях и иммунитетах Секретариата, его персонала и представителей государств-членов Совещания по взаимодействию и мерам доверия в Азии
ЗАК	Z1100000501	Новый	О ратификации Протокола о внесении изменений в Договор о коллективной безопасности от 15 мая 1992 года
ЗАК	Z1100000497	Новый	О ратификации Соглашения о развитии в Евразийском экономическом сообществе международного лизинга сельскохозяйственной техники, машин, механизмов, оборудования и транспортных средств, используемых в агропромышленных комплексах
ЗАК	Z1100000498	Новый	О ратификации Соглашения между Правительством Республики Казахстан и Центральноазиатским региональным информационным координационным центром по борьбе с незаконным оборотом наркотических средств, психотропных веществ и их прекурсоров об условиях его пребывания в городе Алматы
ЗАК	Z1100000496	Обновленный	О республиканском бюджете на 2012 - 2014 годы
ЗАК	Z1100000495	Новый	О внесении изменений и дополнений в некоторые законодательные акты Республики Казахстан по вопросам разграничения компетенции уполномоченных органов по государственному и бюджетному планированию и совершенствования бюджетного процесса
ЗАК	Z1100000494	Новый	О ратификации Договора о функционировании Таможенного союза в рамках многосторонней торговой системы
ЗАК	Z1100000491	Утративший силу	О гарантированном трансферте из Национального фонда Республики Казахстан на 2012-2014 годы
ЗАК	Z1100000492	Новый	О ратификации Соглашения между Республикой Казахстан и Объединенными Арабскими Эмиратами о взаимной правовой помощи по уголовным делам
ЗАК	Z1100000493	Новый	О ратификации Соглашения между Правительством Республики Казахстан и Правительством Кыргызской Республики об оказании безвозмездной военно-технической помощи
ЗАК	Z1100000488	Новый	О ратификации Протокола о внесении изменения в Соглашение между Правительством Республики Казахстан и Правительством Соединенных Штатов Америки об обеспечении коммерческого железнодорожного транзита специального груза через территорию Республики Казахстан в связи с участием Соединенных Штатов Америки в усилиях по стабилизации и восстановлению Исламской Республики Афганистан
ЗАК	Z1100000489	Новый	О ратификации Протокола о внесении изменений и дополнений
в Договор о Комиссии Таможенного союза от 6 октября 2007 года
ЗАК	Z1100000490	Новый	О внесении изменений и дополнений в некоторые законодательные акты Республики Казахстан по вопросам совершенствования правоохранительной деятельности и дальнейшей гуманизации уголовного законодательства
ЗАК	Z1100000487	Новый	О внесении изменений и дополнений в Закон Республики Казахстан "Об образовании"
ЗАК	Z1100000486	Обновленный	О ратификации Протокола к Соглашению между Правительством Республики Казахстан и Правительством Республики Узбекистан о пунктах пропуска через казахстанско-узбекскую государственную границу от 16 ноября 2001 года
ЗАК	Z1100000485	Новый	О внесении изменений и дополнений в Закон Республики Казахстан "О республиканском бюджете на 2011-2013 годы"
ЗАК	Z1100000483	Обновленный	О религиозной деятельности и религиозных объединениях
ЗАК	Z1100000484	Новый	О внесении изменений и дополнений в некоторые законодательные акты Республики Казахстан по вопросам религиозной деятельности и религиозных объединений
ЗАК	Z1100000482	Новый	О ратификации Второго протокола о внесении дополнения в Протокол о порядке осуществления контроля за целевым использованием продукции военного назначения, поставляемой в рамках Соглашения об основных принципах военно-технического сотрудничества между государствами-участниками
Договора о коллективной безопасности от 15 мая 1992 года
ЗАК	Z1100000481	Новый	О ратификации Второго протокола о внесении дополнений в Соглашение об основных принципах военно-технического сотрудничества между государствами-участниками Договора о коллективной безопасности от 15 мая 1992 года
ЗАК	Z1100000477	Обновленный	О миграции населения
ЗАК	Z1100000472	Обновленный	О ратификации Соглашения о создании условий на финансовых рынках для обеспечения свободного движения капитала
ЗАК	Z1100000473	Обновленный	О ратификации Соглашения о согласованной макроэкономической политике
ЗАК	Z1100000474	Обновленный	О ратификации Соглашения о единых правилах государственной поддержки сельского хозяйства
ЗАК	Z1100000476	Обновленный	О ратификации Соглашения о единых правилах предоставления промышленных субсидий
ЗАК	Z1100000480	Обновленный	О ратификации Соглашения между Правительством Республики Казахстан и Правительством Французской Республики об обеспечении транзита военного имущества и персонала через территорию Республики Казахстан в связи с участием Вооруженных Сил Французской Республики в усилиях по стабилизации и восстановлению Исламской Республики Афганистан
ЗАК	Z1100000471	Новый	О ратификации Договора о стратегическом партнерстве между Республикой Казахстан и Турецкой Республикой
ЗАК	Z1100000475	Новый	О внесении изменений и дополнений в некоторые законодательные акты Республики Казахстан по вопросам организации исламского финансирования
ЗАК	Z1100000478	Новый	О внесении изменений и дополнений в некоторые законодательные акты Республики Казахстан по вопросам миграции населения
ЗАК	Z1100000479	Новый	О внесении изменений и дополнений в некоторые законодательные акты Республики Казахстан по вопросам жилищных отношений
ЗАК	Z1100000469	Утративший силу	О специальных экономических зонах в Республике Казахстан
ЗАК	Z1100000467	Обновленный	О внесении изменений и дополнений в некоторые законодательные акты Республики Казахстан по вопросам налогообложения
ЗАК	Z1100000465	Новый	О внесении изменений и дополнений в некоторые законодательные акты Республики Казахстан по вопросам совершенствования внешнего государственного финансового контроля
ЗАК	Z1100000466	Новый	О внесении изменения и дополнений в некоторые законодательные акты Республики Казахстан по вопросам электронных денег
ЗАК	Z1100000468	Новый	О внесении изменений и дополнений в некоторые законодательные акты Республики Казахстан по вопросам центров обслуживания населения
ЗАК	Z1100000470	Новый	О внесении изменений и дополнений в некоторые законодательные акты Республики Казахстан по вопросам специальных экономических зон
ЗАК	Z1100000463	Обновленный	О государственном регулировании производства и оборота отдельных видов нефтепродуктов
ЗАК	Z1100000462	Новый	О внесении изменения в Закон Республики Казахстан "О естественных монополиях и регулируемых рынках"
ЗАК	Z1100000464	Новый	О внесении изменений и дополнений в некоторые законодательные акты Республики Казахстан по вопросам регулирования земельных отношений
ЗАК	Z1100000461	Обновленный	О внесении изменений и дополнений в некоторые законодательные акты Республики Казахстан по вопросам совершенствования разрешительной системы
ЗАК	Z1100000455	Обновленный	О ратификации Соглашения о торговле услугами и инвестициях в государствах-участниках Единого экономического пространства
ЗАК	Z1100000456	Обновленный	О ратификации Соглашения о единых принципах и правилах конкуренции
ЗАК	Z1100000457	Обновленный	О ратификации Соглашения о государственных (муниципальных) закупках
ЗАК	Z1100000458	Обновленный	О ратификации Соглашения об обеспечении доступа к услугам естественных монополий в сфере электроэнергетики, включая основы ценообразования и тарифной политики
ЗАК	Z1100000459	Обновленный	О ратификации Соглашения о порядке применения специальных защитных, антидемпинговых и компенсационных мер в течение переходного периода
ЗАК	Z1100000460	Обновленный	О ратификации Протокола о порядке предоставления органу, проводящему расследования, сведений, содержащих в том числе конфиденциальную информацию, для целей расследований, предшествующих введению специальных защитных, антидемпинговых и компенсационных мер по отношению к третьим странам
ЗАК	Z1100000453	Новый	О ратификации Договора между Республикой Казахстан и Республикой Корея о взаимной правовой помощи по уголовным делам
ЗАК	Z1100000454	Новый	О ратификации Соглашения между Правительством Республики Казахстан и Правительством Французской Республики о сотрудничестве в области гражданской обороны, предупреждения и ликвидации чрезвычайных ситуаций
ЗАК	Z1100000452	Новый	О внесении изменений и дополнений в некоторые законодательные акты Республики Казахстан по вопросам пересмотра компетенции уполномоченных государственных органов и Правительства Республики Казахстан на принятие нормативных правовых актов, устанавливающих требования к проверяемым субъектам
ЗАК	Z1100000451	Обновленный	О ратификации Соглашения о единых принципах и правилах регулирования деятельности субъектов естественных монополий
ЗАК	Z1100000450	Новый	О ратификации Соглашения о займе (Проект модернизации технического и профессионального образования) между Республикой Казахстан и Международным Банком Реконструкции и Развития
ЗАК	Z1100000449	Обновленный	О ратификации Договора об обращении в Суд Евразийского экономического сообщества хозяйствующих субъектов по спорам в рамках Таможенного союза и особенностях судопроизводства по ним
ЗАК	Z1100000448	Обновленный	О ратификации Соглашения о единых принципах регулирования в сфере охраны и защиты прав интеллектуальной собственности
ЗАК	Z1100000447	Новый	О ратификации Протокола между Правительством Республики Казахстан и Правительством Российской Федерации о внесении изменения в Договор аренды комплекса "Байконур" между Правительством Республики Казахстан и Правительством Российской Федерации от 10 декабря 1994 года
ЗАК	Z1100000445	Обновленный	О ратификации Соглашения о сотрудничестве по противодействию нелегальной трудовой миграции из третьих государств
ЗАК	Z1100000446	Обновленный	О ратификации Соглашения о регулировании доступа к услугам железнодорожного транспорта, включая основы тарифной политики
ЗАК	Z1100000442	Обновленный	О ратификации Соглашения о правовом статусе трудящихся-мигрантов и членов их семей
ЗАК	Z1100000443	Обновленный	О ратификации Соглашения о единых принципах и правилах технического регулирования в Республике Беларусь, Республике Казахстан и Российской Федерации
ЗАК	Z1100000444	Новый	О внесении изменений и дополнений в некоторые законодательные акты Республики Казахстан по вопросам занятости и социальной защиты населения
ЗАК	Z1100000441	Обновленный	О ратификации Соглашения о льготных условиях поставок специальной техники и специальных средств для оснащения правоохранительных органов и специальных служб государств-членов Организации Договора о коллективной безопасности
ЗАК	Z1100000440	Новый	О внесении дополнений в Закон Республики Казахстан "О наркотических средствах, психотропных веществах, прекурсорах и мерах противодействия их незаконному обороту и злоупотреблению ими"
ЗАК	Z1100000439	Обновленный	О ратификации Соглашения о согласованных принципах валютной политики
ЗАК	Z1100000438	Новый	О ратификации Соглашения между Правительством Республики Казахстан и Правительством Республики Корея о предоставлении земельных участков для строительства зданий дипломатических представительств Республики Корея в городе Астане
ЗАК	Z1100000435	Новый	О ратификации Соглашения о займе (Обычные операции) (Транспортный коридор ЦАРЭС 1 [Участки в Жамбылской области] [Международный транзитный коридор Западная Европа - Западный Китай] Инвестиционная Программа - Проект 3) между Республикой Казахстан и Азиатским Банком Развития
ЗАК	Z1100000436	Новый	О ратификации Соглашения в форме обмена нотами между Правительством Республики Казахстан и Правительством Японии о привлечении займа для осуществления проекта реконструкции Транспортного коридора ЦАРЭС (Жамбылская область)
ЗАК	Z1100000437	Новый	О ратификации Соглашения о займе по Проекту реконструкции Транспортного коридора ЦАРЭС (Жамбылская область) между Японским Агентством Международного Сотрудничества и Правительством Республики Казахстан
ЗАК	Z1100000433	Обновленный	О ратификации Соглашения о порядке организации, управления, функционирования и развития общих рынков нефти и нефтепродуктов Республики Беларусь, Республики Казахстан и Российской Федерации
ЗАК	Z1100000434	Обновленный	О ратификации Соглашения о правилах доступа к услугам субъектов естественных монополий в сфере транспортировки газа по газотранспортным системам, включая основы ценообразования и тарифной политики
ЗАК	Z1100000431	Обновленный	О ратификации Конвенции об отмывании, выявлении, изъятии и конфискации доходов от преступной деятельности
ЗАК	Z1100000430	Новый	О ратификации Договора о патентном праве
ЗАК	Z1100000432	Новый	О ратификации Соглашения между Правительством Республики Казахстан и Правительством Соединенных Штатов Америки о воздушном транзите груза и персонала через территорию Республики Казахстан в связи с участием Соединенных Штатов Америки в усилиях по обеспечению безопасности,
стабилизации и восстановлению Исламской Республики Афганистан
ЗАК	Z1100000427	Новый	О ратификации Договора о стратегическом партнерстве между Республикой Казахстан и Итальянской Республикой
ЗАК	Z1100000428	Новый	О ратификации Соглашения о подготовке кадров для антитеррористических формирований государств-членов Шанхайской организации сотрудничества
ЗАК	Z1100000429	Новый	О внесении дополнений в некоторые законодательные акты Республики Казахстан по вопросам запретных зон и запретных районов при арсеналах, базах и складах Вооруженных Сил, других войск и воинских формирований
ЗАК	Z1100000426	Новый	О ратификации Поправки к Монреальскому протоколу по веществам, разрушающим озоновый слой, принятой в Копенгагене 23 - 25 ноября 1992 года, и Поправки к Монреальскому протоколу по веществам, разрушающим озоновый слой, принятой в Монреале 15 - 17 сентября 1997 года
ЗАК	Z1100000425	Новый	О внесении изменений и дополнений в некоторые законодательные акты Республики Казахстан по вопросам совершенствования нормотворческой деятельности
ЗАК	Z1100000424	Новый	О внесении изменений и дополнений в Гражданский кодекс Республики Казахстан (Особенная часть)
ЗАК	Z1100000423	Обновленный	О ратификации Протокола об отдельных временных изъятиях из режима функционирования единой таможенной территории таможенного союза
ЗАК	Z1100000422	Новый	О ратификации Договора государств-участников Содружества Независимых Государств о противодействии легализации (отмыванию) преступных доходов и финансированию терроризма
ЗАК	Z1100000421	Новый	О внесении изменений и дополнений в некоторые законодательные акты Республики Казахстан по вопросам совершенствования гражданского законодательства
ЗАК	Z1100000418	Обновленный	О ратификации Статута Суда Евразийского экономического сообщества
ЗАК	Z1100000419	Новый	О ратификации Восьмого дополнительного протокола к Уставу Всемирного почтового союза
ЗАК	Z1100000420	Новый	О внесении изменений и дополнений в некоторые законодательные акты Республики Казахстан по вопросам деятельности крестьянских или фермерских хозяйств
ЗАК	Z1100000416	Новый	О ратификации Поправки к Конвенции о физической защите ядерного материала
ЗАК	Z1100000417	Новый	О ратификации Соглашения о сотрудничестве между Правительством Республики Казахстан и Управлением Верховного Комиссара Организации Объединенных Наций по делам беженцев
ЗАК	Z1100000415	Обновленный	О ратификации Протокола о внесении изменений в Соглашение таможенного союза по ветеринарно-санитарным мерам от 11 декабря 2009 года
ЗАК	Z1100000413	Обновленный	О государственном имуществе
ЗАК	Z1100000414	Новый	О внесении изменений и дополнений в некоторые законодательные акты Республики Казахстан по вопросам государственного имущества
ЗАК	Z1100000409	Новый	О ратификации Европейского соглашения, дополняющего Конвенцию о дорожных знаках и сигналах, открытую для подписания в Вене 8 ноября 1968 года
ЗАК	Z1100000410	Новый	О ратификации Протокола о разметке дорог к Европейскому соглашению, дополняющему Конвенцию о дорожных знаках и сигналах, открытую для подписания в Вене 8 ноября 1968 года
ЗАК	Z1100000411	Новый	О ратификации Соглашения между Правительством Республики Казахстан и Правительством Кыргызской Республики о взаимном предоставлении в безвозмездное пользование зданий и земельных участков в городе Астана и городе Бишкек для нужд Посольства Республики Казахстан в Кыргызской Республике и Посольства Кыргызской Республики в Республике Казахстан
ЗАК	Z1100000412	Новый	О внесении изменений и дополнений в Закон Республики Казахстан "О республиканском бюджете на 2011 - 2013 годы"
ЗАК	Z1100000407	Утративший силу	О науке
ЗАК	Z1100000408	Новый	О внесении изменений и дополнений в некоторые законодательные акты Республики Казахстан по вопросам науки
ЗАК	Z1100000405	Новый	О ратификации Венской конвенции о гражданской ответственности за ядерный ущерб 1997 года (Сводный текст Венской конвенции о гражданской ответственности за ядерный ущерб от 21 мая 1963 года с поправками, внесенными Протоколом от 12 сентября 1997 года)
ЗАК	Z1100000406	Новый	О внесении изменений и дополнений в некоторые законодательные акты Республики Казахстан по вопросам ипотечного кредитования и защиты прав потребителей финансовых услуг и инвесторов
ЗАК	Z1100000401	Обновленный	О медиации
ЗАК	Z1100000402	Новый	О внесении изменений и дополнений в некоторые законодательные акты Республики Казахстан по вопросам медиации
ЗАК	Z1100000400	Новый	О внесении изменений и дополнений в некоторые законодательные акты Республики Казахстан по вопросам регулирования торговой деятельности
ЗАК	Z1100000397	Обновленный	О ратификации Протокола о внесении изменений в Соглашение таможенного союза о карантине растений от 11 декабря 2009 года
ЗАК	Z1100000398	Обновленный	О ратификации Протокола о внесении изменений в Соглашение таможенного союза по санитарным мерам от 11 декабря 2009 года
ЗАК	Z1100000399	Обновленный	О внесении изменений и дополнений в некоторые законодательные акты Республики Казахстан по вопросам проведения обязательного технического осмотра механических транспортных средств и прицепов к ним
ЗАК	Z1100000396	Новый	О ратификации Соглашения о займе (Проект по реформированию
налогового администрирования) между Республикой Казахстан и
Международным Банком Реконструкции и Развития
ЗАК	Z1100000394	Обновленный	О статусе "Назарбаев Университет", "Назарбаев Интеллектуальные школы" и "Назарбаев Фонд"
ЗАК	Z1100000395	Новый	О внесении изменений и дополнений в некоторые законодательные акты Республики Казахстан по вопросам образования
ЗАК	Z1100000392	Новый	О ратификации Седьмого дополнительного протокола к Уставу Всемирного почтового союза
ЗАК	Z1100000393	Новый	О внесении изменений и дополнений в некоторые законодательные акты Республики Казахстан по вопросам дальнейшей гуманизации уголовного законодательства и усиления гарантий законности в уголовном процессе
ЗАК	Z1100000389	Обновленный	О ратификации Договора о порядке перемещения физическими лицами наличных денежных средств и (или) денежных инструментов через таможенную границу таможенного союза
ЗАК	Z1100000388	Новый	О ратификации Конвенции об охране труда при использовании асбеста (Конвенция 162)
ЗАК	Z1100000390	Новый	О ратификации Соглашения между Правительством Республики Казахстан и Правительством Российской Федерации о сотрудничестве в области исследования и использования космического пространства в мирных целях
ЗАК	Z1100000391	Новый	О ратификации Соглашения между Правительством Республики Казахстан и Правительством Российской Федерации о строительстве и последующей эксплуатации третьего блока Экибастузской ГРЭС-2
ЗАК	Z1100000386	Новый	О ратификации Конвенции между Правительством Республики Казахстан и Правительством Королевства Испания об избежании двойного налогообложения и предотвращении уклонения от налогообложения в отношении налогов на доход и на капитал и Протокола к ней
ЗАК	Z1100000387	Новый	О ратификации Соглашения между Правительством Республики Казахстан и Правительством Королевства Саудовская Аравия о предоставлении земельного участка для строительства объектов Посольства Королевства Саудовская Аравия в городе Астане
ЗАК	Z1100000384	Новый	О ратификации Соглашения о введении глобальных технических правил для колесных транспортных средств, предметов оборудования и частей, которые могут быть установлены и/или использованы на колесных транспортных средствах
ЗАК	Z1100000385	Новый	О внесении изменений и дополнений в некоторые законодательные акты Республики Казахстан по вопросам противодействия неправомерному захвату бизнеса и собственности (рейдерству)
ЗАК	Z1100000381	Новый	О ратификации Конвенции Шанхайской организации сотрудничества против терроризма
ЗАК	Z1100000382	Новый	О ратификации Европейского Соглашения, дополняющего Конвенцию о дорожном движении, открытую для подписания в Вене 8 ноября 1968 года
ЗАК	Z1100000383	Новый	О внесении изменений и дополнений в некоторые законодательные акты Республики Казахстан по вопросам исключения противоречий, пробелов, коллизий между нормами права различных законодательных актов и норм, способствующих совершению коррупционных правонарушений
ЗАК	Z1100000380	Обновленный	О правоохранительной службе
ЗАК	Z1100000377	Утративший силу	О государственном контроле и надзоре в Республике Казахстан
ЗАК	Z1100000378	Новый	О внесении изменений и дополнений в некоторые законодательные акты Республики Казахстан по вопросам государственного контроля и надзора
ЗАК	Z1100000379	Новый	О внесении изменений и дополнений в некоторые законодательные акты Республики Казахстан по вопросам правоохранительной службы и присвоения классных чинов, воинских и специальных званий, права ношения форменной одежды военнослужащими и сотрудниками иных государственных органов
ЗАК	Z1000000371	Новый	О внесении изменений и дополнений в некоторые законодательные акты Республики Казахстан по вопросам государственной службы и борьбы с коррупцией
ЗАК	Z1000000372	Новый	О внесении изменений и дополнений в некоторые законодательные акты Республики Казахстан по вопросам совершенствования деятельности органов внутренних дел в сфере обеспечения общественной безопасности
ЗАК	Z1000000373	Новый	О внесении дополнений в некоторые законодательные акты Республики Казахстан по вопросам связи
ЗАК	Z1000000374	Новый	О внесении изменений и дополнений в некоторые законодательные акты Республики Казахстан по вопросам совершенствования деятельности органов прокуратуры
ЗАК	Z1000000375	Новый	О внесении изменений и дополнений в некоторые законодательные акты Республики Казахстан по вопросам закрепления оснований, порядка и условий содержания лиц в учреждениях, обеспечивающих временную изоляцию от общества
ЗАК	Z1000000376	Новый	О внесении изменений и дополнений в Закон Республики Казахстан "О Высшем Судебном Совете Республики Казахстан"
ЗАК	Z1000000369	Обновленный	О внесении изменений и дополнений в некоторые законодательные акты Республики Казахстан по вопросам транспорта
ЗАК	Z1000000368	Новый	О внесении изменений и дополнений в некоторые законодательные акты Республики Казахстан по вопросам исполнения исполнительных документов, организации работ по учету, хранению, оценке и дальнейшему использованию имущества, обращенного (поступившего) в республиканскую собственность
ЗАК	Z1000000366	Новый	О внесении изменений и дополнений в Закон Республики Казахстан "О дипломатической службе Республики Казахстан"
ЗАК	Z1000000367	Новый	О внесении изменений в Закон Республики Казахстан "О судебных приставах"
ЗАК	Z1000000365	Новый	О ратификации Соглашения между Правительством Республики Казахстан и Правительством Государства Палестина о предоставлении в безвозмездное пользование офисного помещения в городе Астане для нужд Посольства Государства Палестина в Республике Казахстан
ЗАК	Z1000000364	Новый	О ратификации Европейской культурной конвенции
ЗАК	Z1000000361	Новый	О ратификации Конвенции между Правительством Республики Казахстан и Правительством Республики Армения об избежании двойного налогообложения и предотвращении уклонения от налогообложения в отношении налогов на доходы и на имущество и Протокола к ней
ЗАК	Z1000000362	Новый	О ратификации Соглашения между Правительством Республики Казахстан и Правительством Республики Узбекистан о взаимном предоставлении земельных участков для строительства зданий дипломатических представительств Республики Казахстан в Республике Узбекистан и Республики Узбекистан в Республике Казахстан
ЗАК	Z1000000363	Новый	О внесении изменений в Закон Республики Казахстан "О пенсионном обеспечении в Республике Казахстан"
ЗАК	Z1000000360	Новый	О ратификации Дополнительного соглашения к Меморандуму о взаимопонимании между Правительством Республики Казахстан и Правительством Соединенных Штатов Америки по Казахстанско-Американской программе по экономическому развитию от 5 мая 2006 года
ЗАК	Z1000000359	С истёкшим сроком	Об объемах трансфертов общего характера между республиканским и областными бюджетами, бюджетами города республиканского значения, столицы на 2011 - 2013 годы
ЗАК	Z1000000358	Утративший силу	О гарантированном трансферте из Национального фонда Республики Казахстан на 2011 - 2013 годы
ЗАК	Z1000000357	Обновленный	О республиканском бюджете на 2011 - 2013 годы
ЗАК	Z1000000356	Новый	О внесении изменений и дополнений в некоторые законодательные акты Республики Казахстан по вопросам налогообложения
ЗАК	Z1000000354	Новый	О внесении изменений и дополнений в некоторые законодательные акты Республики Казахстан по вопросам обеспечения защиты прав ребенка
ЗАК	Z1000000355	Новый	О ратификации Протокола о внесении изменений в Соглашение между Правительством Республики Казахстан и Правительством Российской Федерации об особенностях правового регулирования деятельности предприятий, учреждений и организаций железнодорожного транспорта от 18 октября 1996 года
ЗАК	Z1000000353	Новый	О ратификации Протокола о внесении изменений в Соглашение между Правительством Республики Казахстан и Правительством Российской Федерации об условиях размещения и обслуживания дипломатических представительств и консульских учреждений Республики Казахстан в Российской Федерации и Российской Федерации в Республике Казахстан от 12 октября 1998 г.
ЗАК	Z1000000351	Обновленный	О государственном регулировании производства и оборота биотоплива
ЗАК	Z1000000352	Новый	О внесении изменений и дополнений в некоторые законодательные акты Республики Казахстан по вопросам государственного регулирования производства и оборота биотоплива
ЗАК	Z1000000349	Новый	О ратификации Соглашения между Правительством Республики Казахстан и Правительством Республики Словения о международных перевозках пассажиров и грузов автомобильным транспортом
ЗАК	Z1000000350	Новый	О ратификации Найробского Договора об охране олимпийского символа, принятого в Найроби 26 сентября 1981 года
ЗАК	Z1000000347	Новый	О ратификации Международной конвенции по борьбе с подделкой денежных знаков и Протокола к ней
ЗАК	Z1000000348	Новый	О ратификации Соглашения между Правительством Республики Казахстан, Правительством Кыргызской Республики, Правительством Республики Таджикистан, Правительством Туркменистана и Правительством Республики Узбекистан о статусе Международного Фонда спасения Арала (МФСА) и его организаций
ЗАК	Z1000000346	Новый	О ратификации Конвенции о временном ввозе
ЗАК	Z1000000345	Новый	О ратификации Рамочного Соглашения между Республикой Казахстан и Европейским Инвестиционным Банком, регулирующего деятельность Европейского Инвестиционного Банка в Республике Казахстан
ЗАК	Z1000000344	Новый	О ратификации Соглашения между Правительством Республики Казахстан и Правительством Республики Таджикистан об оказании безвозмездной военной помощи
ЗАК	Z100000342_	Новый	О внесении изменений и дополнений в Закон Республики Казахстан "О республиканском бюджете на 2010 - 2012 годы"
ЗАК	Z100000343_	Новый	О внесении изменений и дополнений в некоторые законодательные акты   Республики Казахстан по вопросам усиления ответственности в сфере оборота нефти и отдельных видов нефтепродуктов
ЗАК	Z100000341_	Обновленный	О ратификации Нахичеванского соглашения о создании Совета сотрудничества тюркоязычных государств
ЗАК	Z100000339_	Исправление ошибки	Об использовании воздушного пространства Республики Казахстан и деятельности авиации
ЗАК	Z100000331_	Обновленный	О ратификации Соглашения между Правительством Республики Казахстан и Правительством Французской Республики об условиях создания и использования космической системы дистанционного зондирования Земли и сборочно-испытательного комплекса космических аппаратов
ЗАК	Z100000338_	Обновленный	О внесении изменений и дополнений в некоторые законодательные акты Республики Казахстан по вопросам страхования
ЗАК	Z100000332_	Обновленный	О ратификации Соглашения между Правительством Республики Казахстан и Правительством Исламской Республики Афганистан о сотрудничестве в области образования
ЗАК	Z100000326_	Новый	О ратификации Соглашения между Правительством Республики Казахстан и Правительством Федеративной Республики Германия о дальнейшем сотрудничестве по развитию Казахстанско-Немецкого Университета в городе Алматы
ЗАК	Z100000327_	Новый	О внесении изменений в некоторые законодательные акты Республики Казахстан
по вопросам идентификационных номеров
ЗАК	Z100000328_	Новый	О ратификации Соглашения между Правительством Республики Казахстан и Правительством Российской Федерации о порядке посещения комплекса "Байконур"
ЗАК	Z100000329_	Новый	О ратификации Соглашения о займе (Кредит в поддержку программы развития) между Республикой Казахстан и Международным Банком Реконструкции и Развития
ЗАК	Z100000330_	Новый	О ратификации Протокола о внесении изменений и дополнений в Соглашение между Правительством Республики Казахстан и Правительством Китайской Народной Республики о сотрудничестве в строительстве и эксплуатации газопровода Казахстан - Китай от 18 августа 2007 года
ЗАК	Z100000333_	Новый	О ратификации Протокола к Соглашению о партнерстве и сотрудничестве (СПС) между Республикой Казахстан, с одной стороны, и Европейскими сообществами и их государствами-членами, с другой стороны, о присоединении Республики Болгария и Румынии к СПС
ЗАК	Z100000334_	Новый	О внесении изменений и дополнений в некоторые законодательные акты Республики Казахстан по вопросам мобилизационной подготовки и мобилизации
ЗАК	Z100000335_	Новый	О внесении изменений и дополнений в Закон Республики Казахстан "О международных договорах Республики Казахстан"
ЗАК	Z100000336_	Новый	О ратификации Соглашения между Республикой Казахстан и Объединенными Арабскими Эмиратами об оказании правовой помощи по гражданским и коммерческим делам
ЗАК	Z100000337_	Новый	О внесении изменений и дополнений в некоторые законодательные акты Республики Казахстан по вопросам развития "электронного правительства"
ЗАК	Z100000340_	Новый	О внесении изменений и дополнений в некоторые законодательные акты Республики Казахстан по вопросам авиации
ЗАК	Z100000312_	Обновленный	О ратификации Соглашения по вопросам свободных (специальных, особых) экономических зон на таможенной территории таможенного союза и таможенной процедуры свободной таможенной зоны
ЗАК	Z100000300_	Обновленный	О ратификации Соглашения между Правительством Республики Казахстан и Правительством Соединенных Штатов Америки об обеспечении коммерческого железнодорожного транзита специального груза через территорию Республики Казахстан в связи с участием Соединенных Штатов Америки в усилиях по стабилизации и восстановлению Исламской Республики Афганистан
ЗАК	Z100000298_	Утративший силу	О введении в действие Кодекса Республики Казахстан "О таможенном деле в Республике Казахстан"
ЗАК	Z100000311_	Обновленный	О ратификации Соглашения о взаимной административной помощи таможенных органов государств-членов таможенного союза
ЗАК	Z100000313_	Обновленный	О ратификации Соглашения о требованиях к обмену информацией между таможенными органами и иными государственными органами государств-членов таможенного союза
ЗАК	Z100000314_	Обновленный	О ратификации Соглашения о порядке перемещения физическими лицами товаров для личного пользования через таможенную границу таможенного союза и совершения таможенных операций, связанных с их выпуском
ЗАК	Z100000317_	Обновленный	О ратификации Соглашения об освобождении от применения таможенными органами государств-членов таможенного союза определенных форм таможенного контроля
ЗАК	Z100000318_	Обновленный	О ратификации Соглашения об особенностях таможенных операций в отношении товаров, пересылаемых в международных почтовых отправлениях
ЗАК	Z100000319_	Обновленный	О ратификации Соглашения об особенностях таможенного транзита товаров, перемещаемых железнодорожным транспортом по таможенной территории таможенного союза
ЗАК	Z100000320_	Обновленный	О ратификации Соглашения о свободных складах и таможенной процедуре свободного склада
ЗАК	Z100000321_	Обновленный	О ратификации Соглашения об основаниях, условиях и порядке изменения сроков уплаты таможенных пошлин
ЗАК	Z100000322_	Обновленный	О ратификации Соглашения о едином таможенном реестре объектов интеллектуальной собственности государств-членов таможенного союза
ЗАК	Z100000323_	Обновленный	О ратификации Соглашения о представлении и об обмене предварительной информацией о товарах и транспортных средствах, перемещаемых через таможенную границу таможенного союза
ЗАК	Z100000324_	Обновленный	О ратификации Соглашения об особенностях использования транспортных средств международной перевозки, осуществляющих перевозку пассажиров, а также прицепов, полуприцепов, контейнеров и железнодорожного подвижного состава, осуществляющих перевозку грузов и (или) багажа для внутренней перевозки по таможенной территории таможенного союза
ЗАК	Z100000325_	Обновленный	О ратификации Соглашения о некоторых вопросах предоставления обеспечения уплаты таможенных пошлин, налогов в отношении товаров, перевозимых в соответствии с таможенной процедурой таможенного транзита, особенностях взыскания таможенных пошлин, налогов и порядке перечисления взысканных сумм в отношении таких товаров
ЗАК	Z100000297_	Обновленный	О внесении изменений и дополнений в некоторые законодательные акты Республики Казахстан по вопросам таможенного регулирования и налогообложения
ЗАК	Z100000302_	Обновленный	О ратификации Соглашения таможенного союза по санитарным мерам
ЗАК	Z100000303_	Обновленный	О ратификации Соглашения об установлении и применении в таможенном союзе порядка зачисления и распределения ввозных таможенных пошлин (иных пошлин, налогов и сборов, имеющих эквивалентное действие)
ЗАК	Z100000304_	Обновленный	О ратификации Соглашения таможенного союза о карантине растений
ЗАК	Z100000305_	Обновленный	О ратификации Соглашения таможенного союза по ветеринарно-санитарным мерам
ЗАК	Z100000306_	Обновленный	О ратификации Протокола о порядке взимания косвенных налогов и механизме контроля за их уплатой при экспорте и импорте товаров в таможенном союзе
ЗАК	Z100000307_	Обновленный	О ратификации Протокола о порядке передачи данных статистики внешней торговли и статистики взаимной торговли
ЗАК	Z100000308_	Обновленный	О ратификации Протокола о статусе Центра таможенной статистики Комиссии таможенного союза
ЗАК	Z100000309_	Обновленный	О ратификации Протокола о порядке взимания косвенных налогов при выполнении работ, оказании услуг в таможенном союзе
ЗАК	Z100000310_	Обновленный	О ратификации Протокола о внесении изменений в Соглашение о принципах взимания косвенных налогов при экспорте и импорте товаров, выполнении работ, оказании услуг в таможенном союзе от 25 января 2008 года
ЗАК	Z100000299_	Новый	О ратификации Соглашения о принятии единообразных условий для периодических технических осмотров колесных транспортных средств и о взаимном признании таких осмотров
ЗАК	Z100000301_	Новый	О ратификации Соглашения о принятии единообразных технических предписаний для колесных транспортных средств, предметов оборудования и частей, которые могут быть установлены и/или использованы на колесных транспортных средствах, и об условиях взаимного признания официальных утверждений, выдаваемых на основе этих предписаний
ЗАК	Z100000315_	Новый	О ратификации Договора между Республикой Казахстан и Российской Федерацией о применении международных договоров в рамках формирования таможенного союза
ЗАК	Z100000316_	Новый	О ратификации Протокола о внесении изменений в Договор между Республикой Казахстан и Российской Федерацией о применении международных договоров в рамках формирования таможенного союза от 28 мая 2010 года
ЗАК	Z100000295_	Новый	О внесении изменений и дополнений в некоторые законодательные акты Республики Казахстан по вопросам пожарной безопасности
ЗАК	Z100000293_	Обновленный	О ратификации Договора о Таможенном кодексе таможенного союза
ЗАК	Z100000294_	Обновленный	О ратификации Протокола о внесении изменений и дополнений в Договор о Таможенном кодексе таможенного союза от 27 ноября 2009 года
ЗАК	Z100000291_	Утративший силу	О недрах и недропользовании
ЗАК	Z100000292_	Новый	О ратификации Соглашения между Правительством Республики Казахстан и Правительством Китайской Народной Республики о таможенном контроле энергоресурсов, перемещаемых через казахстанско-китайскую таможенную границу трубопроводным транспортом
ЗАК	Z100000290_	Новый	О внесении изменений и дополнений в некоторые законодательные акты Республики Казахстан по вопросам совершенствования законодательства в сфере обеспечения деятельности Первого Президента Республики Казахстан - Лидера Нации
ЗАК	Z100000288_	Новый	О внесении изменений и дополнений в некоторые законодательные акты Республики Казахстан по вопросам трансфертного ценообразования и налогообложения
ЗАК	Z100000286_	Новый	О ратификации Соглашения между правительствами государств-членов Шанхайской организации сотрудничества о сотрудничестве в области обеспечения международной информационной безопасности
ЗАК	Z100000287_	Новый	О ратификации Протокола о внесении изменений и дополнений в Соглашение между Республикой Казахстан и Российской Федерацией о статусе города Байконур, порядке формирования и статусе его органов исполнительной власти от 23 декабря 1995 года
ЗАК	Z100000285_	Обновленный	О ратификации Соглашения между Правительством Республики Казахстан и Правительством Российской Федерации о порядке медицинского обслуживания персонала космодрома "Байконур", жителей города Байконыр, поселков Торетам и Акай в условиях аренды Российской Федерацией комплекса "Байконур"
ЗАК	Z100000284_	Новый	О ратификации Соглашения между Правительством Республики Казахстан и Правительством Финляндской Республики об избежании двойного налогообложения и предотвращении уклонения от налогообложения в отношении налогов на доход и Протокола к нему
ЗАК	Z100000283_	Новый	О внесении изменений и дополнений в Закон Республики Казахстан "О жилищных отношениях"
ЗАК	Z100000279_	Новый	О внесении изменений и дополнений в некоторые законодательные акты Республики Казахстан по вопросам национальной безопасности
ЗАК	Z100000280_	Новый	О внесении изменений и дополнений в Закон Республики Казахстан "О культуре"
ЗАК	Z100000281_	Новый	О ратификации Протокола к Мадридскому соглашению о международной регистрации знаков
ЗАК	Z100000282_	Новый	О ратификации Договора о стратегическом партнерстве между Республикой Казахстан и Королевством Испания
ЗАК	Z100000277_	Обновленный	О внешней разведке
ЗАК	Z100000278_	Новый	О ратификации Соглашения между Правительством Республики Казахстан и Правительством Республики Армения о поощрении и взаимной защите инвестиций
ЗАК	Z100000276_	Обновленный	О ратификации Соглашения об обращении продукции, подлежащей обязательной оценке (подтверждению) соответствия, на таможенной территории таможенного союза
ЗАК	Z100000274_	Обновленный	О защите прав потребителей
ЗАК	Z100000275_	Новый	О внесении изменений и дополнений в некоторые законодательные акты Республики Казахстан по вопросам обязательного страхования гражданско-правовой ответственности владельцев объектов, деятельность которых связана с опасностью причинения вреда третьим лицам
ЗАК	Z100000271_	Утративший силу	О профилактике правонарушений
ЗАК	Z100000272_	Новый	О внесении изменений и дополнений в некоторые законодательные акты Республики Казахстан по вопросам профилактики правонарушений
ЗАК	Z100000273_	Новый	О ратификации Соглашения между Республикой Казахстан и Российской Федерацией о развитии сотрудничества по эффективному использованию комплекса "Байконур"
ЗАК	Z100000268_	Обновленный	О ратификации Соглашения о порядке осуществления контроля правильности определения таможенной стоимости товаров, перемещаемых через таможенную границу таможенного союза
ЗАК	Z100000269_	Обновленный	О ратификации Соглашения о порядке декларирования таможенной стоимости товаров, перемещаемых через таможенную границу таможенного союза
ЗАК	Z100000270_	Обновленный	О ратификации Соглашения о правилах определения происхождения товаров из развивающихся и наименее развитых стран
ЗАК	Z100000264_	Утративший силу	О гарантированном трансферте из Национального фонда Республики Казахстан на 2010 - 2012 годы
ЗАК	Z100000265_	Новый	О ратификации Договора о стратегическом партнерстве между Республикой Казахстан и Французской Республикой
ЗАК	Z100000266_	Новый	О внесении изменений и дополнений в некоторые законодательные акты Республики Казахстан по вопросам противодействия терроризму
ЗАК	Z100000267_	Новый	О ратификации Соглашения о порядке организации и проведения совместных антитеррористических учений государствами-членами Шанхайской организации сотрудничества
ЗАК	Z100000261_	Обновленный	Об исполнительном производстве и статусе судебных исполнителей
ЗАК	Z100000262_	Новый	О внесении изменений и дополнений в некоторые законодательные акты Республики Казахстан по вопросам исполнительного производства
ЗАК	Z100000263_	Новый	О внесении изменений и дополнений в некоторые законодательные акты Республики Казахстан по вопросам совершенствования бюджетного процесса
ЗАК	Z100000260_	Новый	О ратификации Соглашения о займе (Обычные операции) (Транспортный коридор ЦАРЭС 1 [Участки в Жамбылской области] [Международный транзитный коридор "Западная Европа - Западный Китай"] Инвестиционная Программа - Проект 2) между Республикой Казахстан и Азиатским Банком Развития
ЗАК	Z100000259_	Новый	О внесении изменений и дополнений в Закон Республики Казахстан "О республиканском бюджете на 2010 - 2012 годы"
ЗАК	Z100000257_	Обновленный	О государственной статистике
ЗАК	Z100000258_	Новый	О внесении изменений и дополнений в некоторые законодательные акты Республики Казахстан по вопросам государственной статистики и налогообложения
ЗАК	Z100000255_	Новый	О внесении изменений и дополнений в Закон Республики Казахстан "О естественных монополиях и регулируемых рынках"
ЗАК	Z100000256_	Новый	О ратификации Протокола о внесении изменений в Договор о союзнических отношениях между Республикой Казахстан и Кыргызской Республикой от 25 декабря 2003 года
ЗАК	Z100000253_	Новый	О ратификации Конвенции о защите детей и сотрудничестве в отношении  иностранного усыновления
ЗАК	Z100000254_	Новый	О ратификации Конвенции, пересматривающей Конвенцию 1958 года об удостоверениях личности моряков, (Конвенция № 185)
ЗАК	Z100000250_	Новый	О ратификации Конвенции о приграничном сотрудничестве государств-участников Содружества Независимых Государств
ЗАК	Z100000251_	Новый	О ратификации Соглашения о Коллективных силах оперативного реагирования Организации Договора о коллективной безопасности
ЗАК	Z100000252_	Новый	О ратификации Соглашения об основных принципах создания системы скрытого управления силами и средствами системы коллективной безопасности Организации Договора о коллективной безопасности
ЗАК	Z100000249_	Новый	О внесении изменений и дополнений в некоторые законодательные акты Республики Казахстан по вопросам иммунитета государства и его собственности, совершенствования деятельности третейских судов и международного коммерческого арбитража
ЗАК	Z100000243_	Новый	О ратификации Конвенции об оперативном оповещении о ядерной аварии
ЗАК	Z100000244_	Новый	О ратификации Конвенции о помощи в случае ядерной аварии или радиационной аварийной ситуации
ЗАК	Z100000245_	Новый	О ратификации Конвенции о ядерной безопасности
ЗАК	Z100000246_	Новый	О ратификации Объединенной конвенции о безопасности обращения с отработавшим топливом и о безопасности обращении с радиоактивными отходами
ЗАК	Z100000247_	Новый	О денонсации Протокола о финансировании между Правительством Республики Казахстан и Правительством Французской Республики (проект реабилитации и модернизации инфраструктуры водообеспечения и канализации города Алматы)
ЗАК	Z100000248_	Новый	О внесении изменений и дополнений в некоторые законодательные акты Республики Казахстан по вопросам государственного материального резерва
ЗАК	Z100000242_	Новый	О внесении изменений и дополнений в некоторые законодательные акты Республики Казахстан по вопросам рыбного хозяйства
ЗАК	Z100000240_	Утративший силу	О судебно-экспертной деятельности в Республике Казахстан
ЗАК	Z100000239_	Обновленный	О внесении изменений и дополнений в некоторые законодательные акты Республики Казахстан по вопросам упрощения государственной регистрации юридических лиц и учетной регистрации филиалов и представительств
ЗАК	Z100000241_	Новый	О внесении изменений и дополнений в некоторые законодательные акты Республики Казахстан по вопросам судебно-экспертной деятельности
ЗАК	Z100000238_	Новый	О внесении изменений и дополнений в некоторые законодательные акты Республики Казахстан по вопросам таможенного дела
ЗАК	Z090000235_	Новый	О ратификации Конвенции о правовом статусе трудящихся-мигрантов и членов их семей государств-участников Содружества Независимых Государств
ЗАК	Z090000236_	Новый	О ратификации Конвенции Организации Объединенных Наций о дорожных знаках и сигналах
ЗАК	Z090000237_	Новый	О ратификации Конвенции Организации Объединенных Наций о дорожном движении
ЗАК	Z090000234_	Обновленный	О внесении изменений и дополнений в некоторые законодательные акты Республики Казахстан по вопросам обязательного и взаимного страхования, налогообложения
ЗАК	Z090000233_	Новый	О внесении изменений и дополнений в некоторые законодательные акты Республики Казахстан по вопросам казахстанского содержания
ЗАК	Z090000231_	Обновленный	О ратификации Договора об учреждении Антикризисного фонда Евразийского экономического сообщества
ЗАК	Z090000232_	Обновленный	О ратификации Соглашения об управлении средствами Евразийского фонда стабилизации и развития
ЗАК	Z090000229_	Новый	О внесении изменений и дополнений в некоторые законодательные акты Республики Казахстан по вопросам продовольственной безопасности
ЗАК	Z090000230_	Новый	О внесении изменений и дополнений в некоторые законодательные акты Республики Казахстан по вопросам обеспечения квалифицированной юридической помощью
ЗАК	Z090000227_	Новый	О внесении изменений и дополнений в Уголовный, Уголовно-процессуальный и Гражданский процессуальный кодексы Республики Казахстан по вопросам совершенствования судебной системы
ЗАК	Z090000228_	Новый	О внесении изменений и дополнений в некоторые законодательные акты Республики Казахстан по вопросам дальнейшего совершенствования системы исполнения уголовных наказаний и уголовно-исполнительной системы
ЗАК	Z090000223_	Обновленный	О государственных гарантиях равных прав и равных возможностей мужчин и женщин
ЗАК	Z090000224_	Новый	О внесении изменений и дополнений в Таможенный кодекс Республики Казахстан
ЗАК	Z090000225_	Новый	О внесении изменений и дополнений в некоторые законодательные акты Республики Казахстан по вопросам пресечения лжепредпринимательства
ЗАК	Z090000226_	Новый	О внесении изменений и дополнения в некоторые законодательные акты Республики Казахстан по вопросам правового положения лиц, уполномоченных на выполнение государственных функций, и лиц, приравненных к ним
ЗАК	Z090000219_	Обновленный	О республиканском бюджете на 2010 - 2012 годы
ЗАК	Z090000220_	Новый	О ратификации Международной конвенции о борьбе с допингом в спорте
ЗАК	Z090000221_	Новый	О внесении изменений и дополнений в некоторые законодательные акты по вопросам защиты прав граждан на неприкосновенность частной жизни
ЗАК	Z090000222_	Новый	О внесении изменений и дополнений в некоторые законодательные акты Республики Казахстан по вопросам дальнейшего усиления борьбы с коррупцией
ЗАК	Z090000216_	Обновленный	О беженцах
ЗАК	Z090000214_	Утративший силу	О профилактике бытового насилия
ЗАК	Z090000218_	Обновленный	О ратификации Соглашения между Правительством Республики Казахстан и Правительством Китайской Народной Республики о сотрудничестве в строительстве и эксплуатации газопровода Казахстан - Китай
ЗАК	Z090000215_	Новый	О внесении изменений и дополнений в некоторые законодательные акты Республики Казахстан по вопросам профилактики бытового насилия
ЗАК	Z090000217_	Новый	О внесении изменений и дополнения в некоторые законодательные акты Республики Казахстан по вопросам беженцев
ЗАК	Z090000213_	Новый	О внесении изменений и дополнений в Уголовно-процессуальный кодекс Республики Казахстан по вопросам упрощенного досудебного производства
ЗАК	Z090000210_	Утративший силу	О гарантированном трансферте из Национального фонда Республики Казахстан на 2010 - 2012 годы
ЗАК	Z090000211_	Новый	О внесении изменений и дополнений в некоторые законодательные акты Республики Казахстан по вопросам социальной поддержки отдельных категорий граждан
ЗАК	Z090000212_	Новый	О внесении изменения и дополнений в некоторые законодательные акты Республики Казахстан по вопросам предоставления гарантированного объема бесплатной медицинской помощи
ЗАК	Z090000209_	Новый	О ратификации Соглашения о взаимодействии министерств обороны государств-участников Содружества Независимых Государств в области контроля радиационной, химической и биологической обстановки
ЗАК	Z090000208_	Новый	О ратификации Конвенции между Республикой Казахстан и Японией об избежании двойного налогообложения и предотвращении уклонения от налогообложения в отношении налогов на доход и Протокола к ней
ЗАК	Z090000201_	Обновленный	О ратификации Протокола о единой системе тарифных преференций таможенного союза
ЗАК	Z090000202_	Обновленный	О ратификации Протокола об условиях и порядке применения в исключительных случаях ставок ввозных таможенных пошлин, отличных от ставок Единого таможенного тарифа
ЗАК	Z090000203_	Обновленный	О ратификации Соглашения об условиях и механизме применения тарифных квот
ЗАК	Z090000204_	Обновленный	О ратификации Протокола о предоставлении тарифных льгот
ЗАК	Z090000205_	Обновленный	О ратификации Соглашения о Секретариате Комиссии таможенного союза
ЗАК	Z090000206_	Обновленный	О ратификации Соглашения о порядке введения и применения мер, затрагивающих внешнюю торговлю товарами, на единой таможенной территории в отношении третьих стран
ЗАК	Z090000207_	Обновленный	О ратификации Соглашения о правилах лицензирования в сфере внешней торговли товарами
ЗАК	Z090000200_	Обновленный	О внесении изменений и дополнений в некоторые законодательные акты Республики Казахстан по вопросам налогообложения
ЗАК	Z090000198_	Новый	О внесении изменений в Закон Республики Казахстан "О республиканском бюджете на 2009 - 2011 годы"
ЗАК	Z090000199_	Новый	О ратификации Соглашения Истисна'а между Правительством
Республики Казахстан и Исламским Банком Развития о реконструкции участка
дороги "Граница Южно-Казахстанской области - Тараз" в рамках проекта дороги
"Западная Европа - Западный Китай" и Агентского соглашения (Истисна'а)
между Правительством Республики Казахстан и Исламским Банком Развития
о реконструкции участка дороги "Граница Южно-Казахстанской области - Тараз"
в рамках проекта дороги "Западная Европа - Западный Китай"
ЗАК	Z090000197_	Новый	О внесении изменений и дополнений в некоторые законодательные акты Республики Казахстан по вопросам оценочной деятельности
ЗАК	Z090000195_	Новый	О ратификации Конвенции Организации Объединенных Наций о юрисдикционных иммунитетах государств и их собственности
ЗАК	Z090000196_	Новый	О ратификации Соглашения о займе (Программа по антикризисной поддержке) между Республикой Казахстан и Азиатским Банком Развития
ЗАК	Z090000194_	Новый	О внесении изменения в Закон Республики Казахстан "О нормативных правовых
актах" по вопросам проведения научной антикоррупционной экспертизы
ЗАК	Z090000191_	Обновленный	О противодействии легализации (отмыванию) доходов, полученных преступным путем, финансированию терроризма и финансированию распространения оружия массового уничтожения
ЗАК	Z090000192_	Новый	О внесении изменений и дополнений в некоторые законодательные акты Республики Казахстан по вопросам противодействия легализации (отмыванию) доходов, полученных незаконным путем, и финансированию терроризма
ЗАК	Z090000190_	Новый	О внесении изменений и дополнений в некоторые законодательные акты Республики Казахстан по вопросам ветеринарии
ЗАК	Z090000188_	Обновленный	О внесении изменений и дополнений в некоторые законодательные акты Республики Казахстан по вопросам частного предпринимательства
ЗАК	Z090000187_	Новый	О внесении изменений и дополнений в некоторые законодательные акты Республики Казахстан по вопросам оперативно-розыскной деятельности
ЗАК	Z090000189_	Новый	О внесении изменений и дополнений в некоторые законодательные акты Республики Казахстан по вопросам фитосанитарной безопасности
ЗАК	Z090000186_	Новый	О внесении изменений и дополнений в некоторые законодательные акты Республики Казахстан по вопросам здравоохранения
ЗАК	Z090000182_	Новый	О внесении изменений и дополнений в некоторые законодательные акты Республики Казахстан по вопросам государственного оборонного заказа
ЗАК	Z090000183_	Новый	О внесении изменений и дополнений в некоторые законодательные акты Республики Казахстан по вопросам долевого участия в жилищном строительстве
ЗАК	Z090000184_	Новый	О внесении изменений и дополнений в некоторые законодательные акты Республики Казахстан по вопросам деятельности торгово-промышленных палат
ЗАК	Z090000185_	Новый	О внесении изменений и дополнений в некоторые законодательные акты Республики Казахстан по вопросам совершенствования законодательства Республики Казахстан о платежах и переводах денег, бухгалтерском учете и финансовой отчетности финансовых организаций, банковской деятельности и деятельности Национального Банка Республики Казахстан
ЗАК	Z090000172_	Новый	О ратификации Соглашения о займе (Проект развития автомобильных дорог Юг - Запад: Международный транзитный коридор "Западная Европа - Западный Китай" (ЦАРЭС 1b и 6b)) между Республикой Казахстан и Международным Банком Реконструкции и Развития
ЗАК	Z090000173_	Новый	О ратификации Соглашения о поощрении и взаимной защите инвестиций в государствах-членах Евразийского экономического сообщества
ЗАК	Z090000174_	Новый	О внесении изменений в Кодекс Республики Казахстан об административных правонарушениях
ЗАК	Z090000175_	Новый	О внесении изменений и дополнений в некоторые законодательные акты Республики Казахстан по вопросам смертной казни
ЗАК	Z090000176_	Новый	О внесении изменений и дополнений в некоторые законодательные акты Республики Казахстан по вопросам профилактики детской безнадзорности и предупреждения правонарушений среди несовершеннолетних
ЗАК	Z090000177_	Новый	О внесении изменений и дополнений в некоторые законодательные акты Республики Казахстан по вопросам ответственности военнослужащих
ЗАК	Z090000178_	Новый	О внесении изменений и дополнений в некоторые законодательные акты Республики Казахстан по вопросам информационно-коммуникационных сетей
ЗАК	Z090000179_	Новый	О внесении изменений и дополнений в некоторые законодательные акты Республики Казахстан по вопросам интеллектуальной собственности
ЗАК	Z090000180_	Новый	О внесении изменений и дополнений в некоторые законодательные акты Республики Казахстан по вопросам соблюдения водоохранной и природоохранной дисциплины при градостроительном планировании, выделении земельных участков, проектировании и строительстве
ЗАК	Z090000181_	Новый	О внесении изменений и дополнений в некоторые законодательные акты Республики Казахстан по вопросам физической культуры и спорта
ЗАК	Z090000169_	Обновленный	О ратификации Соглашения о займе (Проект дорожного коридора Юг - Запад (Международный транзитный коридор "Западная Европа - Западный Китай") между Республикой Казахстан и Европейским Банком Реконструкции и Развития
ЗАК	Z090000168_	Новый	О ратификации Соглашения между Правительством Республики Казахстан и Правительством Объединенных Арабских Эмиратов об открытии Исламского Банка в Республике Казахстан
ЗАК	Z090000170_	Новый	О ратификации Соглашения о займе (Обычные операции) (Транспортный коридор ЦАРЭС 1 [Участки в Жамбылской области] [Международный транзитный коридор "Западная Европа - Западный Китай"] Инвестиционная Программа - Проект 1) между Республикой Казахстан и Азиатским Банком Развития
ЗАК	Z090000171_	Новый	О ратификации Соглашения между Правительством Республики Казахстан и Правительством Объединенных Арабских Эмиратов касательно строительства комплекса Абу-Даби Плаза, г. Астана, Республика Казахстан
ЗАК	Z090000165_	Обновленный	О поддержке использования возобновляемых источников энергии
ЗАК	Z090000167_	Обновленный	О внесении изменений и дополнений в некоторые законодательные акты Республики Казахстан по вопросам валютного регулирования и валютного контроля
ЗАК	Z090000166_	Новый	О внесении изменений и дополнений в некоторые законодательные акты Республики Казахстан по вопросам поддержки использования возобновляемых источников энергии
ЗАК	Z090000164_	Новый	О внесении изменений и дополнений в Экологический кодекс Республики Казахстан по вопросам регулирования ввоза экологически опасных технологий, техники и оборудования
ЗАК	Z090000163_	Новый	О внесении изменений и дополнений в некоторые законодательные акты Республики Казахстан по вопросам жилищно-коммунальной сферы
ЗАК	Z090000162_	Новый	О внесении изменений и дополнений в некоторые законодательные акты Республики Казахстан по вопросам документационного обеспечения
ЗАК	Z090000161_	Новый	О ратификации Поправки к Соглашению между Республикой Казахстан и Соединенными Штатами Америки относительно уничтожения шахтных пусковых установок межконтинентальных баллистических ракет, ликвидации последствий аварийных ситуаций и предотвращения распространения ядерного оружия
ЗАК	Z090000160_	Новый	О ратификации Соглашения между Правительством Республики Казахстан, Правительством Российской Федерации и Правительством Туркменистана о сотрудничестве в строительстве Прикаспийского газопровода
ЗАК	Z090000158_	Новый	О внесении изменения и дополнений в Закон Республики Казахстан "О государственных закупках"
ЗАК	Z090000159_	Новый	О внесении изменений и дополнений в некоторые законодательные акты Республики Казахстан по вопросам занятости и обязательного социального страхования
ЗАК	Z090000155_	Обновленный	О товарных биржах
ЗАК	Z090000156_	Новый	О внесении изменений и дополнений в некоторые законодательные акты Республики Казахстан по вопросам товарных бирж
ЗАК	Z090000157_	Новый	О внесении изменений и дополнений в некоторые законодательные акты Республики Казахстан по вопросам игорного бизнеса
ЗАК	Z090000154_	Новый	О внесении изменений и дополнений в некоторые законодательные акты Республики Казахстан по вопросам их приведения в соответствие с нормами Конституции Республики Казахстан
ЗАК	Z090000153_	Новый	О ратификации Протокола об утверждении Положения об организации взаимодействия пограничных и иных ведомств государств-участников Содружества Независимых Государств в оказании помощи при возникновении и урегулировании (ликвидации) кризисных ситуаций на внешних границах
ЗАК	Z090000151_	Новый	О внесении изменений в Закон Республики Казахстан "О государственной регистрации прав на недвижимое имущество и сделок с ним"
ЗАК	Z090000152_	Новый	О внесении изменений в Закон Республики Казахстан "О праздниках в Республике Казахстан"
ЗАК	Z090000150_	Новый	О внесении изменений и дополнений в Закон Республики Казахстан "О республиканском бюджете на 2009 - 2011 годы"
ЗАК	Z090000149_	Новый	О внесении изменений и дополнений в некоторые законодательные акты Республики Казахстан по вопросам обеспечения безопасности лиц, участвующих в уголовном процессе
ЗАК	Z090000148_	Обновленный	О ратификации Соглашения о принципах взимания косвенных налогов при экспорте и импорте товаров, выполнении работ, оказании услуг в таможенном союзе
ЗАК	Z090000147_	Новый	О ратификации Соглашения о сотрудничестве государств-участников Содружества Независимых Государств в борьбе с хищениями культурных ценностей и обеспечении их возврата
ЗАК	Z090000146_	Новый	О внесении изменений и дополнений в Закон Республики Казахстан "О государственной поддержке инновационной деятельности"
ЗАК	Z090000145_	Новый	О ратификации Дополнительного протокола к Женевским конвенциям от 12 августа 1949 года, касающегося принятия дополнительной отличительной эмблемы (Протокол III)
ЗАК	Z090000144_	Новый	О ратификации Киотского протокола к Рамочной конвенции Организации Объединенных Наций об изменении климата
ЗАК	Z090000142_	Обновленный	О ратификации Соглашения о применении специальных защитных, антидемпинговых и компенсационных мер по отношению к третьим странам
ЗАК	Z090000143_	Новый	О ратификации Соглашения между Правительством Республики Казахстан и Правительством Российской Федерации о сотрудничестве в области морского транспорта
ЗАК	Z090000141_	Новый	О ратификации Международной конвенции об упрощении и гармонизации таможенных процедур
ЗАК	Z090000139_	Обновленный	О ратификации Соглашения об определении таможенной стоимости товаров, перемещаемых через таможенную границу таможенного союза
ЗАК	Z090000140_	Новый	О ратификации Конвенции о запрещении или ограничении применения конкретных видов обычного оружия, которые могут считаться наносящими чрезмерные повреждения или имеющими неизбирательное действие, и Протоколов к ней: Протокола о необнаруживаемых осколках (Протокол I), Протокола о запрещении или ограничении применения зажигательного оружия (Протокол III) и Протокола об ослепляющем лазерном оружии (Протокол IV)
ЗАК	Z090000138_	Новый	О внесении изменений и дополнений в некоторые законодательные акты Республики Казахстан по вопросам аудиторской деятельности
ЗАК	Z090000136_	Обновленный	О ратификации Соглашения о единых правилах определения страны происхождения товаров
ЗАК	Z090000137_	Обновленный	О ратификации Соглашения о ведении таможенной статистики внешней и взаимной торговли товарами таможенного союза
ЗАК	Z090000134_	Утративший силу	О Фонде национального благосостояния
ЗАК	Z090000135_	Новый	О внесении изменений и дополнений в некоторые законодательные акты Республики Казахстан по вопросам деятельности Фонда национального благосостояния и признании утратившим силу Закона Республики Казахстан "Об Инвестиционном фонде Казахстана"
ЗАК	Z090000131_	Новый	О внесении изменений и дополнений в Закон Республики Казахстан "О государственном мониторинге собственности в отраслях экономики, имеющих стратегическое значение"
ЗАК	Z090000132_	Новый	О внесении изменений и дополнений в Водный кодекс Республики Казахстан
ЗАК	Z090000133_	Новый	О внесении изменений и дополнений в некоторые законодательные акты Республики Казахстан по вопросам организации и деятельности исламских банков и организации исламского финансирования
ЗАК	Z090000129_	Новый	О ратификации Договора о долгосрочном добрососедстве, дружбе и сотрудничестве государств-членов Шанхайской организации сотрудничества
ЗАК	Z090000130_	Новый	О ратификации Факультативного протокола к Международному пакту о гражданских и политических правах
ЗАК	Z090000127_	Новый	О ратификации Соглашения между Правительством Республики Казахстан и Правительством Иорданского Хашимитского Королевства о международном автомобильном сообщении
ЗАК	Z090000128_	Новый	О ратификации Соглашения между Правительством Республики Казахстан и Кабинетом Министров Украины о сотрудничестве в области предупреждения чрезвычайных ситуаций и ликвидации их последствий
ЗАК	Z090000125_	Новый	О внесении изменения и дополнений в Закон Республики Казахстан "О статусе и социальной защите военнослужащих и членов их семей"
ЗАК	Z090000126_	Новый	О внесении изменений и дополнений в некоторые законодательные акты Республики Казахстан по вопросам местного государственного управления и самоуправления"
ЗАК	Z090000122_	Новый	О внесении изменений и дополнений в Закон Республики Казахстан "О политических партиях"
ЗАК	Z090000123_	Новый	О внесении изменений и дополнений в некоторые законодательные акты Республики Казахстан по вопросам средств массовой информации
ЗАК	Z090000121_	Новый	О внесении изменений и дополнений в некоторые законодательные акты Республики Казахстан по вопросам занятости и адресной социальной помощи
ЗАК	Z090000118_	Новый	О ратификации Протокола о внесении изменений в Хартию Шанхайской организации сотрудничества, подписанную 7 июня 2002 года в городе Санкт-Петербурге (Российская Федерация)
ЗАК	Z090000119_	Новый	О ратификации Соглашения между правительствами государств-членов Шанхайской организации сотрудничества о сотрудничестве и взаимопомощи в таможенных делах
ЗАК	Z090000120_	Новый	О ратификации Договора о зоне, свободной от ядерного оружия, в Центральной Азии
ЗАК	Z080000117_	Новый	О ратификации Соглашения между Правительством Республики Казахстан и Правительством Арабской Республики Египет о сотрудничестве по реставрации мечети Султана Аз-Захир Бейбарса в городе Каире
ЗАК	Z080000114_	Утративший силу	О специальных социальных услугах
ЗАК	Z080000115_	Новый	О внесении изменений и дополнений в некоторые законодательные акты Республики Казахстан по вопросам специальных социальных услуг
ЗАК	Z080000116_	Новый	О внесении изменений и дополнений в некоторые законодательные акты Республики Казахстан по вопросам деятельности независимых отраслевых регуляторов
ЗАК	Z080000112_	Утративший силу	О конкуренции
ЗАК	Z080000113_	Новый	О внесении изменений и дополнений в некоторые законодательные акты Республики Казахстан по вопросам конкуренции
ЗАК	Z080000109_	Новый	О ратификации Международного соглашения об учреждении в Париже Международного эпизоотического бюро
ЗАК	Z080000110_	Новый	О внесении изменений в Закон Республики Казахстан "О пенсионном обеспечении в Республике Казахстан"
ЗАК	Z080000111_	Новый	О внесении изменений и дополнений в некоторые законодательные акты Республики Казахстан по вопросам социальной поддержки и стимулирования работников социальной сферы сельских населенных пунктов
ЗАК	Z080000107_	Новый	О ратификации Меморандума о взаимопонимании между Правительством Республики Казахстан и Правительством Соединенных Штатов Америки от 10 июля 2002 года
ЗАК	Z080000108_	Новый	О ратификации Меморандума о взаимопонимании между Правительством Республики Казахстан и Правительством Соединенных Штатов Америки от 15 декабря 2001 года
ЗАК	Z080000103_	Новый	О ратификации Протокола о внесении изменений в Хартию Шанхайской организации сотрудничества, подписанную 7 июня 2002 года в городе Санкт-Петербурге (Российская Федерация)
ЗАК	Z080000104_	Новый	О ратификации Международной Конвенции для защиты всех лиц от насильственных исчезновений
ЗАК	Z080000105_	Новый	О ратификации Протокола о механизме оказания военно-технической помощи государствам-членам Организации Договора о коллективной безопасности в случаях возникновения угрозы агрессии или совершения акта агрессии
ЗАК	Z080000106_	Новый	О ратификации Соглашения о создании резервов ресурсов и их эффективном использовании для обеспечения устойчивой параллельной работы электроэнергетических систем государств-участников Содружества Независимых Государств
ЗАК	Z080000102_	Новый	О внесении изменения и дополнения в Гражданский кодекс Республики Казахстан (Общая часть)
ЗАК	Z080000100_	Утративший силу	О введении в действие Кодекса Республики Казахстан "О налогах и других обязательных платежах в бюджет" (Налоговый кодекс)
ЗАК	Z080000101_	Новый	О внесении изменений и дополнений в некоторые законодательные акты Республики Казахстан по вопросам налогообложения
ЗАК	Z080000096_	Обновленный	О республиканском бюджете на 2009-2011 годы
ЗАК	Z080000097_	Новый	О внесении изменений и дополнений в некоторые законодательные акты Республики Казахстан по вопросам совершенствования бюджетного процесса
ЗАК	Z080000098_	Новый	О внесении изменения в Закон Республики Казахстан "О гарантированном трансферте из Национального фонда Республики Казахстан на 2007-2009 годы"
ЗАК	Z080000093_	Новый	О внесении изменения и дополнений в Закон Республики Казахстан "О государственных наградах Республики Казахстан"
ЗАК	Z080000094_	Новый	О внесении изменений и дополнений в некоторые законодательные акты Республики Казахстан по вопросам особо охраняемых природных территорий
ЗАК	Z080000089_	Новый	О внесении изменений и дополнений в некоторые законодательные акты Республики Казахстан по вопросам связи
ЗАК	Z080000090_	Новый	О ратификации Соглашения между Правительством Республики Казахстан и Правительством Сирийской Арабской Республики о сотрудничестве в строительстве историко-культурного центра и мавзолея Аль-Фараби, реставрации мавзолея Султана Аз-Захир Бейбарса в городе Дамаске
ЗАК	Z080000091_	Новый	О ратификации Протокола о внесении изменений в Соглашение между государствами-членами Шанхайской организации сотрудничества о Региональной антитеррористической структуре, подписанное 7 июня 2002 года в городе Санкт-Петербурге (Российская Федерация)
ЗАК	Z080000092_	Новый	О ратификации Протокола о внесении дополнения в Договор между Правительством Республики Казахстан и Международным обществом по созданию SOS детских деревень "SOS KINDERDORF INTERNATIONAL"
ЗАК	Z080000088_	Обновленный	О внесении изменений и дополнений в некоторые законодательные акты Республики Казахстан по вопросам коллективного инвестирования и деятельности накопительных пенсионных фондов
ЗАК	Z080000087_	Новый	О внесении изменений и дополнений в Закон Республики Казахстан "О государственных закупках"
ЗАК	Z080000084_	Новый	О ратификации Соглашения о займе (Проект развития таможенной службы) между Республикой Казахстан и Международным Банком Реконструкции и Развития
ЗАК	Z080000085_	Новый	О ратификации Соглашения о займе (Проект восстановления окружающей среды города Усть-Каменогорска) между Республикой Казахстан и Международным Банком Реконструкции и Развития
ЗАК	Z080000086_	Новый	О ратификации Соглашения о займе (Проект коммерциализации технологий) между Республикой Казахстан и Международным Банком Реконструкции и Развития
ЗАК	Z080000081_	Обновленный	О ратификации Соглашения о едином таможенно-тарифном регулировании
ЗАК	Z080000082_	Обновленный	О ратификации Соглашения о единых мерах нетарифного регулирования в отношении третьих стран
ЗАК	Z080000083_	Новый	О ратификации Соглашения о вывозных таможенных пошлинах в отношении третьих стран
ЗАК	Z080000079_	Утративший силу	О Высшем Судебном Совете Республики Казахстан
ЗАК	Z080000077_	Новый	О ратификации Соглашения о займе (Проект по передаче технологий и проведению институциональной реформы в секторе здравоохранения Республики Казахстан) между Республикой Казахстан и Международным Банком Реконструкции и Развития
ЗАК	Z080000078_	Новый	О ратификации Соглашения между Азербайджанской Республикой, Республикой Казахстан, Кыргызской Республикой, Российской Федерацией, Республикой Таджикистан, Туркменистаном и Республикой Узбекистан о создании Центральноазиатского регионального информационного координационного центра по борьбе с незаконным оборотом наркотических средств, психотропных веществ и их прекурсоров
ЗАК	Z080000073_	Обновленный	О ратификации Соглашения о миротворческой деятельности Организации Договора о коллективной безопасности
ЗАК	Z080000074_	Новый	О ратификации Протокола о внесении изменений и дополнений в Соглашение о правовом статусе Организации Договора о коллективной безопасности от 7 октября 2002 года
ЗАК	Z080000075_	Новый	О ратификации Соглашения о создании системы управления силами и средствами системы коллективной безопасности Организации Договора о коллективной безопасности
ЗАК	Z080000076_	Новый	О внесении изменений и дополнения в Закон Республики Казахстан "О республиканском бюджете на 2008 год"
ЗАК	Z080000072_	Обновленный	О внесении изменений и дополнений в некоторые законодательные акты Республики Казахстан по вопросам устойчивости финансовой системы
ЗАК	Z080000070_	Утративший силу	Об Ассамблее народа Казахстана
ЗАК	Z080000071_	Новый	О ратификации Соглашения в форме обмена нотами между Правительством Республики Казахстан и Организацией Североатлантического Договора об условиях пребывания и деятельности офицера связи НАТО в Республике Казахстан
ЗАК	Z080000068_	Обновленный	О ратификации Протокола о порядке вступления в силу международных договоров, направленных на формирование договорно-правовой базы таможенного союза, выхода из них и присоединения к ним
ЗАК	Z080000069_	Новый	О ратификации Соглашения между Правительством Республики Казахстан и Правительством Румынии о международных автомобильных перевозках грузов
ЗАК	Z080000061_	Обновленный	Об аккредитации в области оценки соответствия
ЗАК	Z080000067_	Обновленный	О трансфертном ценообразовании
ЗАК	Z080000060_	Обновленный	О внесении изменений и дополнений в некоторые законодательные акты Республики Казахстан по вопросам банкротства
ЗАК	Z080000058_	Новый	О внесении изменений и дополнений в некоторые законодательные акты Республики Казахстан по вопросам разрешения корпоративных споров
ЗАК	Z080000059_	Новый	О внесении изменений и дополнений в некоторые законодательные акты Республики Казахстан по вопросам туристской деятельности
ЗАК	Z080000062_	Новый	О внесении изменений и дополнений в некоторые законодательные акты Республики Казахстан по вопросам аккредитации в области оценки соответствия
ЗАК	Z080000063_	Новый	О внесении изменений и дополнений в Закон Республики Казахстан "Об органах внутренних дел Республики Казахстан"
ЗАК	Z080000064_	Новый	О внесении изменений и дополнений в некоторые законодательные акты Республики Казахстан по вопросам специализированных межрайонных судов по делам несовершеннолетних
ЗАК	Z080000065_	Новый	О внесении изменений и дополнений в некоторые законодательные акты Республики Казахстан по вопросам применения мер пресечения в виде ареста, домашнего ареста
ЗАК	Z080000066_	Новый	О внесении изменений и дополнений в некоторые законодательные акты Республики Казахстан по вопросам концессии
ЗАК	Z080000053_	Новый	О внесении изменений и дополнения в некоторые законодательные акты Республики Казахстан по вопросу ношения (использования) форменной и специальной одежды физическими и юридическими лицами
ЗАК	Z080000054_	Новый	О внесении изменений и дополнений в некоторые законодательные акты Республики Казахстан по вопросам государственной регистрации юридических лиц и учетной регистрации филиалов и представительств
ЗАК	Z080000055_	Новый	О внесении изменений и дополнений в некоторые законодательные акты Республики Казахстан по вопросам обеспечения безопасности дорожного движения
ЗАК	Z080000057_	Новый	О внесении изменений и дополнений в Закон Республики Казахстан "О нормативных правовых актах"
ЗАК	Z080000051_	Обновленный	О ратификации Соглашения между государствами-членами Шанхайской организации сотрудничества о проведении совместных военных учений
ЗАК	Z080000052_	Новый	О ратификации Протокола о внесении изменений в Соглашение об освобождении от уплаты таможенных пошлин, налогов и выдачи специальных разрешений за провоз нормативных документов, эталонов, средств измерений и стандартных образцов, провозимых с целью поверки и метрологической аттестации от 10 февраля 1995 года
ЗАК	Z080000049_	Новый	О ратификации Соглашения между Правительством Республики Казахстан и Правительством Кыргызской Республики о взаимном признании в пределах территорий, приграничных с Республикой Казахстан, районов Иссыккульской, Таласской, Чуйской областей Кыргызской Республики и, приграничных с Кыргызской Республикой, районов Алматинской, Жамбылской областей Республики Казахстан туристских виз Республики Казахстан и Кыргызской Республики, выдаваемых для граждан третьих государств
ЗАК	Z080000050_	Новый	О внесении изменений и дополнений в Уголовный, уголовно-процессуальный кодексы Республики Казахстан и Кодекс Республики Казахстан об административных правонарушениях по вопросам усиления ответственности в сфере незаконного оборота наркотиков
ЗАК	Z080000048_	Новый	О ратификации Факультативного протокола к Конвенции против пыток и других жестоких, бесчеловечных или унижающих достоинство видов обращения и наказания
ЗАК	Z080000047_	Новый	О внесении дополнения в Закон Республики Казахстан "О праздниках в Республике Казахстан"
ЗАК	Z080000044_	Обновленный	О ратификации Договора о создании единой таможенной территории и формировании таможенного союза
ЗАК	Z080000045_	Обновленный	О ратификации Договора о Комиссии таможенного союза
ЗАК	Z080000046_	Новый	О внесении изменений и дополнений в некоторые законодательные акты Республики Казахстан по вопросам охраны исправительных учреждений
ЗАК	Z080000042_	Новый	О ратификации Соглашения о защите участников уголовного судопроизводства
ЗАК	Z080000043_	Новый	О ратификации Картахенского протокола по биобезопасности к Конвенции о биологическом разнообразии
ЗАК	Z080000036_	Новый	О внесении изменений и дополнений в некоторые законодательные акты Республики Казахстан по вопросам уточнения республиканского бюджета на 2008 год
ЗАК	Z080000037_	Новый	О ратификации Протокола о предупреждении и пресечении торговли людьми, особенно женщинами и детьми, и наказании за нее, дополняющего Конвенцию Организации Объединенных Наций против транснациональной организованной преступности
ЗАК	Z080000038_	Новый	О ратификации Протокола против незаконного ввоза мигрантов по суше, морю и воздуху, дополняющего Конвенцию Организации Объединенных Наций против транснациональной организованной преступности
ЗАК	Z080000039_	Новый	О ратификации Протокола против незаконного изготовления и оборота огнестрельного оружия, его составных частей и компонентов, а также боеприпасов к нему, дополняющего Конвенцию Организации Объединенных Наций против транснациональной организованной преступности
ЗАК	Z080000040_	Новый	О ратификации Конвенции Организации Объединенных Наций против транснациональной организованной преступности
ЗАК	Z080000035_	Новый	О ратификации Договора между Республикой Казахстан и Азербайджанской Республикой по поддержке и содействию транспортировке нефти из Республики Казахстан через Каспийское море и территорию Азербайджанской Республики на международные рынки посредством системы Баку - Тбилиси - Джейхан
ЗАК	Z080000034_	Новый	О внесении изменений и дополнений в некоторые законодательные акты Республики Казахстан по вопросам предупреждения и ликвидации чрезвычайных ситуаций
ЗАК	Z080000033_	Новый	О ратификации Международной конвенции о борьбе с актами ядерного терроризма
ЗАК	Z080000032_	Новый	О внесении дополнения в Кодекс Республики Казахстан "О налогах и других обязательных платежах в бюджет" (Налоговый кодекс)
ЗАК	Z080000029_	Новый	О признании утратившим силу постановления Президиума Верховного Совета Республики Казахстан "Об утверждении Положения о прохождении службы в органах прокуратуры, о классных чинах и воинских званиях работников прокуратуры Республики Казахстан"
ЗАК	Z080000031_	Новый	О ратификации Конвенции Организации Объединенных Наций против коррупции
ЗАК	Z080000028_	Новый	О ратификации Конвенции Организации Объединенных Наций о морской перевозке грузов 1978 года
ЗАК	Z080000027_	Обновленный	О ратификации Соглашения о создании единой системы технического прикрытия железных дорог государств-членов Организации Договора о коллективной безопасности и Протокола о внесении изменений в Соглашение о создании единой системы технического прикрытия железных дорог государств-членов Организации Договора о коллективной безопасности от 28 апреля 2003 года
ЗАК	Z080000026_	Обновленный	О ратификации Протокола о внесении изменений в Договор об учреждении Евразийского экономического сообщества от 10 октября 2000 года
ЗАК	Z080000024_	Новый	О ратификации Соглашения между Правительством Республики Казахстан и Правительством Кыргызской Республики о совместном контроле на казахстанско-кыргызской государственной границе
ЗАК	Z080000025_	Новый	О ратификации Протокола о внесении изменений в Соглашение между государствами-членами Шанхайской организации сотрудничества о Региональной антитеррористической структуре, подписанное 7 июня 2002 года в городе Санкт-Петербурге (Российская Федерация)
ЗАК	Z080000022_	Новый	О ратификации Соглашения между Правительством Республики Казахстан и Правительством Республики Армения о взаимных поездках граждан
ЗАК	Z080000023_	Новый	О ратификации Протокола о внесении изменений в Шанхайскую конвенцию о борьбе с терроризмом, сепаратизмом и экстремизмом, подписанную 15 июня 2001 года в городе Шанхае (Китайская Народная Республика)
ЗАК	Z080000020_	Обновленный	О ратификации Соглашения между Правительством Республики Казахстан и Секретариатом Совещания по взаимодействию и мерам доверия в Азии об условиях пребывания Секретариата на территории Республики Казахстан
ЗАК	Z080000021_	Новый	О ратификации Соглашения между Правительством Республики Казахстан и Правительством Иорданского Хашимитского Королевства о взаимном поощрении и защите инвестиций
ЗАК	Z080000018_	Новый	О ратификации Соглашения между Правительством Республики Казахстан и Правительством Российской Федерации о сотрудничестве в создании хозяйственного общества на базе Оренбургского газоперерабатывающего завода
ЗАК	Z080000019_	Новый	О ратификации Конвенции о рабстве от 25 сентября 1926 года, Протокола о внесении изменений в Конвенцию о рабстве от 7 декабря 1953 года и Дополнительной Конвенции об упразднении рабства, работорговли и институтов и обычаев, сходных с рабством, от 7 сентября 1956 года
ЗАК	Z080000016_	Новый	О ратификации Соглашения между Правительством Республики Казахстан и Правительством Финляндской Республики о поощрении и взаимной защите инвестиций
ЗАК	Z080000017_	Новый	О ратификации Рамочного соглашения о технической помощи между Правительством Республики Казахстан и Азиатским Банком Развития
ЗАК	Z070000013_	Новый	О ратификации Соглашения о порядке оперативного развертывания, применения и всестороннего обеспечения Коллективных сил быстрого развертывания Центральноазиатского региона коллективной безопасности
ЗАК	Z070000014_	Новый	О ратификации Конвенции между Республикой Казахстан и Словацкой Республикой об избежании двойного налогообложения и предотвращении уклонения от налогообложения в отношении налогов на доход и капитал
ЗАК	Z070000015_	Новый	О ратификации Соглашения между Правительством Республики Казахстан и Правительством Федеративной Республики Германия о транзите военного имущества и персонала через территорию Республики Казахстан в связи с участием Вооруженных Сил Федеративной Республики Германия в усилиях по стабилизации и восстановлению Исламской Республики Афганистан
ЗАК	Z070000009_	Новый	О внесении изменений и дополнений в некоторые законодательные акты Республики Казахстан по вопросам социального обеспечения и труда
ЗАК	Z070000010_	Новый	О ратификации Соглашения между Правительством Республики Казахстан и Правительством Республики Польша о воздушном сообщении
ЗАК	Z070000011_	Новый	О внесении изменений и дополнений в некоторые законодательные акты Республики Казахстан по вопросам Государственной границы Республики Казахстан
ЗАК	Z070000012_	Новый	О ратификации Протокола о внесении изменений и дополнений в Соглашение о сотрудничестве в области трудовой миграции и социальной защиты трудящихся-мигрантов от 15 апреля 1994 года
ЗАК	Z070000008_	Обновленный	О республиканском бюджете на 2008 год
ЗАК	Z070000007_	Новый	О внесении изменений и дополнений в Бюджетный кодекс Республики Казахстан
ЗАК	Z070000006_	Обновленный	О ратификации Соглашения между Правительством Республики Казахстан и Правительством Грузии о международном автомобильном сообщении
ЗАК	Z070000003_	Обновленный	О ратификации Соглашения между Правительством Республики Казахстан и Евразийским экономическим сообществом об условиях пребывания Интеграционного Комитета Евразийского экономического сообщества на территории Республики Казахстан
ЗАК	Z070000004_	Новый	О внесении изменений в Таможенный кодекс Республики Казахстан
ЗАК	Z070000005_	Новый	Об объемах трансфертов общего характера между республиканским и областными бюджетами, бюджетами города республиканского значения, столицы на 2008-2010 годы
ЗАК	Z070000002_	Новый	О внесении изменений и дополнений в Закон Республики Казахстан "О недрах и недропользовании"
ЗАК	Z070000001_	Новый	О внесении изменений и дополнений в Закон Республики Казахстан "О республиканском бюджете на 2007 год"
ЗАК	Z070000321_	Новый	О внесении изменения и дополнений в некоторые законодательные акты Республики Казахстан по вопросам обеспечения интересов государства в сфере экономики
ЗАК	Z070000319_	Обновленный	Об образовании
ЗАК	Z070000314_	Новый	О внесении изменений и дополнений в Кодекс Республики Казахстан об административных правонарушениях
ЗАК	Z070000315_	Новый	О внесении изменений и дополнений в некоторые законодательные акты Республики Казахстан по вопросам модернизации системы государственного управления
ЗАК	Z070000316_	Новый	О внесении изменений и дополнений в некоторые законодательные акты Республики Казахстан по вопросам деятельности отраслевых регуляторов
ЗАК	Z070000317_	Новый	О внесении изменений и дополнений в Закон Республики Казахстан "О кредитных бюро и формировании кредитных историй в Республике Казахстан"
ЗАК	Z070000318_	Новый	О внесении изменений и дополнений в Закон Республики Казахстан "О государственном контроле за оборотом отдельных видов оружия"
ЗАК	Z070000320_	Новый	О внесении изменений и дополнений в некоторые законодательные акты Республики Казахстан по вопросам образования
ЗАК	Z070000310_	Обновленный	О государственной регистрации прав на недвижимое имущество
ЗАК	Z070000311_	Новый	О внесении изменений и дополнений в некоторые законодательные акты Республики Казахстан по вопросам государственной регистрации прав на недвижимое имущество и сделок с ним
ЗАК	Z070000312_	Новый	О внесении изменений и дополнений в некоторые законодательные акты Республики Казахстан по вопросам упрощения таможенных и налоговых процедур
ЗАК	Z070000313_	Новый	О внесении изменений и дополнений в некоторые законодательные акты Республики Казахстан по вопросам государственного регулирования агропромышленного комплекса
ЗАК	Z070000296_	Утративший силу	О статусе столицы Республики Казахстан
ЗАК	Z070000301_	Обновленный	О безопасности пищевой продукции
ЗАК	Z070000302_	Обновленный	О безопасности химической продукции
ЗАК	Z070000305_	Обновленный	О безопасности машин и оборудования
ЗАК	Z070000306_	Обновленный	О безопасности игрушек
ЗАК	Z070000300_	Обновленный	Об экспортном контроле
ЗАК	Z070000298_	Утративший силу	О развитии хлопковой отрасли
ЗАК	Z070000290_	Обновленный	О ратификации Соглашения между Правительством Республики Казахстан и Правительством Российской Федерации о порядке пересечения казахстанско-российской государственной границы жителями приграничных территорий Республики Казахстан и Российской Федерации
ЗАК	Z070000303_	Утративший силу	О государственных закупках
ЗАК	Z070000281_	Новый	О ратификации Соглашения о порядке организации и проведения совместных антитеррористических мероприятий на территориях государств-членов Шанхайской организации сотрудничества
ЗАК	Z070000282_	Новый	О ратификации Протокола между Правительством Республики Казахстан и Правительством Российской Федерации о внесении изменений и дополнений в Договор между Правительством Республики Казахстан и Правительством Российской Федерации об аренде испытательного полигона Эмба от 18 октября 1996 года
ЗАК	Z070000283_	Новый	О ратификации Протокола о внесении изменений и дополнений в Соглашение между Республикой Казахстан и Российской Федерацией об условиях использования и аренды полигона Эмба от 20 января 1995 года
ЗАК	Z070000284_	Новый	О ратификации Протокола между Правительством Республики Казахстан и Правительством Российской Федерации о внесении изменений и дополнений в Договор между Правительством Республики Казахстан и Правительством Российской Федерации об аренде испытательного полигона Сары-Шаган от 18 октября 1996 года
ЗАК	Z070000285_	Новый	О ратификации Протокола о внесении изменений и дополнений в Соглашение между Республикой Казахстан и Российской Федерацией об условиях использования и аренды испытательного полигона Сары-Шаган и обеспечения жизнедеятельности г. Приозерска от 20 января 1995 года
ЗАК	Z070000286_	Новый	О ратификации Протокола о внесении изменений и дополнений в Соглашение между Республикой Казахстан и Российской Федерацией о порядке использования 4 Государственного центрального полигона (объекты и боевые поля, размещенные на территории Республики Казахстан) Министерства обороны Российской Федерации от 20 января 1995 года
ЗАК	Z070000287_	Новый	О ратификации Протокола о внесении изменений и дополнений в Соглашение между Республикой Казахстан и Российской Федерацией о порядке использования 929 Государственного летно-испытательного центра (объекты и боевые поля, размещенные на территории Республики Казахстан) Министерства обороны Российской Федерации, от 20 января 1995 года
ЗАК	Z070000288_	Новый	О ратификации Протокола между Правительством Республики Казахстан и Правительством Российской Федерации о внесении изменений и дополнений в Договор между Правительством Республики Казахстан и Правительством Российской Федерации об аренде объектов и боевых полей 4 Государственного центрального полигона Российской Федерации, расположенных на территории Республики Казахстан, от 18 октября 1996 года
ЗАК	Z070000289_	Новый	О ратификации Протокола о внесении изменений и дополнений в Соглашение об обеспечении свободного и равного права пересечения физическими лицами границ государств-участников Таможенного союза и беспрепятственного перемещения ими товаров и валюты от 24 ноября 1998 года
ЗАК	Z070000291_	Новый	О ратификации Соглашения между Правительством Республики Казахстан и Правительством Соединенного Королевства Великобритании и Северной Ирландии по международным автомобильным перевозкам
ЗАК	Z070000292_	Новый	О ратификации Протокола между Правительством Республики Казахстан и Правительством Российской Федерации о внесении изменений и дополнений в Договор между Правительством Республики Казахстан и Правительством Российской Федерации об аренде объектов и боевых полей 929 Государственного летно-испытательного центра Российской Федерации, расположенных на территории Республики Казахстан, от 18 октября 1996 года
ЗАК	Z070000293_	Новый	О ратификации Соглашения между Правительством Республики Казахстан и Правительством Королевства Бельгия о международных автомобильных перевозках
ЗАК	Z070000294_	Новый	О ратификации Протокола об интеграции Организации "Центрально-Азиатское Сотрудничество" в Евразийское экономическое сообщество
ЗАК	Z070000295_	Новый	О ратификации Меморандума о понимании между Казахстаном и Организацией НАТО по техническому обслуживанию и обеспечению (НАМСО) по сотрудничеству в области материально-технического обеспечения
ЗАК	Z070000297_	Новый	О внесении изменений и дополнений в некоторые законодательные акты Республики Казахстан по вопросам развития столицы Республики Казахстан
ЗАК	Z070000299_	Новый	О внесении изменений и дополнений в некоторые законодательные акты Республики Казахстан по вопросам развития хлопковой отрасли
ЗАК	Z070000304_	Новый	О внесении изменений и дополнения в некоторые законодательные акты  Республики Казахстан по вопросам государственных закупок
ЗАК	Z070000307_	Новый	О внесении изменений и дополнений в некоторые законодательные акты Республики Казахстан по вопросам охраны и использования историко-культурного наследия
ЗАК	Z070000308_	Новый	О внесении изменений и дополнений в некоторые законодательные акты Республики Казахстан по вопросам совершенствования борьбы с коррупцией
ЗАК	Z070000309_	Новый	О внесении изменений и дополнений в некоторые законодательные акты Республики Казахстан по вопросам развития регионального финансового центра города Алматы
ЗАК	Z070000274_	Утративший силу	О специальных экономических зонах в Республике Казахстан
ЗАК	Z070000275_	Новый	О внесении изменения и дополнений в некоторые законодательные акты Республики Казахстан по вопросам деятельности специальных экономических зон
ЗАК	Z070000276_	Новый	О внесении изменений и дополнений в некоторые законодательные акты Республики Казахстан по вопросам миграции
ЗАК	Z070000277_	Новый	О внесении изменений и дополнений в Закон Республики Казахстан "О внутренних войсках Министерства внутренних дел Республики Казахстан"
ЗАК	Z070000278_	Новый	О внесении изменения в Закон Республики Казахстан "О жилищных отношениях"
ЗАК	Z070000279_	Новый	О внесении изменений и дополнений в Земельный кодекс Республики Казахстан
ЗАК	Z070000280_	Новый	О ратификации Соглашения между Правительством Республики Казахстан и Правительством Республики Армения о международном автомобильном сообщении
ЗАК	Z070000273_	Новый	О внесении изменений и дополнений в Закон Республики Казахстан "О республиканском бюджете на 2007 год"
ЗАК	Z070000272_	Новый	О внесении изменений и дополнений в некоторые законодательные акты Республики Казахстан по вопросам жилищных строительных сбережений
ЗАК	Z070000269_	Новый	О внесении изменений и дополнений в Бюджетный кодекс Республики Казахстан
ЗАК	Z070000270_	Новый	О внесении изменений и дополнений в некоторые законодательные акты Республики Казахстан по вопросам проявления неуважения к суду
ЗАК	Z070000271_	Новый	О внесении изменений и дополнений в Закон Республики Казахстан "О нормативных правовых актах"
ЗАК	Z070000263_	Новый	О ратификации Конвенции о безопасности и гигиене труда в строительстве (Конвенция 167)
ЗАК	Z070000264_	Новый	О внесении изменений и дополнений в некоторые законодательные акты Республики Казахстан по вопросам рекламы
ЗАК	Z070000262_	Новый	О внесении изменения и дополнений в некоторые законодательные акты Республики Казахстан по вопросам совершенствования административных процедур
ЗАК	Z070000259_	Новый	О ратификации Стокгольмской конвенции о стойких органических загрязнителях
ЗАК	Z070000260_	Новый	О ратификации Конвенции о стандартах демократических выборов, избирательных прав и свобод в государствах-участниках Содружества Независимых Государств
ЗАК	Z070000261_	Новый	О ратификации Соглашения о займе (проект сохранения лесов и увеличения лесистости территории республики) между Республикой Казахстан и Международным Банком Реконструкции и Развития и Соглашения о гранте траст-фонда (проект сохранения лесов и увеличения лесистости территории республики) между Республикой Казахстан и Международным Банком Реконструкции и Развития, выступающим в качестве исполнительной организации Глобального экологического фонда
ЗАК	Z070000256_	Обновленный	О ратификации Соглашения между Правительством Республики Казахстан и Правительством Республики Сингапур об избежании двойного налогообложения и предотвращении уклонения от налогообложения в отношении налогов на доход и Протокола к нему
ЗАК	Z070000257_	Новый	О ратификации Соглашения между правительствами государств-членов Шанхайской организации сотрудничества о взаимодействии при оказании помощи в ликвидации чрезвычайных ситуаций
ЗАК	Z070000255_	Новый	О внесении изменений и дополнений в некоторые законодательные акты Республики Казахстан по вопросам воинской службы
ЗАК	Z070000252_	Утративший силу	О введении в действие Трудового кодекса Республики Казахстан
ЗАК	Z070000253_	Новый	О внесении изменений и дополнений в некоторые законодательные акты Республики Казахстан по вопросам регулирования труда
ЗАК	Z070000248_	Обновленный	О ратификации Соглашения между Правительством Республики Казахстан и Правительством Российской Федерации о порядке уплаты провозных платежей и оформления перевозок грузов по участкам железных дорог Республики Казахстан, расположенным на территории Российской Федерации, и по участкам железных дорог Российской Федерации, расположенным на территории Республики Казахстан
ЗАК	Z070000247_	Новый	О внесении изменения в Закон Республики Казахстан "О Национальном архивном фонде и архивах"
ЗАК	Z070000249_	Новый	О ратификации Протокола о внесении изменений в Соглашение между Правительством Республики Казахстан и Правительством Республики Болгария о взаимном поощрении и защите инвестиций
ЗАК	Z070000250_	Новый	О ратификации Соглашения о поощрении и взаимной защите инвестиций между Республикой Казахстан и Королевством Нидерландов
ЗАК	Z070000244_	Новый	О внесении изменений и дополнений в некоторые законодательные акты Республики Казахстан по обязательным видам страхования
ЗАК	Z070000245_	Новый	О ратификации Конвенции о запрещении разработки, производства и накопления запасов бактериологического (биологического) и токсинного оружия и об их уничтожении
ЗАК	Z070000246_	Новый	О ратификации Соглашения о транзите при международных воздушных сообщениях
ЗАК	Z070000243_	Новый	О ратификации Соглашения между Правительством Республики Казахстан и Подготовительной комиссией Организации по Договору о всеобъемлющем
запрещении ядерных испытаний о проведении мероприятий, включая постсертификационные мероприятия, на объектах по международному мониторингу в поддержку Договора о всеобъемлющем запрещении ядерных испытаний
ЗАК	Z070000242_	Новый	О внесении изменений и дополнений в Закон Республики Казахстан "О государственном регулировании развития агропромышленного комплекса и сельских территорий"
ЗАК	Z070000240_	Новый	О внесении изменений и дополнений в некоторые законодательные акты Республики Казахстан по вопросам уголовно-исполнительной системы
ЗАК	Z070000241_	Новый	О внесении изменений и дополнений в некоторые законодательные акты Республики Казахстан по вопросам амнистии в связи с легализацией имущества
ЗАК	Z070000238_	Новый	О ратификации Конвенции о транзитной торговле внутриконтинентальных государств
ЗАК	Z070000239_	Новый	О ратификации Роттердамской конвенции о процедуре предварительного обоснованного согласия в отношении отдельных опасных химических веществ и пестицидов в международной торговле
ЗАК	Z070000237_	Новый	О внесении изменений и дополнений в некоторые законодательные акты Республики Казахстан по вопросам интеллектуальной собственности
ЗАК	Z070000234_	Обновленный	О бухгалтерском учете и финансовой отчетности
ЗАК	Z070000235_	Новый	О внесении изменений и дополнений в некоторые законодательные акты Республики Казахстан по вопросам бухгалтерского учета и финансовой отчетности
ЗАК	Z070000236_	Новый	О внесении изменений в Закон Республики Казахстан "О международных договорах Республики Казахстан"
ЗАК	Z070000231_	Новый	О ратификации Соглашения между Правительством Республики Казахстан и Правительством Малайзии об избежании двойного налогообложения и предотвращении уклонения от налогообложения в отношении налогов на доход и Протокола к нему
ЗАК	Z070000232_	Новый	О внесении дополнения в Закон Республики Казахстан "О пенсионном обеспечении в Республике Казахстан"
ЗАК	Z070000233_	Новый	О ратификации Соглашения о Секретариате Совещания по взаимодействию и мерам доверия в Азии
ЗАК	Z070000229_	Новый	О ратификации Дополнительного протокола к Соглашению между Республикой Казахстан и Международным агентством по атомной энергии о применении гарантий в связи с Договором о нераспространении ядерного оружия
ЗАК	Z070000230_	Новый	О внесении изменений и дополнений в некоторые законодательные акты Республики Казахстан по вопросам защиты прав миноритарных инвесторов
ЗАК	Z070000228_	Новый	О внесении изменений и дополнений в Закон Республики Казахстан "О профилактике йододефицитных заболеваний"
ЗАК	Z070000219_	Обновленный	Об игорном бизнесе
ЗАК	Z070000223_	Обновленный	О национальных реестрах идентификационных номеров
ЗАК	Z070000221_	Утративший силу	О порядке рассмотрения обращений физических и юридических лиц
ЗАК	Z070000224_	Обновленный	О внесении изменений и дополнений в некоторые законодательные акты Республики Казахстан по вопросам национальных реестров идентификационных номеров
ЗАК	Z070000222_	Обновленный	О внесении изменений и дополнений в некоторые законодательные акты Республики Казахстан по вопросам лицензирования
ЗАК	Z070000220_	Новый	О внесении изменений и дополнений в некоторые законодательные акты Республики Казахстан по вопросам игорного бизнеса
ЗАК	Z070000225_	Новый	О внесении изменений и дополнений в Гражданский кодекс Республики Казахстан (Общая и Особенная части)
ЗАК	Z070000226_	Новый	О внесении изменений и дополнений в некоторые законодательные акты Республики Казахстан по вопросам недропользования и проведения нефтяных операций в Республике Казахстан
ЗАК	Z070000227_	Новый	О внесении изменений и дополнений в некоторые законодательные акты Республики Казахстан по вопросам регулирования миграционных процессов
ЗАК	Z070000217_	Утративший силу	Об информатизации
ЗАК	Z070000214_	Утративший силу	О лицензировании
ЗАК	Z070000215_	Новый	О ратификации Соглашения в форме обмена нотами между Правительством Республики Казахстан и Правительством Японии о привлечении гранта Правительства Японии для осуществления проекта "Поставка оборудования для образовательного комплекса Алматинского хореографического училища им. А.В. Селезнева"
ЗАК	Z070000216_	Новый	О ратификации Соглашения между Правительством Республики Казахстан и Евразийским банком развития об условиях пребывания Евразийского банка развития на территории Республики Казахстан
ЗАК	Z070000218_	Новый	О внесении дополнений в некоторые законодательные акты Республики Казахстан по вопросам информатизации
ЗАК	Z070000213_	Новый	О внесении изменений и дополнений в некоторые законодательные акты Республики Казахстан по экологическим вопросам
ЗАК	Z070000210_	Новый	О внесении изменений и дополнений в Уголовный, Уголовно-процессуальный кодексы Республики Казахстан по вопросам совершенствования уголовного законодательства
ЗАК	Z070000211_	Новый	О внесении изменений в Таможенный кодекс Республики Казахстан
ЗАК	Z060000209_	Новый	О внесении изменений и дополнений в некоторые законодательные акты Республики Казахстан по вопросам технического регулирования
ЗАК	Z060000207_	Обновленный	О культуре
ЗАК	Z060000205_	Новый	О ратификации Протокола о внесении изменения в Протокол к Соглашению между Республикой Казахстан и Российской Федерацией о разграничении дна северной части Каспийского моря в целях осуществления суверенных прав на недропользование от 6 июля 1998 года
ЗАК	Z060000206_	Новый	О ратификации Соглашения о сотрудничестве в области организации интегрированного валютного рынка государств-членов Евразийского экономического сообщества
ЗАК	Z060000202_	Обновленный	О ратификации Протокола о единых правилах лицензирования импорта и экспорта товаров, а также связанных с этим отдельных видов деятельности государств-членов Евразийского экономического сообщества
ЗАК	Z060000201_	Новый	О внесении изменений и дополнений в некоторые законодательные акты Республики Казахстан по вопросам налогообложения
ЗАК	Z060000203_	Новый	О ратификации Соглашения между Правительством Республики Казахстан и Правительством Республики Хорватия о международных автомобильных перевозках пассажиров и грузов
ЗАК	Z060000204_	Новый	О внесении изменений в Закон Республики Казахстан "Об архитектурной, градостроительной и строительной деятельности в Республике Казахстан"
ЗАК	Z060000195_	Обновленный	О ратификации Соглашения между Правительством Республики Казахстан и Правительством Республики Узбекистан о международном автомобильном сообщении
ЗАК	Z060000194_	Обновленный	О республиканском бюджете на 2007 год
ЗАК	Z060000196_	Новый	О ратификации Соглашения между Правительством Республики Казахстан и Региональной группой управления проектом по борьбе со СПИДом в Центральной Азии об условиях пребывания Региональной группы управления проектом по борьбе со СПИДом в Центральной Азии в Республике Казахстан
ЗАК	Z060000197_	Новый	О ратификации Соглашения между Правительством Республики Казахстан и Правительством Республики Таджикистан о международном автомобильном сообщении
ЗАК	Z060000198_	Новый	О внесении изменений в Закон Республики Казахстан "О микрокредитных организациях"
ЗАК	Z060000189_	Обновленный	О гарантированном трансферте из Национального фонда Республики Казахстан на 2007-2009 годы
ЗАК	Z060000190_	Новый	О ратификации Соглашения между Правительством Республики Казахстан и Правительством Республики Молдова о взаимных поездках граждан
ЗАК	Z060000191_	Новый	О ратификации Соглашения между Правительством Республики Казахстан и Правительством Грузии о взаимных поездках граждан
ЗАК	Z060000192_	Новый	О ратификации Протокола к Соглашению между Правительством Республики Беларусь, Правительством Республики Казахстан, Правительством Кыргызской Республики, Правительством Российской Федерации и Правительством Республики Таджикистан о взаимных безвизовых поездках граждан от 30 ноября 2000 года
ЗАК	Z060000193_	Новый	О ратификации Рамочной конвенции Всемирной организации здравоохранения по борьбе против табака
ЗАК	Z060000188_	Новый	О внесении изменений и дополнений в некоторые законодательные акты Республики Казахстан по вопросам амнистии в связи с легализацией имущества
ЗАК	Z060000187_	Новый	О ратификации Договора о союзнических отношениях между Республикой Казахстан и Кыргызской Республикой
ЗАК	Z060000184_	Новый	О внесении изменения и дополнения в Закон Республики Казахстан "Об административно-территориальном устройстве Республики Казахстан"
ЗАК	Z060000185_	Новый	О ратификации Протокола о внесении изменений и дополнений в Протокол о порядке осуществления контроля за целевым использованием продукции военного назначения, поставляемой в рамках Соглашения об основных принципах военно-технического сотрудничества между государствами-участниками Договора о коллективной безопасности от 15 мая 1992 года
ЗАК	Z060000186_	Новый	О внесении изменения и дополнений в Закон Республики Казахстан "О местном государственном управлении в Республике Казахстан"
ЗАК	Z060000175_	Обновленный	Об особо охраняемых природных территориях
ЗАК	Z060000169_	Обновленный	Об обязательном гарантировании депозитов, размещенных в банках второго уровня Республики Казахстан
ЗАК	Z060000167_	Утративший силу	О концессиях
ЗАК	Z060000180_	Утративший силу	О долевом участии в жилищном строительстве
ЗАК	Z060000170_	Утративший силу	Об охране здоровья граждан
ЗАК	Z060000173_	Утративший силу	О конкуренции и ограничении монополистической деятельности
ЗАК	Z060000168_	Новый	О внесении изменений и дополнений в некоторые законодательные акты Республики Казахстан по вопросам концессии
ЗАК	Z060000171_	Новый	О внесении изменений и дополнений в некоторые законодательные акты Республики Казахстан по вопросам здравоохранения
ЗАК	Z060000172_	Новый	О внесении изменений и дополнений в Закон Республики Казахстан "О профилактике заболевания СПИД"
ЗАК	Z060000174_	Новый	О внесении изменений и дополнений в некоторые законодательные акты Республики Казахстан по вопросам контроля и регулирования деятельности субъектов естественной монополии и субъектов рынка, занимающих доминирующее положение на соответствующем товарном рынке
ЗАК	Z060000176_	Новый	О внесении изменений и дополнений в некоторые законодательные акты Республики Казахстан по вопросам особо охраняемых природных территорий и лесного хозяйства
ЗАК	Z060000177_	Новый	О внесении изменений и дополнений в некоторые законодательные акты Республики Казахстан по вопросам налогообложения
ЗАК	Z060000178_	Новый	О внесении изменений и дополнений в некоторые законодательные акты Республики Казахстан по вопросам совершенствования управления государственным сектором экономики
ЗАК	Z060000179_	Новый	О внесении изменений и дополнений в Закон Республики Казахстан "Об обязательном страховании в растениеводстве"
ЗАК	Z060000181_	Новый	О внесении дополнений в некоторые законодательные акты Республики Казахстан по вопросам долевого участия в жилищном строительстве
ЗАК	Z060000182_	Новый	О внесении изменений и дополнений в некоторые законодательные акты Республики Казахстан по вопросам развития арендного сектора жилья
ЗАК	Z060000183_	Новый	О внесении изменений и дополнений в некоторые законодательные акты Республики Казахстан по вопросам мобилизационной подготовки и мобилизации
ЗАК	Z060000163_	Обновленный	О взаимном страховании
ЗАК	Z060000157_	Обновленный	Об амнистии в связи с легализацией имущества
ЗАК	Z060000158_	Обновленный	О внесении дополнений в некоторые законодательные акты Республики Казахстан по вопросам амнистии в связи с легализацией имущества
ЗАК	Z060000156_	Новый	О внесении изменений и дополнений в некоторые законодательные акты Республики Казахстан по вопросам средств массовой информации
ЗАК	Z060000159_	Новый	О внесении изменений и дополнений в Закон Республики Казахстан "О республиканском бюджете на 2006 год"
ЗАК	Z060000160_	Новый	О ратификации Меморандума о взаимопонимании между Правительством Республики Казахстан и Правительством Соединенных Штатов Америки по Казахстанско-Американской программе по экономическому развитию
ЗАК	Z060000161_	Новый	О ратификации Соглашения о займе (Проект повышения конкурентоспособности cельскохозяйственной продукции) между Республикой Казахстан и Международным Банком Реконструкции и Развития
ЗАК	Z060000162_	Новый	О внесении дополнений в Земельный кодекс Республики Казахстан
ЗАК	Z060000164_	Новый	О внесении изменений и дополнений в некоторые законодательные акты Республики Казахстан по вопросам взаимного страхования
ЗАК	Z060000165_	Новый	О внесении изменений и дополнений в некоторые законодательные акты Республики Казахстан по вопросам совершенствования бюджетного законодательства Республики Казахстан и деятельности Национального Банка Республики Казахстан
ЗАК	Z060000166_	Новый	О внесении изменений и дополнений в некоторые законодательные акты Республики Казахстан по вопросам естественных монополий
ЗАК	Z060000152_	Обновленный	О ратификации Протокола о присоединении Республики Узбекистан к Договору об учреждении Евразийского экономического сообщества от 10 октября 2000 года
ЗАК	Z060000154_	Обновленный	О ратификации Протокола о внесении изменений и дополнений в Договор об учреждении Евразийского экономического сообщества от 10 октября 2000 года
ЗАК	Z060000148_	Новый	О внесении изменений и дополнений в некоторые законодательные акты Республики Казахстан по вопросам социального обеспечения
ЗАК	Z060000149_	Новый	Об амнистии в связи с легализацией незаконных трудовых иммигрантов
ЗАК	Z060000150_	Новый	О внесении изменений и дополнений в некоторые законодательные акты Республики Казахстан по вопросам образования
ЗАК	Z060000151_	Новый	О внесении изменений и дополнений в некоторые законодательные акты Республики Казахстан по вопросам судебной экспертизы
ЗАК	Z060000153_	Новый	О ратификации Договора о стратегическом партнерстве и союзнических отношениях между Республикой Казахстан и Азербайджанской Республикой
ЗАК	Z060000155_	Новый	О ратификации Консульской конвенции между Республикой Казахстан и Республикой Польша
ЗАК	Z060000147_	Новый	О внесении изменений и дополнений в некоторые законодательные акты Республики Казахстан по вопросам исполнительного производства
ЗАК	Z060000145_	Утративший силу	О региональном финансовом центре города Алматы
ЗАК	Z060000146_	Новый	О внесении изменений и дополнений в некоторые законодательные акты Республики Казахстан по вопросам создания регионального финансового центра города Алматы
ЗАК	Z060000144_	Новый	О ратификации Протокола о внесении изменений и дополнения в Соглашение между Правительством Республики Казахстан и Правительством Азербайджанской Республики о свободной торговле от 10 июня 1997 года
ЗАК	Z060000141_	Обновленный	О ратификации Соглашения между Правительством Республики Казахстан и Правительством Российской Федерации о порядке взаимодействия в случае возникновения аварий при пусках ракет с космодрома "Байконур"
ЗАК	Z060000142_	Новый	О ратификации Соглашения о банке данных Региональной антитеррористической структуры Шанхайской организации сотрудничества
ЗАК	Z060000143_	Новый	О внесении изменений и дополнений в Закон Республики Казахстан "О дипломатической службе Республики Казахстан"
ЗАК	Z060000140_	Новый	О внесении изменений и дополнений в Кодекс Республики Казахстан "О налогах и других обязательных платежах в бюджет" (Налоговый кодекс)
ЗАК	Z060000138_	Обновленный	О ратификации поправки к Соглашению об учреждении Европейского Банка Реконструкции и Развития с целью принятия Монголии в качестве страны операций
ЗАК	Z060000139_	Новый	О внесении изменений и дополнений в некоторые законодательные акты Республики Казахстан по вопросам аудиторской деятельности
ЗАК	Z060000137_	Новый	О ратификации Соглашения об учреждении Евразийского банка развития
ЗАК	Z060000136_	Новый	О внесении изменений и дополнений в Закон Республики Казахстан "Об электроэнергетике"
ЗАК	Z060000135_	Утративший силу	О государственной поддержке инновационной деятельности
ЗАК	Z060000132_	Новый	О ратификации Соглашения между Правительством Республики Казахстан и Правительством Латвийской Республики о поощрении и взаимной защите инвестиций
ЗАК	Z060000133_	Новый	О ратификации Соглашения между Правительством Республики Казахстан и Правительством Королевства Швеции о поощрении и взаимной защите инвестиций
ЗАК	Z060000134_	Новый	О ратификации Соглашения между Правительством Республики Казахстан и Правительством Исламской Республики Пакистан о взаимном поощрении и защите инвестиций
ЗАК	Z060000129_	Новый	О ратификации Соглашения между Правительством Республики Казахстан и Правительством Российской Федерации о деятельности пограничных представителей
ЗАК	Z060000130_	Новый	О внесении изменений и дополнений в Закон Республики Казахстан 
"О наркотических средствах, психотропных веществах, прекурсорах и мерах 
противодействия их незаконному обороту и злоупотреблению ими"
ЗАК	Z060000131_	Новый	О внесении изменений и дополнений в некоторые законодательные акты 
Республики Казахстан по вопросам противодействия торговле людьми
ЗАК	Z060000126_	Обновленный	О проектном финансировании и секьюритизации
ЗАК	Z060000127_	Новый	О внесении изменений и дополнений в некоторые законодательные акты Республики Казахстан по вопросам секьюритизации
ЗАК	Z060000128_	Новый	О внесении изменений и дополнений в некоторые законодательные акты Республики Казахстан по вопросам страхования
ЗАК	Z060000124_	Утративший силу	О частном предпринимательстве
ЗАК	Z060000125_	Новый	О внесении изменений и дополнений в некоторые законодательные акты Республики Казахстан по вопросам предпринимательства
ЗАК	Z060000123_	Новый	О внесении изменений и дополнений в Кодекс Республики Казахстан об административных правонарушениях
ЗАК	Z060000121_	Обновленный	О присяжных заседателях
ЗАК	Z060000122_	Новый	О внесении изменений и дополнений в некоторые законодательные акты   Республики Казахстан по вопросам введения уголовного судопроизводства
с участием присяжных заседателей
ЗАК	Z060000117_	Новый	О внесении изменений и дополнений в Закон Республики Казахстан "О чрезвычайном положении"
ЗАК	Z060000118_	Новый	О ратификации Соглашения о правовом статусе должностных лиц и сотрудников органов Содружества Независимых Государств
ЗАК	Z060000119_	Новый	О ратификации Договора между Республикой Казахстан и Грузией о взаимной правовой помощи по гражданским и уголовным делам и Протокола к настоящему Договору
ЗАК	Z060000120_	Новый	О внесении изменений и дополнений в Закон Республики Казахстан "О естественных монополиях"
ЗАК	Z060000115_	Новый	О внесении изменений и дополнений в некоторые законодательные акты    Республики Казахстан по вопросам банкротства
ЗАК	Z060000116_	Новый	О внесении изменений и дополнений в некоторые законодательные акты Республики Казахстан по вопросам разграничения полномочий между уровнями государственного управления
ЗАК	Z060000113_	Новый	Об амнистии в связи с празднованием Дня независимости Республики Казахстан
ЗАК	Z060000114_	Новый	О внесении изменений и дополнений в некоторые законодательные акты Республики Казахстан по вопросам субсидий, компенсационных и антидемпинговых мер
ЗАК	Z050000109_	Новый	О внесении дополнений в Закон Республики Казахстан "О труде в Республике Казахстан"
ЗАК	Z050000110_	Новый	О ратификации Конвенции между Республикой Казахстан и Австрийской Республикой в отношении налогов на доход и капитал
ЗАК	Z050000111_	Новый	О внесении изменений и дополнений в Уголовно-процессуальный и Гражданский процессуальный кодексы Республики Казахстан по вопросам разграничения подсудности
ЗАК	Z050000107_	Новый	О внесении изменений и дополнений в некоторые законодательные акты Республики Казахстан по вопросам лицензирования и консолидированного надзора
ЗАК	Z050000108_	Новый	О внесении изменений и дополнений в некоторые законодательные акты Республики Казахстан по вопросам деятельности Банка Развития Казахстана
ЗАК	Z050000105_	Обновленный	О ратификации Соглашения о взаимном обеспечении сохранности секретной информации в рамках Организации Договора о коллективной безопасности
ЗАК	Z050000101_	Новый	О внесении изменений и дополнений в некоторые законодательные акты
Республики Казахстан по вопросам социального обеспечения
ЗАК	Z050000102_	Новый	О ратификации Конвенции о привилегиях и иммунитетах Шанхайской организации
сотрудничества
ЗАК	Z050000103_	Новый	О ратификации Соглашения об обеспечении защиты секретной информации в рамках Региональной антитеррористической структуры Шанхайской организации
сотрудничества
ЗАК	Z050000104_	Новый	О ратификации Конвенции между Республикой Казахстан и Королевством Норвегия
об избежании двойного налогообложения и предотвращении уклонения от уплаты налогов на доход и на капитал
ЗАК	Z050000106_	Новый	О ратификации Соглашения между Правительством Республики Казахстан и Правительством Королевства Швеция о международных автомобильных
перевозках пассажиров и грузов
ЗАК	Z050000098_	Утративший силу	О ратификации Соглашения о едином порядке экспортного контроля государств - членов Евразийского экономического сообщества
ЗАК	Z050000099_	Новый	О ратификации Соглашения о займе (Второй постприватизационный проект
поддержки сельского хозяйства) между Республикой Казахстан и Международным банком реконструкции и развития
ЗАК	Z050000100_	Новый	О ратификации Конвенции о борьбе с торговлей людьми и с эксплуатацией
проституции третьими лицами и Заключительного протокола
ЗАК	Z050000093_	Обновленный	Об обязательном экологическом страховании
ЗАК	Z050000094_	Новый	О присоединении Республики Казахстан к Конвенции о водно-болотных угодьях,
имеющих международное значение, главным образом в качестве местообитаний водоплавающих птиц (с поправками, внесенными в нее Парижским протоколом от 3 декабря 1982 года, и поправками, внесенными в Режине 28 мая 1987 года)
ЗАК	Z050000095_	Новый	О ратификации Договора об основах взаимоотношений и сотрудничества между
Республикой Казахстан и Переходным Исламским Государством Афганистан
ЗАК	Z050000096_	Новый	О присоединении Республики Казахстан к Конвенции о сохранении мигрирующих видов диких животных
ЗАК	Z050000097_	Новый	О ратификации Рамочной конвенции по защите морской среды Каспийского моря
ЗАК	Z050000092_	Новый	О ратификации Договора между Республикой Казахстан и Российской Федерацией о казахстанско-российской государственной границе
ЗАК	Z050000091_	Новый	О ратификации Международного пакта о гражданских и политических правах
ЗАК	Z050000088_	Обновленный	О республиканском бюджете на 2006 год
ЗАК	Z050000089_	Новый	О внесении изменений и дополнений в некоторые законодательные акты Республики Казахстан по вопросам налогообложения
ЗАК	Z050000090_	Новый	О внесении изменений и дополнений в некоторые законодательные акты Республики Казахстан по вопросам прав интеллектуальной собственности
ЗАК	Z050000087_	Новый	О ратификации Международного пакта об экономических, социальных и культурных правах
ЗАК	Z050000085_	Новый	О ратификации Соглашения между Правительством Республики Казахстан и Правительством Российской Федерации о сотрудничестве по созданию казахстанского спутника связи и вещания "KAZSAT"
ЗАК	Z050000086_	Новый	О ратификации Соглашения о безопасности между Республикой Казахстан и Организацией Североатлантического договора
ЗАК	Z050000083_	Новый	О ратификации Рамочного соглашения между Правительством Республики Казахстан и Европейским Банком Реконструкции и Развития о техническом содействии и сотрудничестве
ЗАК	Z050000084_	Новый	О внесении изменений и дополнений в Закон Республики Казахстан "О занятости населения"
ЗАК	Z050000082_	Обновленный	О ратификации Соглашения между Правительством Республики Казахстан и Правительством Российской Федерации о создании на космодроме "Байконур" космического ракетного комплекса "Байтерек"
ЗАК	Z050000080_	Новый	О внесении изменений и дополнений в Кодекс Республики Казахстан об административных правонарушениях
ЗАК	Z050000081_	Новый	О внесении изменений и дополнений в Закон Республики Казахстан "О нормативных правовых актах" по вопросам совершенствования нормотворческой деятельности
ЗАК	Z050000079_	Новый	О внесении изменений и дополнений в некоторые законодательные акты Республики Казахстан по вопросам недропользования и проведения нефтяных операций в Республике Казахстан
ЗАК	Z050000078_	Новый	О ратификации Протокола о внесении изменений и дополнений в Соглашение между Правительством Республики Казахстан и Правительством Грузии о свободной торговле от 11 ноября 1997 года
ЗАК	Z050000077_	Новый	О внесении изменения и дополнений в Закон Республики Казахстан "О транспорте в Республике Казахстан"
ЗАК	Z050000066_	Обновленный	О государственном регулировании развития агропромышленного комплекса и сельских территорий
ЗАК	Z050000074_	Утративший силу	О воинской обязанности и воинской службе
ЗАК	Z050000068_	Утративший силу	О соглашениях (контрактах) о разделе продукции при проведении нефтяных операций на море
ЗАК	Z050000067_	Новый	О внесении изменений и дополнений в некоторые законодательные акты Республики Казахстан по вопросам обеспечения национальной безопасности
ЗАК	Z050000069_	Новый	О внесении изменений и дополнений в некоторые законодательные акты Республики Казахстан по вопросам деятельности государственных органов, осуществляющих регулирование финансового рынка
ЗАК	Z050000070_	Новый	О внесении изменений и дополнения в Закон Республики Казахстан "О военном положении"
ЗАК	Z050000071_	Новый	О внесении изменений и дополнений в некоторые законодательные акты Республики Казахстан по вопросам экологического аудита
ЗАК	Z050000072_	Новый	О внесении изменений и дополнений в некоторые законодательные акты Республики Казахстан по вопросам рынка ценных бумаг и акционерных обществ
ЗАК	Z050000073_	Новый	О ратификации Соглашения между Правительством Республики Казахстан и Комиссией Европейских сообществ об учреждении, привилегиях и иммунитетах представительства Комиссии Европейских сообществ в Республике Казахстан
ЗАК	Z050000075_	Новый	О внесении изменений и дополнений в Закон Республики Казахстан
"О государственной службе"
ЗАК	Z050000076_	Новый	О внесении изменений и дополнений в Закон Республики Казахстан "Об органах финансовой полиции Республики Казахстан"
ЗАК	Z050000063_	Утративший силу	О государственных пособиях семьям, имеющим детей
ЗАК	Z050000064_	Утративший силу	О донорстве крови и ее компонентов
ЗАК	Z050000065_	Новый	О ратификации Протокола к Соглашению о партнерстве и сотрудничестве, устанавливающему партнерство между Республикой Казахстан, с одной стороны, и Европейскими сообществами и их государствами-членами, с другой стороны, принимая во внимание вступление Чешской Республики, Эстонской Республики, Республики Кипр, Латвийской Республики, Литовской Республики, Венгерской Республики, Республики Мальта, Республики Польша, Республики Словения и Словацкой Республики в Европейский союз
ЗАК	Z050000061_	Новый	О ратификации Соглашения о техническом сотрудничестве между Правительством Республики Казахстан и Правительством Японии
ЗАК	Z050000062_	Новый	О внесении изменений и дополнений в Таможенный кодекс Республики Казахстан
ЗАК	Z050000058_	Обновленный	О внесении изменений и дополнений в Закон Республики Казахстан "О пенсионном обеспечении в Республике Казахстан"
ЗАК	Z050000059_	Новый	О внесении изменений и дополнений в Закон Республики Казахстан "О мерах защиты внутреннего рынка при импорте товаров"
ЗАК	Z050000060_	Новый	О ратификации Соглашения в форме обмена нотами между Правительством Республики Казахстан и Правительством Японии о привлечении гранта Правительства Японии для осуществления проекта "Поставка звукового оборудования во Дворец Республики (город Алматы)"
ЗАК	Z050000057_	Утративший силу	О валютном регулировании и валютном контроле
ЗАК	Z050000056_	Новый	О внесении изменений и дополнений в некоторые законодательные акты Республики Казахстан по вопросам валютного регулирования и валютного контроля
ЗАК	Z050000055_	Новый	О внесении изменений и дополнений в Закон Республики Казахстан "О торговом мореплавании"
ЗАК	Z050000054_	Обновленный	О международных договорах Республики Казахстан
ЗАК	Z050000053_	Обновленный	О ратификации Договора о статусе Основ законодательства Евразийского экономического сообщества, порядке их разработки, принятия и реализации
ЗАК	Z050000051_	Новый	О внесении изменений в Закон Республики Казахстан "О судебной экспертизе"
ЗАК	Z050000052_	Новый	О ратификации Соглашения об оперативном оборудовании территории,
совместном использовании объектов военной инфраструктуры государств-членов Организации Договора о коллективной безопасности
ЗАК	Z050000050_	Новый	О внесении дополнения в Гражданский кодекс Республики Казахстан (Общая часть)
ЗАК	Z050000049_	Новый	О внесении изменений и дополнений в Закон Республики Казахстан "О республиканском бюджете на 2005 год"
ЗАК	Z050000048_	Новый	О внесении изменений и дополнений в некоторые законодательные акты Республики Казахстан по вопросам инвестиций
ЗАК	Z050000047_	Утративший силу	О торгово-промышленных палатах
ЗАК	Z050000046_	Новый	О внесении изменений и дополнений в некоторые законодательные акты Республики Казахстан по вопросам рынка ценных бумаг
ЗАК	Z050000045_	Новый	О внесении изменений и дополнений в некоторые законодательные акты Республики Казахстан по вопросам лицензирования
ЗАК	Z050000043_	Новый	О внесении изменений и дополнений в Закон Республики Казахстан "О жилищных строительных сбережениях в Республике Казахстан"
ЗАК	Z050000039_	Утративший силу	О социальной защите лиц с инвалидностью в Республике Казахстан
ЗАК	Z050000040_	Новый	О внесении изменений и дополнений в некоторые законодательные акты Республики Казахстан по вопросам социальной защиты инвалидов
ЗАК	Z050000041_	Новый	О ратификации Соглашения между Республикой Казахстан и Российской
Федерацией о совместном планировании применения войск (сил) в интересах
обеспечения совместной безопасности Республики Казахстан и Российской
Федерации
ЗАК	Z050000042_	Новый	О ратификации Соглашения между Правительством Республики Казахстан и
Правительством Кыргызской Республики о транзитном перемещении автомобильным
транспортом товаров через территорию Республики Казахстан
ЗАК	Z050000036_	Обновленный	О государственном социальном заказе, государственном заказе на реализацию стратегического партнерства, грантах и премиях для неправительственных организаций в Республике Казахстан
ЗАК	Z050000035_	Новый	О внесении дополнения в Закон Республики Казахстан "О государственных закупках"
ЗАК	Z050000037_	Новый	О ратификации Соглашения между Правительством Республики Казахстан и
Правительством Словацкой Республики о международном автомобильном сообщении
ЗАК	Z050000038_	Новый	О внесении дополнений в Закон Республики Казахстан "Об архитектурной,
градостроительной и строительной деятельности в Республике Казахстан"
ЗАК	Z050000034_	Обновленный	О ратификации Соглашения между Правительством Республики Казахстан и Правительством Кыргызской Республики о пунктах пропуска через государственную границу
ЗАК	Z050000033_	Новый	О внесении изменений и дополнений в некоторые законодательные акты Республики Казахстан по вопросам противодействия экстремизму
ЗАК	Z050000032_	Утративший силу	Об органах военной полиции
ЗАК	Z050000031_	Обновленный	О противодействии экстремизму
ЗАК	Z050000030_	Обновленный	Об обязательном страховании работника от несчастных случаев при исполнении им трудовых (служебных) обязанностей
ЗАК	Z050000029_	Обновленный	Об обороне и Вооруженных Силах Республики Казахстан
ЗАК	Z040000027_	Новый	О внесении изменений и дополнений в Уголовно-процессуальный кодекс
Республики Казахстан
ЗАК	Z040000028_	Новый	О внесении изменений и дополнений в некоторые законодательные акты Республики Казахстан по вопросам социального обеспечения участников Великой Отечественной войны, инвалидов и получателей пособий по случаю потери кормильца
ЗАК	Z040000025_	Новый	О внесении изменений и дополнений в некоторые законодательные акты Республики Казахстан по вопросам органов юстиции
ЗАК	Z040000026_	Новый	О внесении изменений и дополнений в некоторые законодательные акты Республики Казахстан и признании утратившими силу некоторых 
законодательных актов Республики Казахстан по вопросам деятельности органов внутренних дел
ЗАК	Z040000022_	Утративший силу	О третейских судах
ЗАК	Z040000023_	Утративший силу	О международном арбитраже
ЗАК	Z040000024_	Новый	О внесении дополнений в некоторые законодательные акты Республики 
Казахстан по вопросам деятельности третейских судов и арбитражей
ЗАК	Z040000020_	Новый	О внесении изменений и дополнений в Закон Республики Казахстан "О труде в Республике Казахстан"
ЗАК	Z040000021_	Новый	О внесении изменений в Закон Республики Казахстан "О социальной защите граждан, пострадавших вследствие экологического бедствия в Приаралье" и признании утратившим силу Закона Республики Казахстан "О приостановлении действия некоторых статей Закона Республики Казахстан "О социальной защите граждан, пострадавших вследствие экологического бедствия в Приаралье"
ЗАК	Z040000016_	Новый	О ратификации Протокола о внесении изменений в Соглашение между Правительством Республики Казахстан и Правительством Российской Федерации о принципах взимания косвенных налогов во взаимной торговле от 9 октября 2000 года
ЗАК	Z040000017_	Новый	О присоединении Республики Казахстан к Конвенции о физической защите ядерного материала
ЗАК	Z040000018_	Новый	О ратификации Соглашения между Правительством Республики Казахстан и Правительством Республики Польша о сотрудничестве и взаимопомощи в таможенных делах
ЗАК	Z040000019_	Новый	О денонсации Соглашения между Правительством Республики Казахстан и Правительством Российской Федерации о межгосударственных воинских перевозках пограничных войск и грузов для их обеспечения в интересах охраны внешних границ государств-участников Содружества Независимых Государств
ЗАК	Z040000014_	Новый	О внесении изменений и дополнений в Закон Республики Казахстан "О 
государственной статистике"
ЗАК	Z040000015_	Новый	О внесении изменений и дополнения в Закон Республики Казахстан "О местном государственном управлении в Республике Казахстан"
ЗАК	Z040000012_	Новый	О признании утратившими силу некоторых законодательных актов Республики Казахстан
ЗАК	Z040000013_	Новый	О внесении изменений и дополнений в некоторые законодательные акты Республики Казахстан по вопросам разграничения полномочий между
уровнями государственного управления и бюджетных отношений
ЗАК	Z040000011_	Новый	О внесении изменений и дополнений в некоторые законодательные акты Республики Казахстан по вопросам налогообложения
ЗАК	Z040000008_	Новый	О внесении изменений и дополнений в Закон Республики Казахстан "Об охране окружающей среды" по вопросам отходов производства и потребления
ЗАК	Z040000009_	Новый	О внесении изменений и дополнений в некоторые законодательные акты Республики Казахстан по вопросам деятельности субъектов естественных монополий
ЗАК	Z040000010_	Новый	О внесении изменений и дополнений в Уголовный, Уголовно-процессуальный, Уголовно-исполнительный кодексы Республики Казахстан и Кодекс Республики Казахстан об административных правонарушениях по вопросам упрощения процедур расследования уголовных дел, декриминализации некоторых составов преступлений и совершенствования законодательства об административных правонарушениях
ЗАК	Z040000007_	Новый	О ратификации Соглашения о займе (Обычные операции) (Отраслевой проект водоснабжения и канализации сельских территорий) между Республикой Казахстан и Азиатским Банком Развития
ЗАК	Z040000005_	Обновленный	О ратификации Договора между Правительством Республики Казахстан и Международным обществом по созданию SOS детских деревень "SOS KINDERDORF INTERNATIONAL"
ЗАК	Z040000006_	Новый	О ратификации Соглашения между Правительством Республики Казахстан и Правительством Арабской Республики Египет о воздушном сообщении
ЗАК	Z040000004_	Обновленный	О ратификации Соглашения между Правительством Республики Казахстан и Правительством Республики Беларусь о международном автомобильном сообщении
ЗАК	Z040000003_	Обновленный	О республиканском бюджете на 2005 год
ЗАК	Z040000001_	Новый	О ратификации Протокола о внесении изменений и дополнений в Соглашение об
основных принципах военно-технического сотрудничества между государствами-участниками Договора о коллективной безопасности от 15 мая 1992 года
ЗАК	Z040000002_	Новый	О внесении изменений и дополнений в некоторые законодательные акты Республики Казахстан по вопросам недропользования и проведения нефтяных операций в Республике Казахстан
ЗАК	Z040000603_	Утративший силу	О техническом регулировании
ЗАК	Z040000602_	Новый	Об объемах официальных трансфертов общего характера между республиканским и областными бюджетами, бюджетами города республиканского значения, столицы
на 2005-2007 годы
ЗАК	Z040000601_	Новый	О внесении изменений и дополнений в некоторые законодательные акты Республики Казахстан по вопросам государственной регистрации ипотеки судна или строящегося судна
ЗАК	Z040000598_	Новый	О ратификации Соглашения между Республикой Казахстан и Соединенными Штатами Америки о предоставлении лиц в распоряжение Международного Уголовного Суда
ЗАК	Z040000599_	Новый	О ратификации Протокола об утверждении Положения о порядке 
организации и проведения совместных антитеррористических мероприятий на 
территориях государств-участников Содружества Независимых Государств
ЗАК	Z040000600_	Новый	О внесении дополнений в Закон Республики Казахстан "О гражданстве Республики Казахстан"
ЗАК	Z040000593_	Обновленный	Об охране, воспроизводстве и использовании животного мира
ЗАК	Z040000588_	Обновленный	Об электроэнергетике
ЗАК	Z040000590_	Утративший силу	Об участии граждан в обеспечении общественного порядка
ЗАК	Z040000591_	Утративший силу	О профилактике правонарушений среди несовершеннолетних и предупреждении детской безнадзорности и беспризорности
ЗАК	Z040000589_	Обновленный	О ратификации уставных документов некоторых международных организаций
ЗАК	Z040000582_	Новый	О ратификации Соглашения между Правительством Республики Казахстан
и Правительством Турецкой Республики о сотрудничестве и административной
взаимопомощи в таможенных делах
ЗАК	Z040000583_	Новый	О внесении изменений и дополнений в некоторые законодательные акты 
Республики Казахстан по вопросам выборного законодательства
ЗАК	Z040000584_	Новый	О внесении изменений и дополнений в некоторые законодательные акты
Республики Казахстан по вопросам защиты растений
ЗАК	Z040000585_	Новый	О внесении дополнений в Указ Президента Республики Казахстан, имеющий силу закона, "О государственной регистрации прав на недвижимое имущество и сделок с ним"
ЗАК	Z040000586_	Новый	О внесении изменений и дополнений в некоторые законодательные акты Республики Казахстан по вопросам интеллектуальной собственности
ЗАК	Z040000587_	Новый	О внесении дополнений в некоторые законодательные акты Республики Казахстан
по вопросам жилищных отношений
ЗАК	Z040000592_	Новый	О внесении изменения и дополнений в некоторые законодательные акты Республики Казахстан по вопросам оперативно-розыскной деятельности
ЗАК	Z040000594_	Новый	О ратификации Соглашения о займе "Реструктуризация автодорожной отрасли
(Атырау - Актау)" между Республикой Казахстан и Европейским Банком Реконструкции и Развития
ЗАК	Z040000595_	Новый	О ратификации Соглашения между Правительством Республики Казахстан
и Правительством Королевства Нидерландов о сотрудничестве и административной взаимопомощи в таможенных делах
ЗАК	Z040000596_	Новый	О внесении изменений и дополнений в некоторые законодательные акты Республики Казахстан по вопросам железнодорожного транспорта
ЗАК	Z040000597_	Новый	О внесении изменений и дополнений в Закон Республики Казахстан "Об образовании"
ЗАК	Z040000576_	Обновленный	Об инвестиционных и венчурных фондах
ЗАК	Z040000580_	Обновленный	Об обязательном страховании гражданско-правовой ответственности владельцев объектов, деятельность которых связана с опасностью причинения вреда третьим лицам
ЗАК	Z040000581_	Утративший силу	О государственной молодежной политике в Республике Казахстан
ЗАК	Z040000577_	Новый	О внесении изменений и дополнений в некоторые законодательные акты Республики Казахстан по вопросам инвестиционных фондов
ЗАК	Z040000578_	Новый	О ратификации Соглашения о межгосударственном обмене отправлениями специальной связи и Протокола о внесении изменений и дополнений
в Соглашение о межгосударственном обмене отправлениями специальной связи
от 23 декабря 1993 года и утвержденное им Положение о межгосударственном обмене отправлениями специальной связи
ЗАК	Z040000579_	Новый	О ратификации Соглашения о взаимопомощи в случаях аварий и других чрезвычайных ситуаций на электроэнергетических объектах государств-участников Содружества Независимых Государств
ЗАК	Z040000574_	Обновленный	О внутреннем водном транспорте
ЗАК	Z040000573_	Обновленный	О кредитных бюро и формировании кредитных историй в Республике Казахстан
ЗАК	Z040000575_	Утративший силу	Об Инвестиционном фонде Казахстана
ЗАК	Z040000571_	Новый	О внесении изменений в Закон Республики Казахстан "О Банке Развития Казахстана"
ЗАК	Z040000572_	Новый	О внесении изменений и дополнений в некоторые законодательные акты Республики Казахстан по вопросам деятельности кредитных бюро и формирования кредитных историй
ЗАК	Z040000567_	Обновленный	О связи
ЗАК	Z040000568_	Новый	О внесении изменений и дополнений в некоторые законодательные акты Республики Казахстан по вопросам связи
ЗАК	Z040000569_	Новый	О внесении изменений и дополнений в Закон Республики Казахстан "О государственных закупках"
ЗАК	Z040000570_	Новый	О внесении изменений и дополнений в Закон Республики Казахстан "Об 
особом статусе города Алматы"
ЗАК	Z040000565_	Утративший силу	О репродуктивных правах граждан и гарантиях их осуществления
ЗАК	Z040000564_	Новый	О внесении изменений и дополнений в Закон Республики Казахстан
"О республиканском бюджете на 2004 год"
ЗАК	Z040000566_	Новый	О внесении изменений и дополнений в Закон Республики Казахстан "О нормативных правовых актах"
ЗАК	Z040000563_	Новый	О внесении изменений и дополнений в некоторые законодательные акты Республики Казахстан по вопросам предупреждения и ликвидации чрезвычайных ситуаций природного и техногенного характера и промышленной безопасности
ЗАК	Z040000560_	Новый	О ратификации Соглашения между Правительством Республики Казахстан и Правительством Китайской Народной Республики о предотвращении опасной военной деятельности
ЗАК	Z040000561_	Новый	О внесении изменений и дополнений в Указ Президента Республики Казахстан, имеющий силу закона, "О государственном предприятии"
ЗАК	Z040000562_	Новый	О внесении изменений и дополнений в некоторые законодательные акты Республики Казахстан по вопросам бухгалтерского учета и финансовой отчетности
ЗАК	Z040000557_	Новый	О ратификации Договора о сотрудничестве в охране внешних границ государств-членов Евразийского экономического сообщества
ЗАК	Z040000558_	Новый	О внесении изменений и дополнений в Закон Республики Казахстан "Об обеспечении единства измерений"
ЗАК	Z040000559_	Новый	О ратификации Письма-Соглашения между Республикой Казахстан и Международным Банком Реконструкции и Развития о выделении гранта на подготовку второго этапа проекта "Постприватизационная поддержка сельского хозяйства"
ЗАК	Z040000555_	Новый	О ратификации Соглашения о займе между Правительством Республики Казахстан и Исламским Банком Развития для Проекта сельского водоснабжения Карагандинской области в Казахстане
ЗАК	Z040000556_	Новый	О ратификации Соглашения о займе (Проект очистки реки Нуры) между Республикой Казахстан и Международным Банком Реконструкции и Развития
ЗАК	Z040000554_	Обновленный	О ратификации Соглашения между Правительством Республики Казахстан и Правительством Кыргызской Республики о международном автомобильном сообщении
ЗАК	Z040000553_	Новый	О внесении изменений и дополнений в некоторые законодательные акты Республики Казахстан по вопросам охраны окружающей среды и особо охраняемых природных территорий
ЗАК	Z040000552_	Новый	О внесении изменений и дополнений в некоторые законодательные акты Республики Казахстан по вопросам местного государственного управления
ЗАК	Z040000550_	Новый	О внесении изменения в Закон Республики Казахстан "О лицензировании"
ЗАК	Z040000551_	Новый	О внесении изменений и дополнения в Кодекс Республики Казахстан об административных правонарушениях по вопросам обращения лекарственных средств
ЗАК	Z040000549_	Новый	О ратификации Соглашения о формировании Единого экономического пространства
ЗАК	Z040000546_	Новый	О присоединении Республики Казахстан к Договору Всемирной организации интеллектуальной собственности по исполнениям и фонограммам
ЗАК	Z040000547_	Новый	О присоединении Республики Казахстан к Договору Всемирной организации интеллектуальной собственности по авторскому праву
ЗАК	Z040000544_	Обновленный	О регулировании торговой деятельности
ЗАК	Z040000543_	Утративший силу	О качестве и безопасности пищевых продуктов
ЗАК	Z040000542_	Новый	О внесении изменений и дополнений в некоторые законодательные акты Республики Казахстан по вопросам обязательного социального страхования
ЗАК	Z040000541_	Новый	О внесении изменений в Закон Республики Казахстан "О государственных секретах"
ЗАК	Z040000538_	Новый	О ратификации Соглашения между Правительством Республики Казахстан и 
Правительством Российской Федерации о порядке взаимного предоставления военных полигонов для проведения боевых стрельб соединениями и воинскими частями Сил воздушной обороны Вооруженных Сил Республики Казахстан и Военно-воздушных сил Российской Федерации
ЗАК	Z040000539_	Новый	О ратификации Соглашения между Республикой Казахстан и Международным Банком Реконструкции и Развития о выделении гранта на подготовку проекта "Сохранение лесов и увеличение лесистости территории республики"
ЗАК	Z040000540_	Новый	О ратификации Соглашения между Правительством Республики Казахстан
и Правительством Королевства Бельгия о воздушном сообщении
ЗАК	Z040000537_	Новый	О внесении изменений и дополнений в некоторые законодательные акты
Республики Казахстан по вопросам государственной регистрации юридических лиц
ЗАК	Z040000535_	Обновленный	О ратификации Протокола о порядке осуществления контроля за целевым использованием продукции военного назначения, поставляемой в рамках Соглашения об основных принципах военно-технического сотрудничества между 
государствами-участниками Договора о коллективной безопасности от 15 мая 1992 года
ЗАК	Z040000536_	Новый	О внесении изменения и дополнения в некоторые законодательные акты 
Республики Казахстан по вопросам полномочий государственных органов
ЗАК	Z040000531_	Обновленный	О ратификации Конвенции о правовой помощи и правовых отношениях по гражданским, семейным и уголовным делам
ЗАК	Z040000533_	Утративший силу	Об обязательном страховании в растениеводстве
ЗАК	Z040000529_	Новый	О внесении изменений и дополнений в Уголовный, Уголовно-процессуальный и Уголовно-исполнительный кодексы Республики Казахстан в связи с введением
моратория на исполнение смертной казни
ЗАК	Z040000530_	Новый	О ратификации Договора между Республикой Казахстан, Кыргызской Республикой, Республикой Таджикистан и Республикой Узбекистан об учреждении Организации
"Центрально-Азиатское Сотрудничество"
ЗАК	Z040000532_	Новый	О внесении изменений и дополнений в некоторые законодательные акты Республики Казахстан по вопросам финансового лизинга
ЗАК	Z040000534_	Новый	О внесении изменений и дополнений в некоторые законодательные акты 
Республики Казахстан по вопросам государственного регулирования производства и оборота этилового спирта и алкогольной продукции
ЗАК	Z040000528_	Утративший силу	О безопасности и охране труда
ЗАК	Z040000527_	Новый	О внесении дополнения в Гражданский кодекс Республики Казахстан (Особенная часть)
ЗАК	Z040000525_	Новый	О присоединении Республики Казахстан к Международной конвенции о Гармонизированной системе описания и кодирования товаров и Протоколу о внесении поправки в Международную конвенцию о Гармонизированной системе описания и кодирования товаров
ЗАК	Z040000526_	Новый	О ратификации Соглашения между государствами-участниками Соглашения о формировании Транспортного союза о международном автомобильном сообщении
ЗАК	Z040000524_	Новый	О внесении изменений и дополнений в Закон Республики Казахстан "О занятости населения"
ЗАК	Z040000522_	Утративший силу	О лекарственных средствах
ЗАК	Z040000523_	Новый	О внесении изменений и дополнений в некоторые законодательные акты Республики Казахстан по вопросам обращения лекарственных средств
ЗАК	Z040000521_	Новый	О признании утратившими силу некоторых законодательных актов Республики Казахстан
ЗАК	Z040000519_	Новый	О ратификации Договора в форме обмена нотами между Республикой Казахстан, Комиссией Европейских Сообществ, Программой развития Организации Объединенных Наций о внесении изменений в Соглашение об условиях работы регионального экологического центра Центральной Азии
ЗАК	Z040000520_	Новый	О ратификации Соглашения в форме обмена нотами между Правительством Республики Казахстан и Правительством Японии о привлечении гранта Правительства Японии для осуществления проекта "Водоснабжение сельских населенных пунктов в Республике Казахстан"
ЗАК	Z040000515_	Новый	О ратификации Соглашения между Правительством Республики Казахстан и Правительством Российской Федерации о международном автомобильном сообщении
ЗАК	Z040000516_	Новый	О внесении изменений и дополнений в Указ Президента Республики Казахстан, имеющий силу закона, "О Республиканской гвардии"
ЗАК	Z040000517_	Новый	О ратификации Письма-соглашения между Республикой Казахстан и Международным Банком Реконструкции и Развития о выделении гранта на подготовку проекта "Охрана подземных вод и очистка промышленных стоков в городе Усть-Каменогорске"
ЗАК	Z040000518_	Новый	О ратификации Грантового соглашения Доверительного фонда (Проект по управлению засушливыми землями) между Республикой Казахстан и Международным Банком Реконструкции и Развития, действующим в качестве Исполнительного агентства Глобального экологического фонда
ЗАК	Z030000513_	Обновленный	Об обязательном страховании туриста
ЗАК	Z030000514_	Новый	О внесении изменений и дополнений в некоторые законодательные акты Республики Казахстан по вопросам наказания в виде ареста, а также введения в действие пожизненного лишения свободы
ЗАК	Z030000511_	Новый	О внесении изменений и дополнений в Закон Республики Казахстан "О пожарной безопасности"
ЗАК	Z030000512_	Новый	О внесении изменений и дополнений в некоторые законодательные акты Республики Казахстан по вопросам регулирования земельных отношений
ЗАК	Z030000510_	Обновленный	О государственной правовой статистике и специальных учетах
ЗАК	Z030000508_	Обновленный	О рекламе
ЗАК	Z030000509_	Новый	О внесении изменения в Закон Республики Казахстан "О средствах массовой информации"
ЗАК	Z030000507_	Новый	О ратификации Соглашения об использовании и развитии сети транспортных коммуникаций для нужд экономики, воинских и гуманитарных перевозок государств-участников Содружества Независимых Государств
ЗАК	Z030000505_	Обновленный	О республиканском бюджете на 2004 год
ЗАК	Z030000506_	Новый	О внесении изменений и дополнений в Кодекс Республики Казахстан об административных правонарушениях
ЗАК	Z030000501_	Новый	О ратификации Соглашения между Республикой Казахстан, Азербайджанской Республикой и Российской Федерацией о точке стыка линий разграничения сопредельных участков дна Каспийского моря
ЗАК	Z030000502_	Новый	О ратификации Меморандума о взаимопонимании между Правительством Республики Казахстан и Правительством Королевства Саудовская Аравия
ЗАК	Z030000503_	Новый	О внесении изменения в Закон Республики Казахстан "О туристской деятельности в Республике Казахстан"
ЗАК	Z030000504_	Новый	О внесении дополнений в Закон Республики Казахстан "О специальных экономических зонах в Республике Казахстан"
ЗАК	Z030000500_	Обновленный	О внесении изменений и дополнений в некоторые законодательные акты 
Республики Казахстан по вопросам налогообложения
ЗАК	Z030000497_	Новый	О ратификации Соглашения между Правительством Республики Казахстан и Швейцарским Федеральным Советом о международных перевозках пассажиров и грузов
ЗАК	Z030000498_	Новый	О ратификации Соглашения между Правительством Республики Казахстан и Правительством Греческой Республики о международных автомобильных перевозках пассажиров и грузов
ЗАК	Z030000499_	Новый	О ратификации Соглашения между Правительством Республики Казахстан и Правительством Итальянской Республики о взаимном регулировании международных перевозок пассажиров и грузов автомобильным транспортом
ЗАК	Z030000496_	Новый	О ратификации Соглашения между Правительством Республики Казахстан и Правительством Соединенных Штатов Америки об учреждении защищенной линии
связи между Центром по контролю за сокращением вооружений и обеспечению инспекционной деятельности при Министерстве обороны Республики Казахстан
и Центром по уменьшению ядерной опасности Соединенных Штатов Америки
ЗАК	Z030000494_	Новый	О ратификации Соглашения в форме обмена нотами между Правительством Республики Казахстан и Правительством Японии о привлечении займа для осуществления проекта "Водоснабжение и канализация города Астаны"
ЗАК	Z030000495_	Новый	О ратификации Соглашения о займе по проекту "Водоснабжение и канализация города Астаны" между Правительством Республики Казахстан и Японским Банком Международного Сотрудничества
ЗАК	Z030000491_	Новый	О ратификации Соглашения о предоставлении Международным Банком Реконструкции и Развития гранта Республике Казахстан на подготовку проекта "Поддержка агросервисных служб" и Письма Международного Банка Реконструкции и Развития о внесении изменений и дополнений в Соглашение о предоставлении Международным Банком Реконструкции и Развития гранта Республике Казахстан на подготовку проекта "Поддержка агросервисных служб"
ЗАК	Z030000492_	Новый	О ратификации Соглашения между Правительством Республики Казахстан и Правительством Республики Узбекистан о пунктах пропуска через казахстанско-узбекскую государственную границу
ЗАК	Z030000493_	Новый	О ратификации Договора между Республикой Казахстан и Туркменистаном о передаче лиц, осужденных к лишению свободы, для дальнейшего отбывания наказания
ЗАК	Z030000490_	Обновленный	О государственном мониторинге собственности в отраслях экономики, имеющих стратегическое значение
ЗАК	Z030000489_	Утративший силу	О профилактике йододефицитных заболеваний
ЗАК	Z030000486_	Новый	О внесении изменения в Гражданский кодекс Республики Казахстан
(Общая часть)
ЗАК	Z030000487_	Новый	О внесении изменений и дополнений в некоторые законодательные акты Республики Казахстан по вопросам предпринимательства
ЗАК	Z030000488_	Новый	О внесении изменений и дополнений в Закон Республики Казахстан "О зерне"
ЗАК	Z030000485_	Новый	О внесении изменения в Закон Республики Казахстан "Об экспортном контроле"
ЗАК	Z030000484_	Новый	О внесении изменений и дополнений в некоторые законодательные акты Республики Казахстан по вопросам борьбы с коррупцией
ЗАК	Z030000483_	Новый	О внесении изменений и дополнений в некоторые законодательные акты Республики Казахстан по вопросам организации единой системы государственного регулирования и надзора финансового рынка и 
финансовых организаций
ЗАК	Z030000480_	Новый	О внесении дополнений в Уголовный кодекс Республики Казахстан
ЗАК	Z030000482_	Новый	О внесении изменений и дополнений в некоторые законодательные акты Республики Казахстан по вопросам вексельного обращения, платежей и переводов денег
ЗАК	Z030000478_	Новый	О внесении изменений и дополнений в Закон Республики Казахстан
"О статусе и социальной защите военнослужащих и членов их семей"
ЗАК	Z030000479_	Новый	О признании утратившим силу Закона Республики Казахстан "О земле"
ЗАК	Z030000476_	Обновленный	Об автомобильном транспорте
ЗАК	Z030000474_	Обновленный	О государственном регулировании, контроле и надзоре финансового рынка и финансовых организаций
ЗАК	Z030000468_	Обновленный	О ратификации Протокола о правилах лицензирования импорта государствами-участниками Соглашения о создании зоны свободной торговли
ЗАК	Z030000465_	Новый	О ратификации Хартии Шанхайской организации сотрудничества
ЗАК	Z030000466_	Новый	О внесении изменения в Закон Республики Казахстан "О лицензировании" по 
вопросу рынка ценных бумаг
ЗАК	Z030000467_	Новый	О присоединении Республики Казахстан к Соглашению о международном 
транспортном коридоре "Север-Юг"
ЗАК	Z030000469_	Новый	О ратификации Протокола между Правительством Республики Казахстан и Правительством Китайской Народной Республики о демаркации линии казахстанско-китайской государственной границы
ЗАК	Z030000470_	Новый	О внесении дополнения в Закон Республики Казахстан "О лицензировании" по вопросам физической культуры и спорта
ЗАК	Z030000471_	Новый	О внесении изменений и дополнений в Закон Республики Казахстан "О физической культуре и спорте"
ЗАК	Z030000472_	Новый	О ратификации Соглашения об адаптации Договора об обычных вооруженных силах
в Европе
ЗАК	Z030000473_	Новый	О внесении изменения и дополнений в Закон Республики Казахстан "О государственных наградах Республики Казахстан"
ЗАК	Z030000475_	Новый	О внесении изменений и дополнений в Кодекс Республики Казахстан "О налогах и других обязательных платежах в бюджет" (Налоговый кодекс)
ЗАК	Z030000462_	Новый	О ратификации Соглашения между Правительством Республики Казахстан и Правительством Чешской Республики о международных автомобильных перевозках
ЗАК	Z030000463_	Новый	О внесении изменений и дополнений в Закон Республики Казахстан "О карантине растений"
ЗАК	Z030000464_	Новый	О внесении изменений и дополнений в Кодекс Республики Казахстан об административных правонарушениях
ЗАК	Z030000461_	Обновленный	О рынке ценных бумаг
ЗАК	Z030000450_	Обновленный	О ратификации Соглашения о правовом статусе Организации Договора о коллективной безопасности
ЗАК	Z030000443_	Новый	О внесении изменений и дополнений в Закон Республики Казахстан "О 
государственном и гарантированном государством заимствовании и долге"
ЗАК	Z030000451_	Новый	О внесении изменений и дополнения в некоторые законодательные акты Республики Казахстан по вопросам судопроизводства
ЗАК	Z030000452_	Новый	О ратификации Договора между Республикой Казахстан и Республикой Узбекистан об отдельных участках казахстанско-узбекской государственной границы
ЗАК	Z030000453_	Новый	О ратификации Договора между Республикой Казахстан и Республикой Узбекистан о казахстанско-узбекской государственной границе
ЗАК	Z030000454_	Новый	О внесении дополнений в некоторые законодательные акты Республики Казахстан
по вопросам архитектурной, градостроительной и строительной деятельности
ЗАК	Z030000455_	Новый	О ратификации Договора между Республикой Казахстан и Туркменистаном
о делимитации и процессе демаркации казахстанско-туркменской
государственной границы
ЗАК	Z030000456_	Новый	О ратификации Соглашения между Правительством Республики Казахстан и Правительством Королевства Испания о международных автомобильных перевозках пассажиров и грузов
ЗАК	Z030000457_	Новый	О ратификации Соглашения между Республикой Казахстан и Азербайджанской
Республикой о разграничении дна Каспийского моря между Республикой Казахстан и Азербайджанской Республикой и Протокола к Соглашению между Республикой Казахстан и Азербайджанской Республикой о разграничении дна Каспийского моря между Республикой Казахстан и Азербайджанской Республикой
ЗАК	Z030000458_	Новый	О ратификации Соглашения между Республикой Казахстан, Кыргызской Республикой и Республикой Узбекистан о точке стыка государственных границ трех государств
ЗАК	Z030000459_	Новый	О ратификации Договора между Республикой Казахстан и Кыргызской Республикой
о казахстанско-кыргызской государственной границе
ЗАК	Z030000460_	Новый	О ратификации Соглашения между Правительством Республики Казахстан и Правительством Арабской Республики Египет о Египетском университете исламской культуры "Нур-Мубарак"
ЗАК	Z030000444_	Обновленный	Об обязательном страховании гражданско-правовой ответственности перевозчика перед пассажирами
ЗАК	Z030000446_	Обновленный	Об обязательном страховании гражданско-правовой ответственности владельцев транспортных средств
ЗАК	Z030000447_	Обновленный	О ратификации Устава Организации Договора о коллективной безопасности
ЗАК	Z030000445_	Новый	О внесении изменений и дополнений в Гражданский кодекс Республики Казахстан
(Особенная часть) по вопросам страхования
ЗАК	Z030000448_	Новый	О ратификации Протокола о порядке формирования и функционирования сил и средств системы коллективной безопасности государств-участников Договора о коллективной безопасности от 15 мая 1992 года
ЗАК	Z030000449_	Новый	О внесении дополнения в Закон Республики Казахстан "О лицензировании"
ЗАК	Z030000441_	Новый	О внесении изменений и дополнения в Закон Республики Казахстан "О бюджетной системе"
ЗАК	Z030000440_	Обновленный	Об обязательном страховании гражданско-правовой ответственности аудиторских организаций
ЗАК	Z030000439_	Обновленный	О государственном регулировании производства и оборота табачных изделий
ЗАК	Z030000438_	Новый	О внесении изменений и дополнений в Закон Республики Казахстан "О

республиканском бюджете на 2003 год"
ЗАК	Z030000435_	Обновленный	Об обязательном страховании гражданско-правовой ответственности частных нотариусов
ЗАК	Z030000434_	Новый	О внесении изменений и дополнений в Закон Республики Казахстан "О Банке Развития Казахстана"
ЗАК	Z030000436_	Новый	О внесении дополнений в Закон Республики Казахстан "О страховой деятельности"
ЗАК	Z030000437_	Новый	О внесении дополнений в некоторые законодательные акты Республики Казахстан по вопросам страхования
ЗАК	Z030000432_	Новый	О внесении изменений и дополнений в некоторые законодательные акты Республики Казахстан по вопросам стандартизации и сертификации
ЗАК	Z030000433_	Новый	О внесении изменений в некоторые законодательные акты Республики Казахстан по вопросам учета, государственной регистрации и государственного технического осмотра механических транспортных средств и прицепов к ним
ЗАК	Z030000430_	Утративший силу	О системе здравоохранения
ЗАК	Z030000429_	Новый	О внесении дополнений в Закон Республики Казахстан "О лицензировании" по вопросам лесопользования и водопользования
ЗАК	Z030000431_	Новый	О внесении изменения в Указ Президента Республики Казахстан, имеющий силу закона, "О государственном предприятии"
ЗАК	Z030000423_	Обновленный	О Фонде гарантирования страховых выплат
ЗАК	Z030000422_	Обновленный	О ратификации Соглашения между государствами-членами Шанхайской организации сотрудничества о Региональной антитеррористической структуре
ЗАК	Z030000424_	Новый	О внесении дополнения в Кодекс Республики Казахстан об административных правонарушениях
ЗАК	Z030000425_	Новый	О внесении изменений и дополнений в Закон Республики Казахстан "Об адвокатской деятельности"
ЗАК	Z030000426_	Новый	О внесении дополнений в Гражданский кодекс Республики Казахстан по вопросам ипотечного кредитования
ЗАК	Z030000427_	Новый	О внесении изменений и дополнений в некоторые законодательные акты Республики Казахстан по вопросам ипотечного кредитования
ЗАК	Z030000428_	Новый	О внесении изменений и дополнений в Кодекс Республики Казахстан об административных правонарушениях
ЗАК	Z030000420_	Новый	О ратификации Договора о добрососедстве, дружбе и сотрудничестве между Республикой Казахстан и Китайской Народной Республикой
ЗАК	Z030000421_	Новый	О ратификации Соглашения между Правительством Республики Казахстан и Правительством Китайской Народной Республики об избежании двойного налогообложения и предотвращения уклонения от налогообложения в отношении налогов на доход
ЗАК	Z030000417_	Новый	О внесении изменения и дополнения в Гражданский кодекс Республики Казахстан (Общая часть)
ЗАК	Z030000418_	Новый	О ратификации Соглашения между Правительством Республики Казахстан и Правительством Королевства Нидерландов о международном автомобильном сообщении
ЗАК	Z030000419_	Новый	О ратификации Меморандума о взаимопонимании между Правительством Республики Казахстан и Правительством Соединенных Штатов Америки о предоставлении земельного участка Правительству Соединенных Штатов Америки для строительства новых объектов дипломатического представительства Соединенных Штатов Америки
ЗАК	Z030000416_	Новый	О внесении изменений и дополнений в некоторые законодательные акты Республики Казахстан по вопросам рынка ценных бумаг и акционерных обществ
ЗАК	Z030000415_	Обновленный	Об акционерных обществах
ЗАК	Z030000412_	Утративший силу	Об информатизации
ЗАК	Z030000410_	Новый	О внесении дополнения в Закон Республики Казахстан "О лицензировании"
ЗАК	Z030000411_	Новый	О внесении изменений и дополнений в некоторые законодательные акты Республики Казахстан по вопросам банковской деятельности, валютного регулирования и валютного контроля
ЗАК	Z030000413_	Новый	О внесении изменения и дополнений в Закон Республики Казахстан "О Национальном архивном фонде и архивах"
ЗАК	Z030000414_	Новый	О внесении изменений и дополнений в некоторые законодательные акты 
Республики Казахстан по вопросам страхования
ЗАК	Z030000406_	Новый	О ратификации Соглашения о сотрудничестве между Республикой Казахстан и Европейским cообществом по атомной энергии в области ядерной безопасности
ЗАК	Z030000407_	Новый	О ратификации Протокола о таможенном контроле за реэкспортом товаров,
происходящих с территории государств-участников Договора о Таможенном союзе и Едином экономическом пространстве от 26 февраля 1999 года и вывозимых в третьи страны
ЗАК	Z030000408_	Новый	О внесении изменений и дополнений в Закон Республики Казахстан "О нотариате"
ЗАК	Z030000409_	Новый	О внесении изменений и дополнений в некоторые законодательные акты Республики Казахстан по вопросам исполнительного производства
ЗАК	Z030000405_	Утративший силу	Об обязательном социальном страховании
ЗАК	Z030000404_	Утративший силу	О сельском потребительском кооперативе водопользователей
ЗАК	Z030000402_	Утративший силу	О государственном регулировании производства и оборота отдельных видов нефтепродуктов
ЗАК	Z030000403_	Новый	О внесении дополнений в некоторые законодательные акты Республики Казахстан по вопросам государственного регулирования производства и оборота отдельных видов нефтепродуктов
ЗАК	Z030000400_	Обновленный	О кредитных товариществах
ЗАК	Z030000398_	Новый	О внесении изменения и дополнений в Кодекс Республики Казахстан об 
административных правонарушениях по вопросам деятельности микрокредитных организаций
ЗАК	Z030000399_	Новый	О внесении дополнения в Закон Республики Казахстан "О банках и банковской деятельности в Республике Казахстан" по вопросам деятельности микрокредитных организаций
ЗАК	Z030000396_	Новый	О ратификации Рамочного соглашения об институциональных основах создания межгосударственной системы транспортировки нефти и газа
ЗАК	Z030000397_	Новый	О ратификации Соглашения в форме обмена нотами между Правительством Республики Казахстан и Правительством Японии о привлечении гранта Правительства Японии для осуществления проекта "Предоставление медицинского оборудования многопрофильному больничному комплексу города Кызылорды"
ЗАК	Z030000394_	Новый	О внесении изменений и дополнений в некоторые законодательные акты Республики Казахстан по вопросам пенсионного обеспечения
ЗАК	Z030000395_	Новый	О внесении изменений и дополнений в некоторые законодательные акты Республики Казахстан по вопросам статистического учета
ЗАК	Z030000393_	Новый	О внесении изменений и дополнений в Закон Республики Казахстан "О 
государственной службе"
ЗАК	Z030000392_	Утративший силу	О микрокредитных организациях
ЗАК	Z030000391_	Обновленный	О военном положении
ЗАК	Z030000390_	Обновленный	О присоединении Республики Казахстан к Конвенции о борьбе с незаконными актами, направленными против безопасности морского судоходства, и Протоколу о борьбе с незаконными актами, направленными против безопасности стационарных платформ, расположенных на континентальном шельфе
ЗАК	Z030000388_	Новый	О внесении изменений и дополнений в Закон Республики Казахстан "Об оценочной деятельности в Республике Казахстан"
ЗАК	Z030000389_	Новый	О присоединении Республики Казахстан к Базельской конвенции о контроле за трансграничной перевозкой опасных отходов и их удалением
ЗАК	Z030000385_	Обновленный	О семеноводстве
ЗАК	Z030000387_	Обновленный	О чрезвычайном положении
ЗАК	Z030000386_	Утративший силу	О почте
ЗАК	Z030000383_	Новый	О присоединении Республики Казахстан к Конвенции об унификации некоторых правил относительно ответственности, вытекающей из столкновения судов внутреннего плавания
ЗАК	Z030000384_	Новый	О ратификации Рамочного соглашения Организации экономического сотрудничества по транзитным перевозкам и Протокола о подписании
текстов Приложений к Рамочному соглашению Организации экономического сотрудничества по транзитным перевозкам
ЗАК	Z030000381_	Новый	О внесении изменений в Закон Республики Казахстан "О приостановлении действия некоторых статей Закона Республики Казахстан "О социальной защите граждан, пострадавших вследствие экологического бедствия в Приаралье"
ЗАК	Z030000382_	Новый	О внесении изменений в Закон Республики Казахстан "О Государственных социальных пособиях по инвалидности, по случаю потери кормильца и по возрасту в Республике Казахстан"
ЗАК	Z030000373_	Утративший силу	Об инвестициях
ЗАК	Z030000374_	Новый	О признании утратившими силу некоторых законодательных актов Республики Казахстан в сфере финансирования инвестиций
ЗАК	Z030000375_	Новый	О внесении изменений и дополнений в некоторые законодательные акты Республики Казахстан по вопросам инвестиций
ЗАК	Z030000376_	Новый	О внесении изменения в Гражданский кодекс Республики Казахстан (Особенная часть)
ЗАК	Z030000377_	Новый	О ратификации Соглашения в форме обмена нотами между Правительством Республики Казахстан и Правительством Японии о привлечении гранта Правительства Японии для осуществления проекта "Поддержка развития службы скорой и неотложной помощи населению города Астаны"
ЗАК	Z030000378_	Новый	О внесении изменения в Закон Республики Казахстан "О пенсионном обеспечении в Республике Казахстан"
ЗАК	Z030000379_	Новый	О внесении изменения и дополнения в Закон Республики Казахстан "О связи"
ЗАК	Z030000380_	Новый	О ратификации Статей Учредительного Договора Исламской Корпорации по Страхованию Инвестиций и Экспортного Кредитования
ЗАК	Z030000370_	Утративший силу	Об электронном документе и электронной цифровой подписи
ЗАК	Z030000371_	Новый	О внесении дополнения в Закон Республики Казахстан "О лицензировании"
ЗАК	Z030000372_	Новый	О внесении изменений и дополнений в некоторые законодательные акты Республики Казахстан по вопросам электронного документа, электронной цифровой подписи и информатизации
ЗАК	Z020000369_	Новый	О внесении изменений и дополнений в Закон Республики Казахстан "О пенсионном обеспечении в Республике Казахстан"
ЗАК	Z020000368_	Новый	О ратификации Меморандума о финансировании между Правительством Республики Казахстан и Комиссией Европейского Сообщества
ЗАК	Z020000364_	Новый	О внесении изменений и дополнений в некоторые законодательные акты Республики Казахстан по вопросам естественных монополий
ЗАК	Z020000365_	Новый	О ратификации Соглашения между Правительством Республики Казахстан и Правительством Федеративной Республики Германия о финансовом сотрудничестве (2000 г.)
ЗАК	Z020000366_	Новый	О ратификации Соглашения между Правительством Республики Казахстан и Правительством Федеративной Республики Германия о финансовом сотрудничестве (1998-1999 гг.)
ЗАК	Z020000367_	Новый	О ратификации Конвенции о запрещении и немедленных мерах по искоренению наихудших форм детского труда (Конвенция 182)
ЗАК	Z020000363_	Новый	О внесении изменений и дополнений в Уголовный, Уголовно-процессуальный и Уголовно-исполнительный кодексы Республики Казахстан
ЗАК	Z020000362_	Обновленный	О республиканском бюджете на 2003 год
ЗАК	Z020000361_	Утративший силу	О санитарно-эпидемиологическом благополучии населения
ЗАК	Z020000359_	Новый	О ратификации Соглашения между Правительством Республики Казахстан и Правительством Республики Таджикистан о реструктуризации государственного кредита, предоставленного Правительству Республики Таджикистан Правительством Республики Казахстан
ЗАК	Z020000360_	Новый	О ратификации Протокола к Соглашению о размере государственной пошлины и порядке ее взыскания при рассмотрении хозяйственных споров между субъектами хозяйствования разных государств
ЗАК	Z020000358_	Новый	О внесении изменений и дополнений в некоторые законодательные акты Республики Казахстан по вопросам налогообложения
ЗАК	Z020000356_	Обновленный	О ратификации Соглашения между Республикой Казахстан и Российской Федерацией о разграничении дна северной части Каспийского моря в целях осуществления суверенных прав на недропользование и Протокола к Соглашению между Республикой Казахстан и Российской Федерацией о разграничении дна северной части Каспийского моря в целях осуществления суверенных прав на недропользование
ЗАК	Z020000354_	Обновленный	О ратификации Конвенции о привилегиях и иммунитетах Евразийского экономического сообщества
ЗАК	Z020000352_	Новый	О внесении изменений в Закон Республики Казахстан "О лицензировании"
ЗАК	Z020000353_	Новый	О ратификации Конвенции между Республикой Казахстан и Латвийской Республикой об избежании двойного налогообложения и предотвращении уклонения от налогообложения в отношении налогов на доход и на капитал и Протокола к ней
ЗАК	Z020000355_	Новый	О ратификации Соглашения между Правительством Республики Казахстан и Правительством Турецкой Республики о деятельности Координационного офиса программ Правительства Турецкой Республики
ЗАК	Z020000357_	Новый	О ратификации Соглашения между Правительством Республики Казахстан и Правительством Эстонской Республики о международном автомобильном сообщении
ЗАК	Z020000351_	Новый	О внесении изменений и дополнения в Закон Республики Казахстан "О бюджетной системе"
ЗАК	Z020000349_	Новый	О внесении изменений в Закон Республики Казахстан "О введении в действие Уголовного кодекса Республики Казахстан"
ЗАК	Z020000350_	Новый	О внесении изменений в Закон Республики Казахстан "Об административном надзоре за лицами, освобожденными из мест лишения свободы"
ЗАК	Z020000348_	Новый	О внесении изменений и дополнений в некоторые законодательные акты Республики Казахстан по вопросам государственной регистрации
ЗАК	Z020000347_	Новый	О присоединении Республики Казахстан к Международной конвенции о борьбе с финансированием терроризма
ЗАК	Z020000346_	Новый	О внесении изменений и дополнений в некоторые законодательные акты Республики Казахстан по вопросам прокурорского надзора
ЗАК	Z020000345_	Обновленный	О правах ребенка в Республике Казахстан
ЗАК	Z020000344_	Обновленный	О политических партиях
ЗАК	Z020000343_	Обновленный	О социальной и медико-педагогической коррекционной поддержке детей с ограниченными возможностями
ЗАК	Z020000339_	Обновленный	О ветеринарии
ЗАК	Z020000340_	Утративший силу	О профилактике и ограничении табакокурения
ЗАК	Z020000338_	Новый	О внесении изменений и дополнений в некоторые законодательные акты Республики Казахстан по вопросам Государственной границы Республики Казахстан
ЗАК	Z020000341_	Новый	О внесении изменений и дополнений в Закон Республики Казахстан "О государственной поддержке малого предпринимательства"
ЗАК	Z020000342_	Новый	О внесении дополнения в Закон Республики Казахстан "О лицензировании"
ЗАК	Z020000336_	Утративший силу	Об органах финансовой полиции Республики Казахстан
ЗАК	Z020000334_	Новый	О присоединении Республики Казахстан к Международной конвенции о борьбе с бомбовым терроризмом
ЗАК	Z020000335_	Новый	О внесении изменений и дополнений в Указ Президента Республики Казахстан, имеющий силу Закона, "О Службе охраны Президента Республики Казахстан"
ЗАК	Z020000337_	Новый	О ратификации Соглашения между Правительством Республики Казахстан и Правительством Турецкой Республики о взаимном предоставлении земельных участков для строительства зданий дипломатических представительств
ЗАК	Z020000331_	Обновленный	О защите растений
ЗАК	Z020000332_	Утративший силу	О геодезии и картографии
ЗАК	Z020000333_	Утративший силу	Об инновационной деятельности
ЗАК	Z020000330_	Обновленный	О комплексной предпринимательской лицензии (франчайзинге)
ЗАК	Z020000329_	Обновленный	О внесении изменений и дополнений в Указ Президента Республики Казахстан, имеющий силу Закона, "О бухгалтерском учете"
ЗАК	Z020000328_	Обновленный	О ратификации Соглашения в форме обмена нотами между Министерством иностранных дел Республики Казахстан и Посольством Соединенных Штатов Америки в Республике Казахстан по вопросу продления Соглашения между Республикой Казахстан и Соединенными Штатами Америки относительно уничтожения шахтных пусковых установок межконтинентальных баллистических ракет, ликвидации последствий аварийных ситуаций и предотвращения распространения оружия массового уничтожения от 13 декабря 1993 года
ЗАК	Z020000326_	Новый	О внесении дополнения в Закон Республики Казахстан "О государственном специальном пособии лицам, работавшим на подземных и открытых горных работах, на работах с особо вредными и особо тяжелыми условиями труда"
ЗАК	Z020000327_	Новый	О внесении изменений и дополнений в некоторые законодательные акты Республики Казахстан по вопросам контроля над оборотом наркотических средств, психотропных веществ и прекурсоров
ЗАК	Z020000325_	Утративший силу	О медико-социальной реабилитации лиц, больных наркоманией
ЗАК	Z020000323_	Новый	О внесении изменений и дополнений в некоторые законодательные акты Республики Казахстан по вопросам государственного имущества
ЗАК	Z020000324_	Новый	О внесении изменения в Закон Республики Казахстан "О местном государственном управлении в Республике Казахстан"
ЗАК	Z020000322_	Новый	О внесении изменений и дополнений в Закон Республики Казахстан "О гражданстве Республики Казахстан"
ЗАК	Z020000321_	Утративший силу	О государственных закупках
ЗАК	Z020000317_	Новый	О ратификации Соглашения об учреждении Исламской Корпорации по Развитию Частного Сектора
ЗАК	Z020000318_	Новый	О ратификации Соглашения между Правительством Республики Казахстан и Правительством Кыргызской Республики о пограничном переезде по маршруту Алматы - Бишкек и Протокола о внесении дополнения в Соглашение между Правительством Республики Казахстан и Правительством Кыргызской Республики о пограничном переезде по маршруту Алматы - Бишкек
ЗАК	Z020000319_	Новый	О присоединении Республики Казахстан к Таможенной конвенции, касающейся контейнеров, 1972 года
ЗАК	Z020000320_	Новый	О присоединении Республики Казахстан к Международной конвенции о согласовании условий проведения контроля грузов на границах
ЗАК	Z020000316_	Обновленный	О ратификации Шанхайской конвенции о борьбе с терроризмом, сепаратизмом и экстремизмом
ЗАК	Z020000315_	Новый	О ратификации Соглашения между Правительством Республики Казахстан и Правительством Кыргызской Республики о передаче ответственности за организацию и управление воздушным движением
ЗАК	Z020000314_	Утративший силу	О промышленной безопасности на опасных производственных объектах
ЗАК	Z020000313_	Новый	О внесении изменений и дополнений в Закон Республики Казахстан "О миграции населения"
ЗАК	Z020000308_	Новый	О внесении изменений и дополнения в некоторые законодательные акты Республики Казахстан по вопросам социального обеспечения инвалидов
ЗАК	Z020000309_	Новый	О внесении изменений и дополнений в Указ Президента Республики Казахстан, имеющий силу Закона, от 21 декабря 1995 г. № 2710 "Об органах национальной безопасности Республики Казахстан"
ЗАК	Z020000310_	Новый	О внесении изменения и дополнения в некоторые законодательные акты Республики Казахстан по вопросам государственной пошлины
ЗАК	Z020000311_	Новый	О внесении изменений в Закон Республики Казахстан "О таможенном деле в Республике Казахстан"
ЗАК	Z020000312_	Новый	О внесении изменений и дополнений в некоторые законодательные акты Республики Казахстан по вопросам специальной экономической зоны "Астана — новый город"
ЗАК	Z020000307_	Новый	О ратификации Соглашения о займе (Проект "Регулирование русла реки Сырдарьи и сохранение северной части Аральского моря (фаза 1)") между Республикой Казахстан и Международным Банком Реконструкции и Развития
ЗАК	Z020000304_	Обновленный	Об органах юстиции
ЗАК	Z020000305_	Новый	О ратификации Пятого дополнительного протокола к Уставу Всемирного почтового союза
ЗАК	Z020000306_	Новый	О ратификации Шестого дополнительного протокола к Уставу Всемирного почтового союза
ЗАК	Z020000303_	Обновленный	О пчеловодстве
ЗАК	Z020000302_	Утративший силу	Об охране атмосферного воздуха
ЗАК	Z020000299_	Обновленный	О дипломатической службе Республики Казахстан
ЗАК	Z020000300_	Новый	О ратификации Поправочных документов к Уставу и Конвенции Международного союза электросвязи
ЗАК	Z020000301_	Новый	О ратификации Соглашения между Правительством Республики Казахстан и Правительством Кыргызской Республики об использовании водохозяйственных сооружений межгосударственного пользования на реках Чу и Талас
ЗАК	Z020000298_	Новый	О внесении изменений и дополнений в Закон Республики Казахстан "О нормативных правовых актах"
ЗАК	Z020000296_	Новый	О внесении изменений и дополнений в некоторые законодательные акты Республики Казахстан по вопросам незаконной миграции
ЗАК	Z020000297_	Новый	О внесении изменений в некоторые законодательные акты Республики Казахстан по вопросам государственного контроля за оборотом отдельных видов оружия и охранной деятельности
ЗАК	Z020000294_	Новый	Об амнистии в связи с десятилетием независимости Республики Казахстан
ЗАК	Z020000295_	Новый	О внесении изменений и дополнений в некоторые законодательные акты Республики Казахстан по вопросам борьбы с терроризмом
ЗАК	Z020000293_	Новый	О внесении изменений и дополнений в Закон Республики Казахстан "О карантине растений"
ЗАК	Z020000292_	Новый	О присоединении Республики Казахстан к Договору о законах по товарным знакам
ЗАК	Z020000288_	Новый	О ратификации Соглашения о займе по Проекту развития автодорожной отрасли между Республикой Казахстан и Европейским Банком Реконструкции и Развития
ЗАК	Z020000289_	Новый	О ратификации Соглашения о займе (Обычные операции) (Проект реконструкции дороги регионального значения Алматы-Бишкек) (Казахстанский компонент) между Республикой Казахстан и Азиатским Банком Развития
ЗАК	Z020000290_	Новый	О присоединении Республики Казахстан к Европейскому соглашению о важнейших линиях международных комбинированных перевозок и соответствующих объектах (СЛКП)
ЗАК	Z020000291_	Новый	О присоединении Республики Казахстан к Локарнскому соглашению об учреждении Международной классификации промышленных образцов
ЗАК	Z020000286_	Утративший силу	О контроле за исполнением республиканского и местных бюджетов
ЗАК	Z020000287_	Новый	О внесении изменений и дополнений в некоторые законодательные акты Республики Казахстан по вопросам реформирования Вооруженных Сил
ЗАК	Z020000284_	Обновленный	О торговом мореплавании
ЗАК	Z020000285_	Новый	О внесении дополнений в некоторые законодательные акты Республики Казахстан по вопросам торгового мореплавания
ЗАК	Z020000282_	Обновленный	О ратификации Соглашения между Правительством Республики Казахстан и Правительством Республики Узбекистан об условиях взаимных поездок граждан
ЗАК	Z020000279_	Новый	О внесении изменения и дополнения в Закон Республики Казахстан "О введении в действие Кодекса Республики Казахстан "О налогах и других обязательных платежах в бюджет" (Налоговый кодекс)
ЗАК	Z020000280_	Новый	О внесении изменений и дополнений в Закон Республики Казахстан "О государственной статистике"
ЗАК	Z020000281_	Новый	О ратификации Конвенции между Республикой Казахстан и Республикой Молдова об избежании двойного налогообложения и предотвращении уклонения от уплаты налогов на доход и на имущество
ЗАК	Z020000283_	Новый	О ратификации Соглашения между Правительством Республики Казахстан и Правительством Туркменистана о взаимных поездках граждан
ЗАК	Z020000278_	Новый	О внесении дополнения в Закон Республики Казахстан "О пенсионном обеспечении в Республике Казахстан"
ЗАК	Z010000277_	Новый	О внесении изменения в Закон Республики Казахстан "О налогах и других обязательных платежах в бюджет"
ЗАК	Z010000274_	Новый	О внесении изменений и дополнений в Закон Республики Казахстан "О внутренних войсках Министерства внутренних дел Республики Казахстан"
ЗАК	Z010000275_	Новый	О внесении дополнения в Закон Республики Казахстан "О внесении изменений и дополнений в некоторые законодательные акты Республики Казахстан по вопросам предоставления льгот отдельным категориям граждан"
ЗАК	Z010000276_	Новый	О внесении изменений и дополнений в некоторые законодательные акты Республики Казахстан в связи с принятием Кодекса Республики Казахстан "О налогах и других обязательных платежах в бюджет" (Налоговый кодекс)
ЗАК	Z010000271_	Утративший силу	О государственном регулировании гражданской авиации
ЗАК	Z010000272_	Новый	О внесении изменений и дополнений в некоторые законодательные акты Республики Казахстан по вопросам гражданской авиации
ЗАК	Z010000273_	Новый	О республиканском бюджете на 2002 год
ЗАК	Z010000268_	Новый	Об эмблеме и отличительном знаке медицинской службы Вооруженных Сил Республики Казахстан
ЗАК	Z010000269_	Новый	О внесении изменений и дополнений в Закон Республики Казахстан "О племенном животноводстве"
ЗАК	Z010000270_	Новый	О ратификации Договора о всеобъемлющем запрещении ядерных испытаний
ЗАК	Z010000267_	Обновленный	О праздниках в Республике Казахстан
ЗАК	Z010000266_	Обновленный	О железнодорожном транспорте
ЗАК	Z010000264_	Обновленный	О членстве Республики Казахстан в Международном Валютном Фонде, Международном Банке Реконструкции и Развития, Международной Финансовой Корпорации, Международной Ассоциации Развития, Многостороннем Агентстве Гарантии Инвестиций, Международном Центре по Урегулированию Инвестиционных Споров, Европейском Банке Реконструкции и Развития, Азиатском Банке Развития, Исламском Банке Развития, Азиатском Банке Инфраструктурных Инвестиций и Тюркском инвестиционном фонде
ЗАК	Z010000260_	Новый	О внесении изменений и дополнений в некоторые законодательные акты Республики Казахстан по вопросам железнодорожного транспорта
ЗАК	Z010000261_	Новый	О внесении изменений и дополнений в Закон Республики Казахстан "О бюджетной системе"
ЗАК	Z010000262_	Новый	О ратификации Соглашения между Правительством Республики Беларусь, Правительством Республики Казахстан, Правительством Кыргызской Республики, Правительством Российской Федерации и Правительством Республики Таджикистан о взаимных безвизовых поездках граждан
ЗАК	Z010000263_	Новый	О признании утратившими силу некоторых законодательных актов Республики Казахстан по вопросам потребительской кооперации
ЗАК	Z010000265_	Новый	О признании утратившими силу некоторых законодательных актов Республики Казахстан
ЗАК	Z010000257_	Новый	О присоединении Республики Казахстан к Страсбургскому соглашению о Международной патентной классификации
ЗАК	Z010000258_	Новый	О присоединении Республики Казахстан к Ниццкому соглашению о Международной классификации товаров и услуг для регистрации знаков
ЗАК	Z010000259_	Новый	О присоединении Республики Казахстан к Будапештскому договору о международном признании депонирования микроорганизмов для целей патентной процедуры
ЗАК	Z010000254_	Новый	О внесении изменений и дополнений в Закон Республики Казахстан "О республиканском бюджете на 2001 год"
ЗАК	Z010000255_	Новый	О внесении дополнений в некоторые законодательные акты Республики Казахстан по вопросам миграции
ЗАК	Z010000256_	Новый	О внесении изменений и дополнений в Закон Республики Казахстан "О Национальном архивном фонде и архивах"
ЗАК	Z010000251_	Новый	О внесении изменений и дополнений в некоторые законодательные акты Республики Казахстан по вопросам проведения судебной экспертизы
ЗАК	Z010000252_	Новый	О внесении изменений и дополнений в Закон Республики Казахстан "О государственном и гарантированном государством заимствовании и долге"
ЗАК	Z010000253_	Новый	О признании утратившим силу постановления Верховного Совета Республики Казахстан "О ратификации Договора о проведении согласованной антимонопольной политики"
ЗАК	Z010000250_	Новый	О ратификации Соглашения между Правительством Республики Казахстан и Правительством Республики Молдова о международных автомобильных перевозках
ЗАК	Z010000248_	Новый	О внесении изменения и дополнения в Закон Республики Казахстан "О нормативных правовых актах"
ЗАК	Z010000249_	Новый	О ратификации Соглашения между Правительством Республики Казахстан и Правительством Республики Таджикистан о поощрении и взаимной защите инвестиций
ЗАК	Z010000247_	Новый	О внесении изменений и дополнений в некоторые законодательные акты Республики Казахстан по вопросам оплаты труда и социальной защиты военнослужащих, сотрудников правоохранительных и других государственных органов
ЗАК	Z010000245_	Обновленный	Об автомобильных дорогах
ЗАК	Z010000246_	Утративший силу	О государственной адресной социальной помощи
ЗАК	Z010000242_	Обновленный	Об архитектурной, градостроительной и строительной деятельности в Республике Казахстан
ЗАК	Z010000243_	Новый	О признании утратившими  силу некоторых законодательных актов Республики Казахстан в области архитектуры и градостроительства
ЗАК	Z010000244_	Новый	О внесении изменений и дополнений в некоторые законодательные акты Республики Казахстан по вопросам реформирования уголовно-исполнительной системы и статуса ее работников
ЗАК	Z010000240_	Новый	О внесении изменений и дополнений в некоторые законодательные акты Республики Казахстан по вопросам деятельности органов финансовой полиции
ЗАК	Z010000241_	Новый	О внесении изменений и дополнений в Указ Президента Республики Казахстан, имеющий силу Закона, "О производственном кооперативе"
ЗАК	Z010000234_	Утративший силу	О Квалификационной коллегии юстиции Республики Казахстан
ЗАК	Z010000230_	Новый	О внесении изменений и дополнений в Закон Республики Казахстан "О сертификации"
ЗАК	Z010000231_	Новый	О внесении изменений в Закон Республики Казахстан "О зерне"
ЗАК	Z010000232_	Новый	О ратификации Протокола о финансировании между Правительством Французской Республики и Правительством Республики Казахстан (проект реабилитации и модернизации инфраструктуры водообеспечения и канализации города Алматы)
ЗАК	Z010000233_	Новый	О ратификации Меморандума о договоренности в связи с Договором между Союзом Советских Социалистических Республик и Соединенными Штатами Америки об ограничении систем противоракетной обороны от 26 мая 1972 года
ЗАК	Z010000235_	Новый	О внесении изменений и дополнений в некоторые законодательные акты Республики Казахстан по вопросам Квалификационной коллегии юстиции
ЗАК	Z010000236_	Новый	О ратификации Соглашения в форме обмена нотами между Правительством Республики Казахстан и Правительством Японии по вопросу предоставления Правительством Японии гранта Правительству Республики Казахстан для осуществления проекта "Улучшение медицинского обслуживания в Семипалатинском регионе"
ЗАК	Z010000237_	Новый	О внесении изменений и дополнения в некоторые законодательные акты Республики Казахстан по вопросам рынка ценных бумаг
ЗАК	Z010000238_	Новый	О внесении изменений и дополнений в некоторые законодательные акты Республики Казахстан по вопросам судопроизводства
ЗАК	Z010000239_	Новый	О внесении изменений и дополнений в некоторые законодательные акты Республики Казахстан по вопросам банкротства
ЗАК	Z010000227_	Новый	О внесении изменений и дополнений в некоторые законодательные акты Республики Казахстан
ЗАК	Z010000228_	Новый	О внесении дополнений в Закон Республики Казахстан "О статусе столицы Республики Казахстан"
ЗАК	Z010000229_	Новый	О ратификации Соглашения о займе между Правительством Республики Казахстан и Фондом Развития Абу-Даби для финансирования строительства дороги Караганда-Астана, совершенного 28 апреля 2001 года
ЗАК	Z010000225_	Утративший силу	О науке
ЗАК	Z010000226_	Новый	О признании утратившими силу некоторых законодательных актов Республики Казахстан по вопросам науки
ЗАК	Z010000222_	Обновленный	О Государственной премии мира и прогресса Первого Президента Республики Казахстан – Елбасы
ЗАК	Z010000223_	Обновленный	О внесении изменений и дополнений в некоторые законодательные акты Республики Казахстан по вопросам специальной экономической зоны "Астана — новый город"
ЗАК	Z010000224_	Новый	О ратификации Соглашения о статусе формирований сил и средств системы коллективной безопасности
ЗАК	Z010000219_	Новый	О ратификации Факультативного протокола к Конвенции о правах ребенка, касающегося торговли детьми, детской проституции и детской порнографии
ЗАК	Z010000220_	Новый	О ратификации Факультативного протокола к Конвенции о ликвидации всех форм дискриминации в отношении женщин
ЗАК	Z010000221_	Новый	О ратификации Факультативного протокола к Конвенции о правах ребенка, касающегося участия детей в вооруженных конфликтах
ЗАК	Z010000217_	Обновленный	О правовой охране топологий интегральных микросхем
ЗАК	Z010000218_	Новый	О внесении изменения в Закон Республики Казахстан "Об амнистии граждан Республики Казахстан в связи с легализацией ими денег"
ЗАК	Z010000216_	Новый	О ратификации Договора между Республикой Таджикистан, Кыргызской Республикой, Республикой Казахстан и Имаматом исмаилитов по созданию Университета Центральной Азии
ЗАК	Z010000215_	Новый	О присоединении Республики Казахстан к Протоколу о поправках к Конвенции для унификации некоторых правил, касающихся международных воздушных перевозок, подписанной в Варшаве 12 октября 1929 года
ЗАК	Z010000214_	Обновленный	О ратификации Соглашения о правовом обеспечении формирования Таможенного союза и Единого экономического пространства
ЗАК	Z010000213_	Новый	О внесении изменения и дополнения в Закон Республики Казахстан "О налогах и других обязательных платежах в бюджет"
ЗАК	Z010000211_	Обновленный	О туристской деятельности в Республике Казахстан
ЗАК	Z010000212_	Новый	О внесении изменений в некоторые законодательные акты Республики Казахстан и признании утратившими силу некоторых законодательных актов Республики Казахстан по вопросам туристской деятельности
ЗАК	Z010000210_	Обновленный	О введении в действие Кодекса Республики Казахстан "О налогах и других обязательных платежах в бюджет" (Налоговый кодекс)
ЗАК	Z010000207_	Новый	О внесении изменений и дополнений в некоторые законодательные акты Республики Казахстан по вопросам образования
ЗАК	Z010000208_	Новый	О внесении изменений и дополнений в некоторые законодательные акты Республики Казахстан по вопросам разграничения полномочий Министра внутренних дел Республики Казахстан и Командующего внутренними войсками МВД Республики Казахстан
ЗАК	Z010000206_	Новый	О внесении дополнения в Закон Республики Казахстан "О борьбе с коррупцией"
ЗАК	Z010000204_	Новый	О внесении изменения и дополнения в Закон Республики Казахстан "О государственной службе"
ЗАК	Z010000205_	Новый	О внесении изменений и дополнений в Закон Республики Казахстан "Об охране окружающей среды"
ЗАК	Z010000203_	Утративший силу	О Высшем Судебном Совете Республики Казахстан
ЗАК	Z010000202_	Новый	О ратификации Соглашения между Правительством Республики Казахстан и Правительством Республики Болгария о взаимном поощрении и защите инвестиций
ЗАК	Z010000201_	Новый	О ратификации Соглашения о сотрудничестве по пресечению правонарушений в области интеллектуальной собственности
ЗАК	Z010000199_	Обновленный	О ратификации Соглашения между Правительством Республики Казахстан и Правительством Российской Федерации о принципах взимания косвенных налогов во взаимной торговле
ЗАК	Z010000200_	Новый	О ратификации Протокола о порядке взаимодействия таможенных служб государств-участников Содружества Независимых Государств при перевозках специальных грузов и продукции военного назначения
ЗАК	Z010000197_	Обновленный	О потребительском кооперативе
ЗАК	Z010000198_	Новый	О признании утратившими силу некоторых законодательных актов Республики Казахстан
ЗАК	Z010000190_	Новый	О ратификации Соглашения о взаимном обеспечении сохранности межгосударственных секретов в области правовой охраны изобретений
ЗАК	Z010000191_	Новый	О присоединении Республики Казахстан к Поправке к Монреальскому протоколу по веществам, разрушающим озоновый слой, Лондон, 27-29 июня 1990 года
ЗАК	Z010000192_	Новый	О присоединении Республики Казахстан к Протоколу об аутентичном четырехъязычном тексте Конвенции о международной гражданской авиации (Чикаго, 1944 год)
ЗАК	Z010000193_	Новый	О присоединении Республики Казахстан к Европейскому соглашению о международной дорожной перевозке опасных грузов
ЗАК	Z010000194_	Новый	О ратификации Конвенции об инспекции труда в промышленности и торговле
ЗАК	Z010000195_	Новый	О ратификации Конвенции об инспекции труда в сельском хозяйстве
ЗАК	Z010000196_	Новый	О ратификации Основного многостороннего соглашения о международном транспорте по развитию коридора Европа-Кавказ-Азия
ЗАК	Z010000185_	Новый	О внесении изменений и дополнений в Указ Президента Республики Казахстан, имеющий силу Закона, "О государственном предприятии"
ЗАК	Z010000186_	Новый	О ратификации Протокола, касающегося изменения Конвенции о международной гражданской авиации
ЗАК	Z010000187_	Новый	О ратификации Протокола, касающегося изменения Конвенции о международной гражданской авиации (Статья 3 bis)
ЗАК	Z010000188_	Новый	О ратификации Протокола, касающегося изменения Конвенции о международной гражданской авиации (Статья 83 bis)
ЗАК	Z010000189_	Новый	О ратификации Соглашения о мерах по предупреждению и пресечению использования ложных товарных знаков и географических указаний
ЗАК	Z010000180_	Новый	О внесении изменения и дополнений в Закон Республики Казахстан "О государственных наградах Республики Казахстан"
ЗАК	Z010000181_	Новый	О внесении изменений и дополнений в Закон Республики Казахстан "О средствах массовой информации"
ЗАК	Z010000182_	Новый	О внесении изменения и дополнений в некоторые законодательные акты Республики Казахстан по вопросам функционирования Национального фонда Республики Казахстан
ЗАК	Z010000183_	Новый	О внесении изменений и дополнений в Закон Республики Казахстан "О налогах и других обязательных платежах в бюджет"
ЗАК	Z010000184_	Новый	О признании утратившими силу некоторых законодательных актов Республики Казахстан по вопросам развития конкуренции и ограничения монополистической деятельности
ЗАК	Z010000178_	Обновленный	О Банке Развития Казахстана
ЗАК	Z010000177_	Новый	О внесении изменений и дополнений в Закон Республики Казахстан "О республиканском бюджете на 2001 год"
ЗАК	Z010000179_	Новый	О внесении дополнений в некоторые законодательные акты Республики Казахстан по вопросам деятельности Банка Развития Казахстана
ЗАК	Z010000176_	Новый	О ратификации Основного соглашения о сотрудничестве между Правительством Республики Казахстан и Детским Фондом Организации Объединенных Наций
ЗАК	Z010000174_	Обновленный	О ратификации Соглашения об основных принципах военно-технического сотрудничества между государствами-участниками Договора о коллективной безопасности от 15 мая 1992 года
ЗАК	Z010000172_	Обновленный	О ратификации Договора об учреждении Евразийского экономического сообщества
ЗАК	Z010000173_	Обновленный	Об амнистии граждан Республики Казахстан в связи с легализацией ими денег
ЗАК	Z010000175_	Новый	О ратификации Соглашения между Правительством Республики Казахстан и Правительством Республики Армения о воздушном сообщении
ЗАК	Z010000168_	Новый	О ратификации Соглашения в форме обмена нотами между Правительством Республики Казахстан и Правительством Японии о намерении предоставления Японским Банком Международного Сотрудничества займа Правительству Республики Казахстан для осуществления проекта реконструкции дорожной сети Западного Казахстана
ЗАК	Z010000169_	Новый	О ратификации Соглашения о займе по проекту реконструкции дорожной сети Западного Казахстана между Японским Банком Международного Сотрудничества и Правительством Республики Казахстан
ЗАК	Z010000170_	Новый	О ратификации Соглашения о займе между Республикой Казахстан и Саудовским Фондом Развития (проект "Дорога Караганда - Астана"), совершенного 5 числа месяца Шабан 1421 года Хиджры, соответствующего 1 ноябрю 2000 года
ЗАК	Z010000171_	Новый	О денонсации Соглашения о создании транснациональной финансово-промышленной группы по обеспечению эксплуатации и ремонта авиационной техники гражданской авиации государств-участников Содружества Независимых Государств
ЗАК	Z010000167_	Утративший силу	О военной службе по контракту
ЗАК	Z010000166_	Новый	О внесении изменений и дополнения в Закон Республики Казахстан "О всеобщей воинской обязанности и военной службе"
ЗАК	Z010000163_	Новый	О внесении изменений и дополнений в некоторые законодательные акты Республики Казахстан по вопросам усиления борьбы с организованной преступностью и коррупцией
ЗАК	Z010000164_	Новый	О внесении изменений и дополнений в некоторые законодательные акты Республики Казахстан по вопросам миграции
ЗАК	Z010000165_	Новый	О ратификации Соглашения между Республикой Казахстан и Украиной об упрощенном порядке приобретения и прекращения гражданства гражданами Республики Казахстан, постоянно проживающими в Украине, и гражданами Украины, постоянно проживающими в Республике Казахстан, и предотвращении случаев безгражданства и двойного гражданства
ЗАК	Z010000162_	Новый	О внесении изменений и дополнений в некоторые законодательные акты Республики Казахстан по вопросам банковской деятельности
ЗАК	Z010000159_	Обновленный	О ратификации Соглашения между Правительством Республики Казахстан и Кабинетом Министров Украины о взаимных поездках граждан
ЗАК	Z010000157_	Новый	О ратификации Соглашения между Министерством государственных доходов Республики Казахстан и Государственным таможенным комитетом Азербайджанской Республики о сотрудничестве и взаимном признании таможенных документов и таможенных обеспечений
ЗАК	Z010000158_	Новый	О ратификации Соглашения между Министерством государственных доходов Республики Казахстан и Таможенным комитетом при Правительстве Республики Таджикистан о сотрудничестве и взаимном признании таможенных документов и таможенных обеспечений
ЗАК	Z010000160_	Новый	О внесении дополнений в некоторые законодательные акты Республики Казахстан по вопросам правового статуса иностранных физических и юридических лиц
ЗАК	Z010000161_	Новый	О ратификации Соглашения о займе по Проекту водоснабжения города Аральска (регион Аральского моря) между Республикой Казахстан и Кувейтским Фондом Арабского Экономического Развития
ЗАК	Z010000154_	Новый	О внесении изменений и дополнений в некоторые законодательные акты Республики Казахстан по вопросам валютного регулирования
ЗАК	Z010000156_	Новый	О введении в действие Кодекса Республики Казахстан об административных правонарушениях
ЗАК	Z010000152_	Утративший силу	О земле
ЗАК	Z010000153_	Новый	О признании утратившим силу Указа Президента Республики Казахстан, имеющего силу Закона, "О земле"
ЗАК	Z010000148_	Обновленный	О местном государственном управлении и самоуправлении в Республике Казахстан
ЗАК	Z010000149_	Утративший силу	О занятости населения
ЗАК	Z010000147_	Новый	О внесении изменений и дополнений в Закон Республики Казахстан "О налогах и других обязательных платежах в бюджет"
ЗАК	Z010000150_	Новый	О признании утратившим силу Закона Республики Казахстан "О занятости населения"
ЗАК	Z010000151_	Новый	О внесении изменений и дополнений в некоторые законодательные акты Республики Казахстан по вопросам особо охраняемых природных территорий
ЗАК	Z010000143_	Обновленный	О зерне
ЗАК	Z010000146_	Утративший силу	О государственном оборонном заказе
ЗАК	Z010000144_	Утративший силу	О конкуренции и ограничении монополистической деятельности
ЗАК	Z010000145_	Новый	О внесении изменений и дополнения в некоторые законодательные акты Республики Казахстан по вопросам социальных выплат
ЗАК	Z010000142_	Обновленный	О некоммерческих организациях
ЗАК	Z010000138_	Новый	О внесении изменений и дополнения в Закон Республики Казахстан "О социальной защищенности инвалидов в Республике Казахстан"
ЗАК	Z010000139_	Новый	О внесении изменений и дополнений в Закон Республики Казахстан "Об аудиторской деятельности"
ЗАК	Z010000140_	Новый	О внесении изменений и дополнений в Закон Республики Казахстан "О бюджетной системе"
ЗАК	Z010000141_	Новый	О внесении изменений и дополнений в некоторые законодательные акты Республики Казахстан по вопросам хлебоприемных предприятий
ЗАК	Z010000136_	Утративший силу	О государственном контроле при применении трансфертных цен
ЗАК	Z010000135_	Новый	О внесении изменений и дополнений в Указ Президента Республики Казахстан, имеющий силу Закона, "О государственной регистрации юридических лиц"
ЗАК	Z010000137_	Новый	О ратификации Соглашения между Правительством Республики Казахстан, Правительством Кыргызской Республики, Правительством Республики Таджикистан и Правительством Республики Узбекистан о сотрудничестве в области гидрометеорологии
ЗАК	Z000000134_	Новый	Об амнистии в связи с десятой годовщиной принятия Декларации о государственном суверенитете Республики Казахстан
ЗАК	Z000000133_	Утративший силу	О сельскохозяйственных товариществах и их ассоциациях (союзах)
ЗАК	Z000000131_	Обновленный	О республиканском бюджете на 2001 год
ЗАК	Z000000130_	Новый	О внесении изменения и дополнений в некоторые законодательные акты Республики Казахстан по вопросам специальных государственных пособий
ЗАК	Z000000126_	Обновленный	О страховой деятельности
ЗАК	Z000000129_	Утративший силу	О социальном партнерстве в Республике Казахстан
ЗАК	Z000000127_	Новый	О признании утратившим силу Указа Президента Республики Казахстан, имеющего силу Закона, "О страховании"
ЗАК	Z000000128_	Новый	О внесении изменений и дополнений в некоторые законодательные акты Республики Казахстан по вопросам страхования и страховой деятельности
ЗАК	Z000000122_	Утративший силу	О гербовом сборе в отношении переводных и простых векселей в Республике Казахстан
ЗАК	Z000000123_	Новый	О внесении дополнения в Закон Республики Казахстан "О бюджетной системе" по вопросу гербового сбора
ЗАК	Z000000124_	Новый	О внесении дополнений в Указ Президента Республики Казахстан, имеющий силу Закона, "О приватизации"
ЗАК	Z000000125_	Новый	О внесении изменений и дополнений в Закон Республики Казахстан "О недобросовестной конкуренции"
ЗАК	Z000000115_	Новый	О ратификации Конвенции о равном вознаграждении мужчин и женщин за труд равной ценности
ЗАК	Z000000116_	Новый	О ратификации Конвенции о минимальном возрасте для приема на работу
ЗАК	Z000000117_	Новый	О ратификации Конвенции об упразднении принудительного труда
ЗАК	Z000000118_	Новый	О ратификации Конвенции о применении принципов права на организацию и на ведение коллективных переговоров
ЗАК	Z000000119_	Новый	О ратификации Конвенции об организации службы занятости
ЗАК	Z000000120_	Новый	О ратификации Конвенции о принудительном или обязательном труде
ЗАК	Z000000121_	Новый	О ратификации Договора об обеспечении полетов авиации вооруженных сил государств-участников Содружества Независимых Государств аэронавигационной информацией
ЗАК	Z000000113_	Обновленный	О детских деревнях семейного типа и домах юношества
ЗАК	Z000000111_	Обновленный	О ратификации Соглашения между Правительством Республики Казахстан, Правительством Кыргызской Республики и Правительством Республики Узбекистан о регулировании процессов миграции населения
ЗАК	Z000000112_	Новый	О ратификации Соглашения о сотрудничестве государств-участников Содружества Независимых Государств в борьбе с незаконной миграцией
ЗАК	Z000000114_	Новый	О ратификации Соглашения между Правительством Республики Казахстан и Правительством Республики Армения о свободной торговле и Протокола об изъятиях из режима свободной торговли к Соглашению между Правительством Республики Казахстан и Правительством Республики Армения о свободной торговле от 2 сентября 1999 года
ЗАК	Z000000110_	Обновленный	О жилищных строительных сбережениях в Республике Казахстан
ЗАК	Z000000109_	Утративший силу	Об оценочной деятельности в Республике Казахстан
ЗАК	Z000000108_	Новый	О внесении дополнения в Закон Республики Казахстан "О реабилитации жертв массовых политических репрессий"
ЗАК	Z000000107_	Утративший силу	Об административных процедурах
ЗАК	Z000000106_	Утративший силу	О государственном материальном резерве
ЗАК	Z000000105_	Новый	О внесении изменений и дополнений в Закон Республики Казахстан "Об экспортном контроле вооружений, военной техники и продукции двойного назначения"
ЗАК	Z000000099_	Утративший силу	О введении в действие положений Уголовно-исполнительного кодекса Республики Казахстан о льготных условиях содержания осужденных, отбывающих наказание в исправительных колониях общего и строгого режимов, а также в воспитательных колониях
ЗАК	Z000000098_	Новый	О внесении изменения и дополнений в Закон Республики Казахстан "О таможенном деле в Республике Казахстан"
ЗАК	Z000000100_	Новый	О ратификации Соглашения между Таможенным комитетом Министерства государственных доходов Республики Казахстан и Министерством государственных доходов Республики Армения о сотрудничестве и взаимном признании таможенных документов и таможенных обеспечений
ЗАК	Z000000101_	Новый	О ратификации Соглашения между Правительством Республики Казахстан и Правительством Российской Федерации об учреждении и условиях деятельности информационно-культурных центров
ЗАК	Z000000102_	Новый	О ратификации Соглашения Истисна'А  между Республикой Казахстан и Исламским Банком Развития по реконструкции последнего участка автодороги Караганда-Астана (секция IV между Вишневкой и Астаной)
ЗАК	Z000000103_	Новый	О ратификации Соглашения между Правительством Республики Казахстан и Международным центром улучшения кукурузы и пшеницы о сотрудничестве в сфере сельскохозяйственной науки
ЗАК	Z000000104_	Новый	О ратификации Соглашения между Правительством Республики Казахстан и Правительством Республики Индия о взаимных безвизовых поездках граждан - владельцев дипломатических и служебных паспортов
ЗАК	Z000000097_	Новый	О ратификации Договора между Республикой Казахстан, Кыргызской Республикой, Республикой Таджикистан и Республикой Узбекистан о совместных действиях по борьбе с терроризмом, политическим и религиозным экстремизмом, транснациональной организованной преступностью и иными угрозами стабильности и безопасности Сторон
ЗАК	Z000000095_	Новый	О внесении изменений и дополнений в Закон Республики Казахстан "О республиканском бюджете на 2000 год"
ЗАК	Z000000096_	Новый	О внесении изменений в некоторые законодательные акты Республики Казахстан по вопросам оценки имущества
ЗАК	Z000000094_	Обновленный	О присоединении Республики Казахстан к Конвенции об охране и использовании трансграничных водотоков и международных озер
ЗАК	Z000000090_	Обновленный	О ратификации Протокола о дополнениях к Соглашению о единых условиях транзита через территории государств- участников Таможенного союза от 22 января 1998 года
ЗАК	Z000000089_	Новый	О присоединении Республики Казахстан к Конвенции о трансграничном загрязнении воздуха на большие расстояния
ЗАК	Z000000091_	Новый	О присоединении Республики Казахстан к Конвенции о трансграничном воздействии промышленных аварий
ЗАК	Z000000092_	Новый	О ратификации Конвенции о доступе к информации, участию общественности в процессе принятия решений и доступе к правосудию по вопросам, касающимся окружающей среды
ЗАК	Z000000093_	Новый	О ратификации Договора о сотрудничестве государств-участников Содружества Независимых Государств в борьбе с терроризмом
ЗАК	Z000000087_	Обновленный	О ратификации Соглашения о порядке таможенного оформления и таможенного контроля товаров, перемещаемых между государствами-участниками Соглашения о создании зоны свободной торговли
ЗАК	Z000000086_	Новый	О присоединении Республики Казахстан к Конвенции об оценке воздействия на окружающую среду в трансграничном контексте
ЗАК	Z000000088_	Новый	О ратификации Соглашения между Республикой Казахстан и Республикой Таджикистан об избежании двойного налогообложения и предотвращении уклонения от уплаты налогов на доходы и имущество (капитал)
ЗАК	Z000000085_	Обновленный	Об охранной деятельности
ЗАК	Z000000084_	Новый	О ратификации Соглашения между Правительством Республики Казахстан и Правительством Республики Куба о порядке взаимных поездок граждан обоих государств
ЗАК	Z000000078_	Обновленный	О финансовом лизинге
ЗАК	Z000000072_	Обновленный	О государственной защите лиц, участвующих в уголовном процессе
ЗАК	Z000000073_	Обновленный	О ратификации Договора между Правительством Республики Казахстан и Правительством Российской Федерации об аренде испытательного полигона Сары-Шаган
ЗАК	Z000000074_	Обновленный	О ратификации Соглашения между Республикой Казахстан и Российской Федерацией об условиях использования и аренды испытательного полигона Сары-Шаган и обеспечения жизнедеятельности г. Приозерска
ЗАК	Z000000076_	Обновленный	О ратификации Договора между Правительством Республики Казахстан и Правительством Российской Федерации об аренде объектов и боевых полей 929 Государственного летно-испытательного центра Российской Федерации, расположенных на территории Республики Казахстан
ЗАК	Z000000080_	Обновленный	О ратификации Соглашения между Республикой Казахстан и Российской Федерацией о порядке использования 929 Государственного летно-испытательного центра (объекты и боевые поля, размещенные на территории Республики Казахстан) Министерства обороны Российской Федерации
ЗАК	Z000000068_	Обновленный	О ратификации Соглашения об упрощенном порядке таможенного оформления товаров, перемещаемых между государствами-участниками Таможенного союза
ЗАК	Z000000064_	Обновленный	О ратификации Конвенции между Правительством Республики Казахстан и Швейцарским Федеральным Советом об избежании двойного налогообложения в отношении налогов на доход и на капитал и Протокола к Конвенции между Правительством Республики Казахстан и Швейцарским Федеральным Советом об избежании двойного налогообложения в отношении налогов на доход и на капитал
ЗАК	Z000000071_	Обновленный	О ратификации Соглашения между Республикой Казахстан и Российской Федерацией о порядке использования 4 Государственного центрального межвидового полигона (объекты и боевые поля, размещенные на территории Республики Казахстан) Министерства обороны Российской Федерации
ЗАК	Z000000065_	Новый	О внесении изменений и дополнения в Закон Республики Казахстан "О налогах и других обязательных платежах в бюджет" по вопросам автотранспорта
ЗАК	Z000000066_	Новый	О ратификации Договора об обеспечении параллельной работы электроэнергетических систем государств-участников Содружества Независимых Государств
ЗАК	Z000000067_	Новый	О ратификации Протокола о внесении поправок в Соглашение о Межправительственной фельдъегерской связи
ЗАК	Z000000069_	Новый	О ратификации Соглашения об условиях работы регионального экологического центра Центральной Азии
ЗАК	Z000000070_	Новый	О ратификации Договора между Правительством Республики Казахстан и Правительством Российской Федерации об аренде объектов и боевых полей 4 Государственного центрального полигона Российской Федерации, расположенных на территории Республики Казахстан
ЗАК	Z000000075_	Новый	О внесении изменения и дополнений в некоторые законодательные акты Республики Казахстан по вопросам лизинга
ЗАК	Z000000077_	Новый	О ратификации Соглашения между Правительством Республики Казахстан и Правительством Французской Республики о взаимном поощрении и защите инвестиций и Протокола к нему
ЗАК	Z000000079_	Новый	О внесении изменений и дополнений в Закон Республики Казахстан "О лицензировании"
ЗАК	Z000000081_	Новый	О ратификации Соглашения между Республикой Казахстан и Российской Федерацией об условиях использования и аренды полигона Эмба
ЗАК	Z000000082_	Новый	О ратификации Договора между Правительством Республики Казахстан и Правительством Российской Федерации об аренде испытательного полигона Эмба
ЗАК	Z000000055_	Новый	О внесении изменений и дополнения в Закон Республики Казахстан "Об аварийно-спасательных службах и статусе спасателей"
ЗАК	Z000000056_	Новый	О признании утратившими силу некоторых законодательных актов Республики Казахстан по вопросам обеспечения единства измерений
ЗАК	Z000000057_	Новый	О внесении изменений в Уголовно-исполнительный кодекс Республики Казахстан
ЗАК	Z000000058_	Новый	О ратификации Протокола к Соглашению от 24 сентября 1993 года "О Коллективных миротворческих силах и совместных мерах по их материально-техническому обеспечению"
ЗАК	Z000000059_	Новый	О ратификации Соглашения о Коллективных миротворческих силах и совместных мерах по их материально-техническому обеспечению
ЗАК	Z000000060_	Новый	О ратификации Договора о дружбе и сотрудничестве между Республикой Казахстан и Республикой Армения
ЗАК	Z000000061_	Новый	О ратификации Соглашения о займе на сумму 3 400 000 долларов США между Министерством финансов Республики Казахстан (в качестве Заемщика) и Экспорт-Импорт Банком Кореи (в качестве Кредитора)
ЗАК	Z000000062_	Новый	О ратификации Соглашения между Республикой Казахстан и Республикой Таджикистан о принципах взимания косвенных налогов при экспорте и импорте товаров (работ, услуг)
ЗАК	Z000000053_	Обновленный	Об обеспечении единства измерений
ЗАК	Z000000052_	Новый	О признании утратившими силу некоторых законодательных актов Республики Казахстан (по вопросам персональных званий сотрудников таможенных служб)
ЗАК	Z000000054_	Новый	О присоединении Республики Казахстан к Конвенции об охране интересов производителей фонограмм от незаконного воспроизводства их фонограмм
ЗАК	Z000000051_	Новый	О внесении изменений в Закон Республики Казахстан "О чрезвычайных ситуациях природного и техногенного характера"
ЗАК	Z000000049_	Новый	О ратификации Договора между Республикой Казахстан и Республикой Индия о взаимной правовой помощи по уголовным делам
ЗАК	Z000000050_	Новый	О ратификации Соглашения между Республикой Казахстан, Китайской Народной Республикой и Кыргызской Республикой о точке стыка государственных границ трех государств
ЗАК	Z000000047_	Новый	О внесении изменений и дополнений в некоторые законодательные акты Республики Казахстан по вопросам борьбы с преступностью
ЗАК	Z000000048_	Новый	О внесении изменений и дополнений в некоторые законодательные акты Республики Казахстан по вопросам ношения форменной одежды
ЗАК	Z000000043_	Новый	О ратификации Договора между Республикой Казахстан и Украиной о передаче лиц, осужденных к лишению свободы, для дальнейшего отбывания наказания
ЗАК	Z000000044_	Новый	О ратификации Договора о порядке пребывания и взаимодействия сотрудников правоохранительных органов на территориях государств-участников Содружества Независимых Государств
ЗАК	Z000000045_	Новый	О внесении изменений в Закон Республики Казахстан "О национальной безопасности Республики Казахстан"
ЗАК	Z000000046_	Новый	О внесении дополнения в Закон Республики Казахстан "О борьбе с коррупцией"
ЗАК	Z000000041_	Новый	О внесении дополнения в Закон Республики Казахстан "О налогах и других обязательных платежах в бюджет"
ЗАК	Z000000042_	Новый	О внесении изменений и дополнений в некоторые законодательные акты Республики Казахстан по вопросам банковской тайны
ЗАК	Z000000039_	Новый	О внесении изменений в некоторые законодательные акты Республики Казахстан по вопросам государственной регистрации общественных объединений
ЗАК	Z000000040_	Новый	О внесении изменений в Указ Президента Республики Казахстан, имеющий силу закона, "О государственной регистрации юридических лиц"
ЗАК	Z000000035_	Новый	О ратификации Меморандума о взаимопонимании между Правительством Республики Казахстан и Правительством Королевства Саудовская Аравия
ЗАК	Z000000036_	Новый	О ратификации Соглашения между Республикой Казахстан и Государством Кувейт о поощрении и взаимной защите инвестиций
ЗАК	Z000000037_	Новый	О ратификации Соглашения между Правительством Республики Казахстан и Кувейтским Фондом Арабского Экономического Развития по использованию гранта на проект строительства нового правительственного здания
ЗАК	Z000000038_	Новый	О ратификации Конвенции о международных автомобильных перевозках пассажиров и багажа
ЗАК	Z990000034_	Обновленный	О ратификации Договора между Республикой Казахстан и Азербайджанской Республикой о передаче лиц, осужденных к лишению свободы, для дальнейшего отбывания наказания
ЗАК	Z990000014_	Обновленный	О ратификации Протокола о внесении изменений и дополнений в Соглашение о создании зоны свободной торговли от 15 апреля 1994 года
ЗАК	Z990000001_	Новый	О ратификации Договора между Республикой Казахстан и Российской Федерацией о сотрудничестве в охране внешних границ
ЗАК	Z990000002_	Новый	О ратификации Договора между Республикой Казахстан и Российской Федерацией о совместных усилиях в охране внешних границ
ЗАК	Z990000003_	Новый	О ратификации Соглашения между Республикой Казахстан, Китайской Народной Республикой и Российской Федерацией об определении точки стыка государственных границ трех государств
ЗАК	Z990000004_	Новый	О ратификации Протокола о продлении Договора о коллективной безопасности от 15 мая 1992 года
ЗАК	Z990000005_	Новый	О ратификации Соглашения о взаимодействии пограничных войск государств-участников Содружества Независимых Государств при возникновении кризисных ситуаций на внешних границах
ЗАК	Z990000006_	Новый	О ратификации Решения о нормативных документах по созданию и совершенствованию объединенной системы противовоздушной обороны государств-участников Содружества Независимых Государств
ЗАК	Z990000007_	Новый	О ратификации Соглашения между Республикой Казахстан, Кыргызской Республикой, Республикой Таджикистан и Республикой Узбекистан о сотрудничестве в области предупреждения и ликвидации чрезвычайных ситуаций
ЗАК	Z990000008_	Новый	О ратификации Соглашения между Правительством Республики Казахстан и Правительством Грузии о сотрудничестве в области предупреждения промышленных аварий, стихийных бедствий и ликвидации их последствий
ЗАК	Z990000009_	Новый	О ратификации Соглашения об обеспечении свободного и равного права пересечения физическими лицами границ государств-участников Таможенного союза и беспрепятственного перемещения ими товаров и валюты
ЗАК	Z990000010_	Новый	О ратификации Соглашения о порядке взаимного исполнения решений арбитражных, хозяйственных и экономических судов на территориях государств-участников Содружества
ЗАК	Z990000011_	Новый	О присоединении Республики Казахстан к Конвенции, отменяющей требование легализации иностранных официальных документов
ЗАК	Z990000012_	Новый	О ратификации Республикой Казахстан Конвенции 1976 года о трехсторонних консультациях (международные трудовые нормы)
ЗАК	Z990000013_	Новый	О ратификации Республикой Казахстан Конвенции 1971 года о представителях трудящихся
ЗАК	Z990000015_	Новый	О ратификации Соглашения между Правительством Республики Казахстан и Правительством Азербайджанской Республики о сотрудничестве в таможенных делах
ЗАК	Z990000016_	Новый	О ратификации Соглашения между Правительством Республики Казахстан и Правительством Республики Узбекистан о сотрудничестве в таможенных делах
ЗАК	Z990000017_	Новый	О ратификации Соглашения между Республикой Беларусь, Республикой Казахстан, Кыргызской Республикой и Российской Федерацией об упрощенном порядке приобретения гражданства
ЗАК	Z990000018_	Новый	О присоединении Республики Казахстан к Конвенции о политических правах женщин
ЗАК	Z990000019_	Новый	О присоединении Республики Казахстан к Конвенции о гражданстве замужней женщины
ЗАК	Z990000020_	Новый	О ратификации Договора о правовом статусе граждан одного государства, постоянно проживающих на территории другого государства
ЗАК	Z990000021_	Новый	О ратификации Соглашения между Правительством Республики Казахстан и Правительством Федеративной Республики Германия о техническом сотрудничестве
ЗАК	Z990000022_	Новый	О ратификации Соглашения между Правительством Республики Казахстан и Правительством Украины о сотрудничестве в области исследования и использования космического пространства
ЗАК	Z990000023_	Новый	О ратификации Соглашения между Правительством Республики Казахстан, с одной стороны, и Бельгийско- Люксембургским Экономическим Союзом, с другой стороны, о взаимном поощрении и защите инвестиций
ЗАК	Z990000024_	Новый	О ратификации Конвенции о защите прав инвестора
ЗАК	Z990000025_	Новый	О ратификации Соглашения о сотрудничестве в области кинематографии
ЗАК	Z990000026_	Новый	О ратификации Соглашения между Правительством Республики Казахстан и Правительством Азербайджанской Республики о сотрудничестве в области охраны промышленной собственности
ЗАК	Z990000027_	Новый	О ратификации Соглашения между Правительством Республики Казахстан и Правительством Федеративной Республики Германия о международных автомобильных перевозках пассажиров и грузов
ЗАК	Z990000028_	Новый	О ратификации Соглашения о займе между Республикой Казахстан и Исламским Банком Развития для проекта дороги Алматы-Гульшад
ЗАК	Z990000029_	Новый	О ратификации Республикой Казахстан Конвенции 1948 года о свободе ассоциации и защите права на организацию
ЗАК	Z990000030_	Новый	О ратификации Конвенции между Республикой Казахстан и Эстонской Республикой об избежании двойного налогообложения и предотвращении уклонения от уплаты налогов на доход и на капитал
ЗАК	Z990000031_	Новый	О ратификации Соглашения между Правительством Республики Казахстан и Правительством Грузии о сотрудничестве в области охраны промышленной собственности
ЗАК	Z990000032_	Новый	О ратификации Конвенции о взаимном признании и исполнении решений по делам об административных нарушениях правил дорожного движения
ЗАК	Z990000033_	Новый	О присоединении Республики Казахстан к Конвенции о взыскании за границей алиментов
ЗАК	Z990000497_	Новый	О внесении изменений и дополнений в Закон Республики Казахстан "Об акционерных обществах"
ЗАК	Z990000496_	Утративший силу	О принудительном лечении граждан, больных заразной формой туберкулеза
ЗАК	Z990000493_	Утративший силу	О труде в Республике Казахстан
ЗАК	Z990000494_	Утративший силу	О введении в действие Закона Республики Казахстан "О труде в Республике Казахстан"
ЗАК	Z990000491_	Новый	О внесении дополнения в Закон Республики Казахстан "О лицензировании"
ЗАК	Z990000492_	Новый	О внесении изменений и дополнений в Закон Республики Казахстан "О налогах и других обязательных платежах в бюджет"
ЗАК	Z990000495_	Новый	О ратификации Договора между Правительством Республики Казахстан и Правительством Республики Корея относительно займов Фонда Экономического Развития и Сотрудничества
ЗАК	Z990000490_	Утративший силу	О физической культуре и спорте
ЗАК	Z990000486_	Новый	О внесении изменений в Гражданский кодекс Республики Казахстан (особенная часть)
ЗАК	Z990000487_	Новый	О внесении изменения в Закон Республики Казахстан "О бюджетной системе"
ЗАК	Z990000488_	Новый	О внесении изменений и дополнений в некоторые законодательные акты Республики Казахстан по вопросу защиты прав граждан и юридических лиц на свободу предпринимательской деятельности
ЗАК	Z990000489_	Новый	О внесении дополнений в некоторые законодательные акты Республики Казахстан по вопросам поддержки малого предпринимательства
ЗАК	Z990000483_	Новый	О внесении изменений и дополнений в Закон Республики Казахстан "О занятости населения"
ЗАК	Z990000484_	Новый	О внесении изменений и дополнения в некоторые законодательные акты Республики Казахстан по вопросам оплаты труда работников социально-культурных учреждений
ЗАК	Z990000485_	Новый	О внесении изменений и дополнений в некоторые законодательные акты Республики Казахстан по вопросам налогообложения
ЗАК	Z990000474_	Утративший силу	О прожиточном минимуме
ЗАК	Z990000481_	Утративший силу	О приостановлении действия некоторых статей Закона Республики Казахстан "О социальной защите граждан, пострадавших вследствие экологического бедствия в Приаралье"
ЗАК	Z990000475_	Новый	О признании утратившими силу некоторых законодательных актов Республики Казахстан
ЗАК	Z990000476_	Новый	О внесении изменений в некоторые законодательные акты Республики Казахстан по вопросам социального обеспечения
ЗАК	Z990000477_	Новый	О внесении изменений в некоторые законодательные акты Республики Казахстан по вопросам социальной защиты населения
ЗАК	Z990000479_	Новый	О внесении изменений в Закон Республики Казахстан "Об исполнительном производстве и статусе судебных исполнителей"
ЗАК	Z990000480_	Новый	О внесении изменений в Закон Республики Казахстан "О социальной защите граждан, пострадавших вследствие ядерных испытаний на Семипалатинском испытательном ядерном полигоне"
ЗАК	Z990000482_	Новый	О внесении изменений и дополнений в некоторые законодательные акты Республики Казахстан по вопросам пенсионного и социального обеспечения
ЗАК	Z990000473_	Обновленный	О республиканском бюджете на 2000 год
ЗАК	Z990000472_	Новый	О внесении изменений и дополнений в некоторые законодательные акты Республики Казахстан по вопросам деятельности казенных предприятий
ЗАК	Z990000471_	Новый	О внесении изменений и дополнений в Указ Президента Республики Казахстан, имеющий силу Закона, "О лицензировании"
ЗАК	Z990000470_	Новый	О ратификации Соглашения о займе (Пилотный проект водоснабжения и санитарии г. Атырау) между Республикой Казахстан и Международным Банком Реконструкции и Развития
ЗАК	Z990000468_	Новый	О внесении изменения в Закон Республики Казахстан "О республиканском бюджете на 1999 год"
ЗАК	Z990000469_	Новый	О внесении дополнений в Указ Президента Республики Казахстан, имеющий силу Закона, "О государственном предприятии"
ЗАК	Z990000467_	Новый	О внесении изменений и дополнений в некоторые законодательные акты Республики Казахстан по вопросам недропользования и проведения нефтяных операций в Республике Казахстан
ЗАК	Z990000464_	Утративший силу	О государственном и гарантированном государством заимствовании и долге
ЗАК	Z990000465_	Новый	О признании утратившим силу Закона Республики Казахстан "О внешнем заимствовании и управлении внешним долгом"
ЗАК	Z990000466_	Новый	О внесении изменений и дополнений в некоторые законодательные акты Республики Казахстан по вопросам инвестиций
ЗАК	Z990000456_	Обновленный	О товарных знаках, знаках обслуживания, географических указаниях и наименованиях мест происхождения товаров
ЗАК	Z990000457_	Новый	О признании утратившими силу некоторых законодательных актов Республики Казахстан по товарным знакам, знакам обслуживания и наименованиям мест происхождения товаров
ЗАК	Z990000458_	Новый	О внесении изменений и дополнений в Закон Республики Казахстан "О государственной поддержке малого предпринимательства"
ЗАК	Z990000459_	Новый	О ратификации Акта о передаче и согласии (Проект реабилитации Узеньского нефтяного месторождения) между Республикой Казахстан, Международным Банком Реконструкции и Развития и закрытым акционерным обществом "Национальная нефтегазовая компания "Казахойл"
ЗАК	Z990000460_	Новый	О ратификации Соглашения о займе на сумму 3 825 000 долларов США между Министерством финансов Республики Казахстан (в качестве Заемщика) и Экспорт-Импорт Банком Кореи (в качестве Кредитора)
ЗАК	Z990000461_	Новый	О ратификации Договора о предоставлении ссуды между Кредитанштальт фюр Видерауфбау ("КфВ"), Франкфурт-на-Майне, и Республикой Казахстан ("Ссудополучатель"), представленный Министерством финансов, на сумму 27000000 немецких марок - Кредитная линия для содействия малому и среднему предпринимательству
ЗАК	Z990000462_	Новый	О внесении изменений и дополнений в Указ Президента Республики Казахстан, имеющий силу закона, "О государственных наградах Республики Казахстан"
ЗАК	Z990000463_	Новый	О внесении изменений и дополнений в Закон Республики Казахстан "О бюджетной системе"
ЗАК	Z990000451_	Утративший силу	О средствах массовой информации
ЗАК	Z990000453_	Утративший силу	О государственной службе
ЗАК	Z990000452_	Новый	О признании утратившими силу некоторых законодательных актов Казахской ССР по вопросам печати и массовой информации
ЗАК	Z990000454_	Новый	О внесении изменений в некоторые законодательные акты Республики Казахстан по вопросам государственной службы
ЗАК	Z990000455_	Новый	О признании утратившим силу Указа Президента Республики Казахстан, имеющего силу закона, "О государственной службе"
ЗАК	Z990000450_	Утративший силу	О сельской потребительской кооперации в Республике Казахстан
ЗАК	Z990000442_	Новый	О внесении изменений в некоторые законодательные акты Республики Казахстан по вопросам численности депутатов маслихатов
ЗАК	Z990000443_	Новый	О внесении изменений и дополнений в Закон Республики Казахстан "О мерах защиты внутреннего рынка при импорте товаров"
ЗАК	Z990000444_	Новый	О ратификации Республикой Казахстан Конвенции 1958 года о дискриминации в области труда и занятий
ЗАК	Z990000445_	Новый	О ратификации Соглашения между Правительством Республики Казахстан и Правительством Республики Беларусь о принципах взимания косвенных налогов при экспорте и импорте товаров (работ)
ЗАК	Z990000446_	Новый	О ратификации Cоглашения о займе (Проект реструктуризации дорожно-транспортной отрасли) между Республикой Казахстан и Международным Банком Реконструкции и Развития
ЗАК	Z990000447_	Новый	О ратификации Соглашения о займе (Проект в области здравоохранения) между Республикой Казахстан и Международным Банком Реконструкции и Развития
ЗАК	Z990000448_	Новый	О ратификации Соглашения о займе (Проект Правовой реформы) между Республикой Казахстан и Международным Банком Реконструкции и Развития
ЗАК	Z990000449_	Новый	О ратификации Меморандума о финансировании между Республикой Казахстан и Европейским Союзом
ЗАК	Z990000427_	Обновленный	Патентный закон Республики Казахстан
ЗАК	Z990000429_	Обновленный	О государственном регулировании производства и оборота этилового спирта и алкогольной продукции
ЗАК	Z990000441_	Утративший силу	О субсидиях и компенсационных мерах
ЗАК	Z990000433_	Утративший силу	О стандартизации
ЗАК	Z990000434_	Утративший силу	О сертификации
ЗАК	Z990000438_	Утративший силу	Об электроэнергетике
ЗАК	Z990000426_	Новый	О внесении изменений и дополнений в Указ Президента Республики Казахстан, имеющий силу Закона, "O таможенном деле в Республике Казахстан"
ЗАК	Z990000428_	Новый	О признании утратившими силу некоторых законодательных актов по вопросам патента
ЗАК	Z990000430_	Новый	О внесении изменений и дополнений в некоторые законодательные акты Республики Казахстан по вопросам государственного регулирования производства и оборота этилового спирта и алкогольной продукции
ЗАК	Z990000431_	Новый	О внесении изменений в Закон Республики Казахстан "О валютном регулировании"
ЗАК	Z990000432_	Новый	О ратификации Конвенции о передаче осужденных к лишению свободы для дальнейшего отбывания наказания
ЗАК	Z990000435_	Новый	О признании утратившими силу некоторых законодательных актов Республики Казахстан по вопросам стандартизации и сертификации
ЗАК	Z990000436_	Новый	О внесении изменений и дополнений в некоторые законодательные акты Республики Казахстан
ЗАК	Z990000437_	Новый	О внесении изменений и дополнений в Закон Республики Казахстан "О пожарной безопасности"
ЗАК	Z990000439_	Новый	О признании утратившим силу Указа Президента Республики Казахстан, имеющего силу закона, "Об электроэнергетике"
ЗАК	Z990000440_	Новый	О внесении изменений и дополнений в некоторые законодательные акты Республики Казахстан по вопросам налогообложения
ЗАК	Z990000424_	Обновленный	О ратификации Соглашения между Правительством Республики Казахстан и Правительством Российской Федерации об условиях размещения и обслуживания дипломатических представительств и консульских учреждений Республики Казахстан в Российской Федерации и Российской Федерации в Республике Казахстан
ЗАК	Z990000423_	Новый	О ратификации Соглашения между Правительством Республики Казахстан и Правительством Российской Федерации о социальных гарантиях граждан Республики Казахстан и Российской Федерации, проживающих и/или работающих на комплексе "Байконур"
ЗАК	Z990000425_	Новый	О ратификации Соглашения между Правительством Республики Казахстан и Правительством Российской Федерации о гарантиях пенсионных прав жителей города Байконыр Республики Казахстан
ЗАК	Z990000422_	Обновленный	Об охране селекционных достижений
ЗАК	Z990000416_	Обновленный	О противодействии терроризму
ЗАК	Z990000414_	Обновленный	О государственном специальном пособии лицам, работавшим на подземных и открытых горных работах, на работах с особо вредными и особо тяжелыми условиями труда или на работах с вредными и тяжелыми условиями труда
ЗАК	Z990000412_	Утративший силу	О введении в действие Гражданского процессуального кодекса Республики Казахстан
ЗАК	Z990000421_	Утративший силу	Об антидемпинговых мерах
ЗАК	Z990000413_	Новый	О внесении дополнения в Закон Республики Казахстан "О естественных монополиях"
ЗАК	Z990000415_	Новый	Об амнистии в связи с Годом единства и преемственности поколений
ЗАК	Z990000417_	Новый	О ратификации Договора между Республикой Казахстан и Кыргызской Республикой о выдаче лиц, совершивших преступления, и осуществлении уголовного преследования
ЗАК	Z990000418_	Новый	О ратификации Соглашения между Республикой Казахстан, Кыргызской Республикой, Республикой Таджикистан и Республикой Узбекистан о правовом статусе должностных лиц и сотрудников Исполкома Межгоссовета государств-участников Договора о создании единого экономического пространства
ЗАК	Z990000420_	Новый	О ратификации Соглашения между Республикой Казахстан и Соединенными Штатами Америки о сотрудничестве в области мирного использования ядерной энергии
ЗАК	Z990000419_	Новый	О ратификации Соглашения между Правительством Республики Казахстан и Правительством Республики Узбекистан о производственной кооперации
ЗАК	Z990000410_	Новый	О введении в действие Гражданского кодекса Республики Казахстан (особенная часть)
ЗАК	Z990000406_	Новый	О внесении изменений и дополнений в Закон Республики Казахстан "О республиканском бюджете на 1999 год"
ЗАК	Z990000408_	Новый	О внесении изменений в Кодекс Казахской ССР об административных правонарушениях
ЗАК	Z990000402_	Обновленный	О ратификации Соглашения о единых мерах нетарифного регулирования при формировании Таможенного союза
ЗАК	Z990000403_	Обновленный	О ратификации Договора о Таможенном союзе и Едином экономическом пространстве
ЗАК	Z990000398_	Новый	О ратификации Конвенции о запрещении разработки, производства, накопления и применения химического оружия и о его уничтожении
ЗАК	Z990000399_	Новый	О ратификации Протокола к Конвенции о правовой помощи и правовых отношениях по гражданским, семейным и уголовным делам от 22 января 1993 года
ЗАК	Z990000400_	Новый	О ратификации Соглашения между Правительством Республики Казахстан и Правительством Грузии о принципах взимания косвенных налогов при экспорте и импорте товаров (работ, услуг)
ЗАК	Z990000401_	Новый	О ратификации Конвенции между Правительством Республики Казахстан и Правительством Румынии об избежании двойного налогообложения и предотвращении уклонения от налогообложения в отношении налогов на доход и капитал
ЗАК	Z990000404_	Новый	О ратификации Соглашения между Правительством Республики Казахстан и Правительством Украины о принципах сотрудничества в нефтегазовых отраслях
ЗАК	Z990000405_	Новый	О ратификации Соглашения между Правительством Республики Казахстан и Правительством Республики Беларусь о свободной торговле
ЗАК	Z990000394_	Обновленный	О ратификации Соглашения между Правительством Республики Казахстан и Правительством Азербайджанской Республики о свободной торговле
ЗАК	Z990000392_	Новый	О ратификации Соглашения между Правительством Республики Казахстан и Правительством Республики Финляндия о международном автомобильном сообщении
ЗАК	Z990000393_	Новый	О ратификации Соглашения между Правительством Республики Казахстан и Правительством Республики Болгария о международных автомобильных перевозках пассажиров и грузов
ЗАК	Z990000395_	Новый	О ратификации Соглашения между Правительством Республики Казахстан и Правительством Грузии о свободной торговле
ЗАК	Z990000396_	Новый	О ратификации Консульской конвенции между Республикой Казахстан и Румынией
ЗАК	Z990000397_	Новый	О ратификации Соглашения между Правительством Республики Казахстан и Правительством Федеративной Республики Германия о направлении германских преподавателей в школы Республики Казахстан
ЗАК	Z990000389_	Утративший силу	Об образовании
ЗАК	Z990000390_	Новый	О признании утратившими силу некоторых законодательных актов Республики Казахстан по вопросам образования
ЗАК	Z990000391_	Новый	О внесении изменения и дополнений в Закон Республики Казахстан "О жилищных отношениях"
ЗАК	Z990000388_	Новый	О ратификации Договора о вечной дружбе между Республикой Казахстан и Республикой Узбекистан
ЗАК	Z990000386_	Новый	О ратификации Соглашения между Правительством Республики Казахстан и Правительством Кыргызской Республики об особенностях правового регулирования деятельности предприятий, учреждений и организаций железнодорожного транспорта
ЗАК	Z990000387_	Новый	О ратификации Договора между Республикой Казахстан и Азербайджанской Республикой о правовой помощи и правовых отношениях по гражданским делам
ЗАК	Z990000383_	Новый	О ратификации Соглашения о займе по проекту реконструкции аэропорта в городе Астане между Республикой Казахстан и Международным Фондом Экономического Сотрудничества Японии
ЗАК	Z990000384_	Новый	О внесении изменений и дополнения в Закон Республики Казахстан "О комитетах и комиссиях Парламента Республики Казахстан"
ЗАК	Z990000385_	Новый	О ратификации Договора между Республикой Казахстан и Республикой Беларусь о правовом статусе граждан Республики Казахстан, постоянно проживающих на территории Республики Беларусь, и граждан Республики Беларусь, постоянно проживающих на территории Республики Казахстан
ЗАК	Z990000382_	Утративший силу	О связи
ЗАК	Z990000380_	Новый	О ратификации Соглашения между Правительством Республики Казахстан и Правительством Украины о принципах взимания косвенных налогов при экспорте и импорте товаров (работ, услуг)
ЗАК	Z990000381_	Новый	О внесении изменений и дополнений в некоторые законодательные акты Республики Казахстан (по вопросам особо охраняемых природных территорий)
ЗАК	Z990000374_	Обновленный	О внесении изменений и дополнений в некоторые законодательные акты Республики Казахстан по вопросам предоставления льгот отдельным категориям граждан
ЗАК	Z990000367_	Новый	О ратификации Соглашения между Республикой Казахстан и Турецкой Республикой о правовой помощи по уголовным делам и выдаче лиц
ЗАК	Z990000368_	Новый	О ратификации Соглашения о перевозках специальных грузов и продукции военного назначения
ЗАК	Z990000369_	Новый	О ратификации Договора между Республикой Казахстан и Кыргызской Республикой о сотрудничестве в военной области
ЗАК	Z990000370_	Новый	О ратификации Соглашения между Правительством Республики Казахстан и Правительством Латвийской Республики о международном автомобильном сообщении
ЗАК	Z990000371_	Новый	О ратификации Консульской конвенции между Республикой Казахстан и Грузией
ЗАК	Z990000372_	Новый	О присоединении Республики Казахстан к Конвенции о международной торговле видами дикой фауны и флоры, находящимися под угрозой исчезновения
ЗАК	Z990000373_	Новый	О ратификации Соглашения между Республикой Казахстан, Кыргызской Республикой и Республикой Узбекистан о статусе военнослужащих Центральноазиатского батальона под эгидой ООН
ЗАК	Z990000365_	Утративший силу	О специальном государственном пособии в Республике Казахстан
ЗАК	Z990000360_	Новый	О внесении изменений и дополнений в некоторые законодательные акты Республики Казахстан по вопросам штатной численности и заимствования
ЗАК	Z990000361_	Новый	О внесении изменений в Закон Республики Казахстан "О занятости населения"
ЗАК	Z990000362_	Новый	О внесении изменений в Кодекс законов о труде Казахской ССР
ЗАК	Z990000363_	Новый	О признании утратившим силу Закона Республики Казахстан "Об обязательном социальном страховании"
ЗАК	Z990000364_	Новый	О внесении изменений и дополнений в Закон Республики Казахстан "О пенсионном обеспечении в Республике Казахстан"
ЗАК	Z990000366_	Новый	О внесении дополнения в Закон Республики Казахстан "О государственных социальных пособиях по инвалидности, по случаю потери кормильца и по возрасту в Республике Казахстан"
ЗАК	Z990000357_	Утративший силу	О бюджетной системе
ЗАК	Z990000358_	Новый	О признании утратившим силу Закона Республики Казахстан "О бюджетной системе"
ЗАК	Z990000359_	Новый	О внесении изменений и дополнений в Закон Республики Казахстан "О республиканском бюджете на 1999 год"
ЗАК	Z990000354_	Новый	О внесении изменений и дополнения в Указ Президента Республики Казахстан, имеющий силу закона, "О специальных экономических зонах в Республике Казахстан"
ЗАК	Z990000355_	Новый	О внесении изменений и дополнений в Указ Президента Республики Казахстан, имеющий силу закона, "О налогах и других обязательных платежах в бюджет"
ЗАК	Z990000356_	Новый	О внесении изменений и дополнений в Указ Президента Республики Казахстан, имеющий силу закона, "О налогах и других обязательных платежах в бюджет"
ЗАК	Z990000353_	Обновленный	О порядке и условиях содержания лиц в специальных учреждениях, специальных помещениях, обеспечивающих временную изоляцию от общества
ЗАК	Z990000351_	Новый	О ратификации Дополнительного Соглашения между Республикой Казахстан и Китайской Народной Республикой о казахстанско-китайской государственной границе
ЗАК	Z990000352_	Новый	О ратификации Дополнительного Соглашения между Республикой Казахстан и Китайской Народной Республикой о казахстанско-китайской государственной границе
ЗАК	Z990000349_	Обновленный	О государственных секретах
ЗАК	Z990000350_	Новый	О признании утратившими силу некоторых законодательных актов Республики Казахстан по вопросам защиты государственных секретов
ЗАК	Z990000347_	Новый	О внесении изменений и дополнений в некоторые законодательные акты Республики Казахстан по вопросам предупреждения и ликвидации чрезвычайных ситуаций
ЗАК	Z990000348_	Новый	О внесении изменений в Указы Президента Республики Казахстан, имеющие силу конституционных законов, "О Парламенте Республики Казахстан и статусе его депутатов" и "О судах и статусе судей в Республике Казахстан"
ЗАК	Z990000345_	Новый	О ратификации Консульского договора между Республикой Казахстан и Туркменистаном
ЗАК	Z990000346_	Новый	О ратификации Консульской конвенции между Республикой Казахстан и Корейской Народно-Демократической Республикой
ЗАК	Z990000344_	Обновленный	О карантине растений
ЗАК	Z980000339_	Обновленный	О государственном контроле за оборотом отдельных видов оружия
ЗАК	Z980000341_	Утративший силу	О занятости населения
ЗАК	Z980000340_	Новый	О признании утратившими силу Закона Республики Казахстан "О государственном контроле за оборотом отдельных видов оружия" и постановления Верховного Совета Республики Казахстан "О порядке введения в действие Закона Республики Казахстан "О государственном контроле за оборотом отдельных видов оружия"
ЗАК	Z980000342_	Новый	О признании утратившими силу некоторых законодательных актов Республики Казахстан по вопросам занятости
ЗАК	Z980000343_	Новый	О внесении изменения и дополнений в Указ Президента Республики Казахстан, имеющий силу закона, "О лицензировании"
ЗАК	Z980000337_	Утративший силу	О мерах защиты внутреннего рынка при импорте товаров
ЗАК	Z980000336_	Новый	О внесении изменений и дополнений в некоторые законодательные акты Республики Казахстан по вопросам налогового администрирования
ЗАК	Z980000338_	Новый	О внесении изменений и дополнений в Закон Республики Казахстан "О транспорте в Республике Казахстан"
ЗАК	Z980000333_	Новый	О внесении изменений и дополнений в Указ Президента Республики Казахстан, имеющий силу закона, "О налогах и других обязательных платежах в бюджет"
ЗАК	Z980000334_	Новый	О внесении изменений и дополнений в некоторые законодательные акты Республики Казахстан по вопросам государственного бюджета
ЗАК	Z980000335_	Новый	О ратификации Соглашения между Правительством Республики Казахстан и Правительством Российской Федерации о регулировании процесса переселения и защите прав переселенцев
ЗАК	Z980000332_	Новый	О присоединении Республики Казахстан к Конвенции о торговле зерном 1995 года
ЗАК	Z980000326_	Обновленный	О Национальном архивном фонде и архивах
ЗАК	Z980000329_	Обновленный	О ратификации Соглашения между Республикой Казахстан и Российской Федерацией о статусе города Байконур, порядке формирования и статусе его органов исполнительной власти
ЗАК	Z980000327_	Новый	О внесении изменений в некоторые законодательные акты Республики Казахстан по вопросам финансирования государственных учреждений
ЗАК	Z980000328_	Новый	О внесении изменений в Закон Республики Казахстан "О пенсионном обеспечении в Республике Казахстан"
ЗАК	Z980000330_	Новый	О ратификации Соглашения между Правительством Республики Казахстан и Правительством Федеративной Республики Германия о финансовом сотрудничестве
ЗАК	Z980000331_	Новый	О ратификации Договора между Правительством Республики Казахстан и Правительством Грузии о сотрудничестве в области нефтегазовой промышленности
ЗАК	Z980000321_	Утративший силу	О браке и семье
ЗАК	Z980000322_	Новый	О признании утратившими силу некоторых законодательных актов Казахской ССР о браке и семье
ЗАК	Z980000323_	Новый	О внесении изменений и дополнений в некоторые законодательные акты Республики Казахстан по вопросам социального обеспечения
ЗАК	Z980000324_	Новый	О признании утратившими силу некоторых законодательных актов Республики Казахстан по вопросам внебюджетных фондов
ЗАК	Z980000325_	Новый	О внесении изменений и дополнений в Закон Республики Казахстан "Об охране здоровья граждан в Республике Казахстан"
ЗАК	Z980000318_	Обновленный	О республиканском бюджете на 1999 год
ЗАК	Z980000319_	Новый	О внесении изменений и дополнений в Закон Республики Казахстан "О бюджетной системе"
ЗАК	Z980000320_	Новый	О внесении изменений и дополнений в некоторые законодательные акты Республики Казахстан по вопросам государственных юридических лиц
ЗАК	Z980000317_	Новый	О присоединении Республики Казахстан к Конвенции о статусе беженцев и Протоколу, касающемуся статуса беженцев
ЗАК	Z980000316_	Новый	О внесении дополнения в Указ Президента Республики Казахстан, имеющий силу закона, "О налогах и других обязательных платежах в бюджет"
ЗАК	Z980000313_	Обновленный	О ратификации Соглашения о единых условиях транзита через территории государств-участников Таможенного союза
ЗАК	Z980000314_	Новый	О ратификации Соглашения между Правительством Республики Казахстан и Правительством Российской Федерации о поощрении и взаимной защите инвестиций
ЗАК	Z980000315_	Новый	О ратификации Соглашения между Правительством Республики Казахстан и Правительством Азербайджанской Республики о международном автомобильном сообщении
ЗАК	Z980000308_	Новый	О внесении изменений в Закон Республики Казахстан "О государственной пошлине"
ЗАК	Z980000309_	Новый	О ратификации Соглашения между Правительством Республики Казахстан и Правительством Республики Индия о воздушном сообщении
ЗАК	Z980000310_	Новый	О ратификации Соглашения между Правительством Республики Казахстан и Правительством Туркменистана о международных автомобильных перевозках пассажиров и грузов
ЗАК	Z980000311_	Новый	О ратификации Договора между Республикой Казахстан и Туркменистаном о правовой помощи и правовых отношениях по гражданским и семейным делам
ЗАК	Z980000312_	Новый	О ратификации Консульской конвенции между Республикой Казахстан и Республикой Молдова
ЗАК	Z980000306_	Новый	О внесении изменений и дополнений в Закон Республики Казахстан "О государственных закупках"
ЗАК	Z980000307_	Новый	О внесении изменений и дополнений в некоторые законодательные акты Республики Казахстан и признании утратившими силу Указов Президента Республики Казахстан, имеющих силу закона, "О специальных государственных органах Республики Казахстан, осуществляющих дознание и следствие" и "О Государственном следственном комитете Республики Казахстан и его органах"
ЗАК	Z980000304_	Обновленный	Об аудиторской деятельности
ЗАК	Z980000303_	Новый	О внесении изменений в некоторые законодательные акты Республики Казахстан по вопросам заимствования
ЗАК	Z980000305_	Новый	О признании утратившими силу некоторых законодательных актов Республики Казахстан и внесении дополнения в Кодекс Казахской ССР об административных правонарушениях
ЗАК	Z980000302_	Новый	О внесении изменений и дополнений в Закон Республики Казахстан "О нотариате"
ЗАК	Z980000298_	Обновленный	О ратификации Соглашения между Республикой Беларусь, Республикой Казахстан, Кыргызской Республикой и Российской Федерацией о формировании Транспортного союза
ЗАК	Z980000297_	Новый	О присоединении Республики Казахстан к Бернской конвенции об охране литературных и художественных произведений
ЗАК	Z980000299_	Новый	О ратификации Соглашения между Правительством Республики Казахстан и Правительством Республики Финляндия о воздушном сообщении
ЗАК	Z980000300_	Новый	О ратификации Соглашения между Правительством Республики Казахстан и Правительством Азербайджанской Республики о воздушном сообщении
ЗАК	Z980000301_	Новый	О ратификации Соглашения между Правительством Республики Казахстан и Правительством Туркменистана о воздушном сообщении
ЗАК	Z980000292_	Обновленный	О ратификации Договора между Республикой Казахстан и Литовской Республикой о правовой помощи и правовых отношениях по гражданским, семейным и уголовным делам и Протокола к Договору между Республикой Казахстан и Литовской Республикой о правовой помощи и правовых отношениях по гражданским, семейным и уголовным делам
ЗАК	Z980000294_	Обновленный	О ратификации Конвенции между Республикой Казахстан и Чешской Республикой об избежании двойного налогообложения и предотвращении уклонения от уплаты налогов в отношении налогов на доход и на капитал
ЗАК	Z980000286_	Новый	О присоединении Республики Казахстан к Конвенции 1964 года о политике в области занятости
ЗАК	Z980000287_	Новый	О ратификации Договора о вечной дружбе между Республикой Казахстан и Кыргызской Республикой
ЗАК	Z980000288_	Новый	О ратификации Соглашения между Правительством Республики Казахстан и Правительством Монголии об избежании двойного налогообложения и предотвращении уклонения от уплаты налогов на доходы и капитал
ЗАК	Z980000289_	Новый	О ратификации Конвенции между Правительством Республики Казахстан и Правительством Французской Республики об избежании двойного налогообложения и предотвращении уклонения от налогообложения в отношении налогов на доходы и имущество
ЗАК	Z980000290_	Новый	О ратификации Соглашения между Правительством Республики Казахстан и Правительством Республики Молдова о принципах взимания косвенных налогов при экспорте и импорте товаров (работ, услуг)
ЗАК	Z980000291_	Новый	О ратификации Договора между Республикой Казахстан и Корейской Народно-Демократической Республикой о взаимной правовой помощи по гражданским и уголовным делам
ЗАК	Z980000293_	Новый	О ратификации Договора между Республикой Казахстан и Исламской Республикой Пакистан о взаимной правовой помощи по гражданским, семейным и уголовным делам
ЗАК	Z980000295_	Новый	О ратификации Соглашения между Республикой Казахстан и Федеративной Республикой Германия об избежании двойного налогообложения в отношении налогов на доходы и имущество
ЗАК	Z980000296_	Новый	О ратификации Конвенции между Республикой Казахстан и Королевством Бельгия об избежании двойного налогообложения и предотвращении уклонения от уплаты налогов в отношении налогов на доход и капитал
ЗАК	Z980000279_	Обновленный	О наркотических средствах, психотропных веществах, их аналогах и прекурсорах и мерах противодействия их незаконному обороту и злоупотреблению ими
ЗАК	Z980000281_	Утративший силу	Об акционерных обществах
ЗАК	Z980000280_	Новый	О внесении дополнений в Указ Президента Республики Казахстан, имеющий силу Закона, "О лицензировании"
ЗАК	Z980000282_	Новый	О внесении изменений и дополнений в некоторые законодательные акты Республики Казахстан по вопросам акционерных обществ
ЗАК	Z980000283_	Новый	О внесении изменений и дополнений в некоторые законодательные акты Республики Казахстан
ЗАК	Z980000278_	Обновленный	О ПЛЕМЕННОМ ЖИВОТНОВОДСТВЕ
ЗАК	Z980000272_	Утративший силу	О естественных монополиях
ЗАК	Z980000268_	Новый	О ратификации Конвенции между Правительством Республики Казахстан и Правительством Туркменистана об избежании двойного налогообложения и предотвращении уклонения от налогообложения в отношении налогов на доходы и на капитал
ЗАК	Z980000269_	Новый	О ратификации Конвенции между Правительством Республики Казахстан и Правительством Республики Болгария об избежании двойного налогообложения в отношении налогов на доходы и капитал
ЗАК	Z980000270_	Новый	О ратификации Конвенции между Правительством Республики Казахстан и Правительством Королевства Швеция об избежании двойного налогообложения и предотвращении уклонения в отношении налогов на доход
ЗАК	Z980000271_	Новый	О ратификации Соглашения о принципах взимания налога на добавленную стоимость при экспорте и импорте товаров (работ, услуг) между Правительством Республики Казахстан и Правительством Кыргызской Республики
ЗАК	Z980000273_	Новый	О ратификации Конвенции между Правительством Республики Казахстан и Правительством Грузии об избежании двойного налогообложения и предотвращении уклонения от налогообложения в отношении налогов на доходы и на капитал
ЗАК	Z980000274_	Новый	О ратификации Конвенции между Правительством Республики Казахстан и Правительством Республики Корея об избежании двойного налогообложения и предотвращении уклонения от налогообложения в отношении налогов на доход
ЗАК	Z980000275_	Новый	О ратификации Протокола между Правительством Республики Казахстан и Правительством Соединенного Королевства Великобритании и Северной Ирландии об изменениях Конвенции об устранении двойного налогообложения и предотвращении уклонения от уплаты налогов на доходы и прирост стоимости имущества, подписанной от имени Договаривающихся Государств 21 марта 1994 года в Лондоне
ЗАК	Z980000276_	Новый	О признании утратившими силу некоторых законодательных актов Республики Казахстан по вопросам регулирования отношений, связанных с драгоценными металлами и драгоценными камнями
ЗАК	Z980000277_	Новый	О внесении изменений в некоторые законодательные акты Республики Казахстан по вопросам регулирования отношений, связанных с драгоценными металлами
ЗАК	Z980000267_	Утративший силу	О борьбе с коррупцией
ЗАК	Z980000261_	Новый	О ратификации Соглашения о займе (Проект постприватизационной поддержки сельского хозяйства) между Республикой Казахcтан и Международным Банком Реконструкции и Развития от 23 июня 1998 года
ЗАК	Z980000262_	Новый	О ратификации Соглашения о займе (Специальные операции) (Проект базового образования) между Республикой Казахстан и Азиатским Банком Развития от 23 февраля 1998 года
ЗАК	Z980000263_	Новый	О ратификации Соглашения о займе (Обычные операции) (Проект управления водными ресурсами и восстановления земель) между Республикой Казахстан и Азиатским Банком Развития от 25 марта 1998 года
ЗАК	Z980000264_	Новый	О ратификации Соглашения о займе (Обычные операции) (Проект базового образования) между Республикой Казахстан и Азиатским Банком Развития от 23 февраля 1998 года
ЗАК	Z980000265_	Новый	О ратификации Соглашения о займе (Специальные операции) (Проект управления водными ресурсами и восстановления земель) между Республикой Казахстан и Азиатским Банком Развития от 25 марта 1998 года
ЗАК	Z980000266_	Новый	О  внесении  изменений  и  дополнений  в Указ Президента Республики Казахстан, имеющий силу Закона, "О прокуратуре Республики  Казахстан"
ЗАК	Z980000258_	Обновленный	Об особом статусе города Алматы
ЗАК	Z980000255_	Новый	О внесении изменений и дополнений в Указ Президента Республики Казахстан, имеющий силу Закона, "О налогах и других обязательных платежах в бюджет"
ЗАК	Z980000256_	Новый	О внесении изменений и дополнений в Закон Республики Казахстан "О банкротстве"
ЗАК	Z980000257_	Новый	О присоединении Республики Казахстан к Единой Конвенции о наркотических средствах 1961 года с поправками, внесенными в нее в соответствии с Протоколом 1972 года о поправках к Единой Конвенции о наркотических средствах 1961 года
ЗАК	Z980000259_	Новый	О внесении изменений и дополнений в некоторые законодательные  акты  Республики  Казахстан ( по вопросам о статусе города Алматы)
ЗАК	Z980000260_	Новый	О внесении изменений и дополнений  в  Указ Президента Республики Казахстан, имеющий силу Закона, "О налогах и других обязательных платежах в бюджет"
ЗАК	Z980000254_	Обновленный	О регистрации залога движимого имущества
ЗАК	Z980000253_	Утративший силу	Об исполнительном производстве и статусе судебных исполнителей
ЗАК	Z980000252_	Новый	О внесении изменений и дополнений в некоторые законодательные  акты  Республики   Казахстан ( по вопросам исполнительного производства)
ЗАК	Z980000237_	Утративший силу	О платежах и переводах денег
ЗАК	Z980000235_	Новый	О ратификации Соглашения о займе (Займ на поддержку пенсионной реформы) между Республикой Казахстан и Международным Банком Реконструкции и Развития от 25 июня 1998 года
ЗАК	Z980000236_	Новый	О внесении изменений и дополнений в некоторые законодательные акты Республики Казахстан
ЗАК	Z980000238_	Новый	О внесении изменений в Гражданский кодекс Республики Казахстан (общая часть)
ЗАК	Z980000239_	Новый	О ратификации Соглашения между Правительством Республики Казахстан и Правительством Азербайджанской Республики о принципах взимания косвенных налогов при экспорте и импорте товаров (работ, услуг)
ЗАК	Z980000240_	Новый	О ратификации Соглашения о юридическом статусе Организации Экономического Сотрудничества (ЭКО), представителей стран-членов и международного персонала
ЗАК	Z980000241_	Новый	О ратификации Измирского Договора
ЗАК	Z980000242_	Новый	О ратификации Договора о вечной дружбе между Республикой Казахстан, Кыргызской Республикой и Республикой Узбекистан
ЗАК	Z980000243_	Новый	О ратификации Соглашения между Республикой Казахстан, Кыргызской Республикой, Российской Федерацией, Республикой Таджикистан и Китайской Народной Республикой о взаимном сокращении вооруженных сил в районе границы
ЗАК	Z980000244_	Новый	О присоединении Республики Казахстан к Конвенции о предупреждении преступления геноцида и наказании за него
ЗАК	Z980000245_	Новый	О присоединении Республики Казахстан к Международной конвенции о ликвидации всех форм расовой дискриминации
ЗАК	Z980000246_	Новый	О присоединении Республики Казахстан к Конвенции Организации Объединенных Наций о борьбе против незаконного оборота наркотических средств и психотропных веществ
ЗАК	Z980000247_	Новый	О присоединении Республики Казахстан к Конвенции против пыток и других жестоких, бесчеловечных и унижающих достоинство видов обращения и наказания
ЗАК	Z980000248_	Новый	О присоединении Республики Казахстан к Конвенции о ликвидации всех форм дискриминации в отношении женщин
ЗАК	Z980000249_	Новый	О присоединении Республики Казахстан к Конвенции о психотропных веществах
ЗАК	Z980000250_	Новый	О ратификации Соглашения между Республикой Казахстан и Исламским Банком Развития о полномочиях Республики Казахстан закупать и продавать оборудование в качестве агента от имени Банка и за Банк для использования в проекте Научного центра хирургии им. Сызганова
ЗАК	Z980000251_	Новый	О ратификации Соглашения о займе между Республикой Казахстан и Исламским Банком Развития на участие в финансировании Научного центра хирургии им. Сызганова и Детского реабилитационного центра
ЗАК	Z980000233_	Утративший силу	О национальной безопасности Республики Казахстан
ЗАК	Z980000234_	Новый	О внесении изменений в Указ Президента Республики Казахстан, имеющий силу Закона, "О Республиканской гвардии"
ЗАК	Z980000232_	Утративший силу	О недобросовестной конкуренции
ЗАК	Z980000231_	Новый	О внесении изменений и дополнений в Указ Президента Республики  Казахстан,   имеющий  силу   Закона, " О Дорожном фонде"
ЗАК	Z980000230_	Утративший силу	О статусе столицы Республики Казахстан
ЗАК	Z980000223_	Новый	О ратификации Соглашения между Правительством Республики Казахстан и Правительством Республики Узбекистан об использовании отдельных участков автомобильных дорог
ЗАК	Z980000224_	Новый	О ратификации Соглашения между Правительством Республики Казахстан и Правительством Республики Узбекистан о свободной торговле
ЗАК	Z980000225_	Новый	О ратификации Соглашения между Правительством Республики Казахстан и Правительством Республики Узбекистан о транзитной перевозке пассажиров, грузов и багажа, обеспечении их сохранности и безопасности при следовании по автомобильным и железнодорожным магистралям Республики Казахстан и Республики Узбекистан
ЗАК	Z980000226_	Новый	О ратификации Соглашения между Правительством Республики Казахстан и Правительством Республики Индия о поощрении и взаимной защите инвестиций
ЗАК	Z980000227_	Новый	О ратификации Соглашения между Правительством Республики Казахстан и Правительством Республики Узбекистан о принципах взимания косвенных налогов при экспорте и импорте товаров (работ, услуг)
ЗАК	Z980000228_	Новый	О ратификации Соглашения между Правительством Республики Казахстан и Швейцарским Федеральным Советом о поощрении и взаимной защите инвестиций
ЗАК	Z980000229_	Новый	О ратификации Договора между Республикой Казахстан и Республикой Узбекистан о правовой помощи и правовых отношениях по гражданским, семейным и уголовным делам
ЗАК	Z980000219_	Обновленный	О радиационной безопасности населения
ЗАК	Z980000220_	Обновленный	О товариществах с ограниченной и дополнительной ответственностью
ЗАК	Z980000221_	Новый	О внесении изменений и дополнений в некоторые законодательные акты Республики Казахстан
ЗАК	Z980000216_	Новый	О внесении изменений в Указ Президента Республики Казахстан, имеющий силу Закона, "О налогах и других обязательных платежах в бюджет"
ЗАК	Z980000217_	Новый	О внесении дополнения в Указ Президента Республики Казахстан, имеющий силу Закона, "О таможенном деле в Республике Казахстан"
ЗАК	Z980000218_	Новый	О ратификации Договора о дружбе и сотрудничестве между Республикой Казахстан и Итальянской Республикой
ЗАК	Z980000214_	Утративший силу	О КРЕСТЬЯНСКОМ ИЛИ ФЕРМЕРСКОМ ХОЗЯЙСТВЕ
ЗАК	Z980000215_	Новый	О признании утратившими силу некоторых законодательных актов Республики Казахстан (по вопросам о крестьянском хозяйстве)
ЗАК	Z980000213_	Утративший силу	О нормативных правовых актах
ЗАК	Z980000212_	Новый	О ратификации Соглашения о займе (обычные операции) (Программа Пенсионной Реформы) между Республикой Казахстан и Азиатским Банком Развития
ЗАК	Z980000211_	Новый	О внесении изменений и дополнений в Гражданский кодекс Республики Казахстан (общая часть) и в Постановление Верховного Совета Республики Казахстан "О введении  в действие Гражданского кодекса Республики Казахстан (общая часть)"
ЗАК	Z970000210_	Утративший силу	ОБ ЭНЕРГОСБЕРЕЖЕНИИ
ЗАК	Z970000207_	Утративший силу	О введении в действие Уголовно-процессуального кодекса Республики Казахстан
ЗАК	Z970000209_	Утративший силу	О введении в действие Уголовно-исполнительного кодекса Республики Казахстан
ЗАК	Z970000204_	Утративший силу	О миграции населения
ЗАК	Z970000202_	Новый	О ратификации Конвенции о признании квалификаций, относящихся к высшему образованию в Европейском регионе
ЗАК	Z970000203_	Новый	О признании утратившими силу некоторых законодательных актов Республики Казахстан
ЗАК	Z970000205_	Новый	О признании утратившими силу некоторых законодательных актов Республики Казахстан по вопросам иммиграции
ЗАК	Z970000201_	Новый	Республиканский бюджет Республики Казахстан на 1998 год
ЗАК	Z970000200_	Новый	О ВНЕСЕНИИ ИЗМЕНЕНИЙ И ДОПОЛНЕНИЙ В НЕКОТОРЫЕ ЗАКОНОДАТЕЛЬНЫЕ АКТЫ РЕСПУБЛИКИ КАЗАХСТАН
ЗАК	Z970000195_	Утративший силу	Об адвокатской деятельности
ЗАК	Z970000196_	Новый	О признании утратившими силу некоторых законодательных актов Республики Казахстан
ЗАК	Z970000197_	Новый	О ратификации Соглашения о ввозе материалов, относящихся к образованию, науке и культуре и Протокола к нему
ЗАК	Z970000198_	Новый	О ратификации Соглашения между Правительством Республики Казахстан и Правительством Азербайджанской Республики о поощрении и взаимной защите инвестиций
ЗАК	Z970000199_	Новый	О ратификации Соглашения между Правительством Республики Казахстан и Правительством Грузии о поощрении и взаимной защите инвестиций
ЗАК	Z970000191_	Новый	О ратификации Соглашения между Республикой Казахстан и Республикой Беларусь об упрощенном порядке приобретения гражданства гражданами Республики Казахстан, прибывающими для постоянного проживания в Республику Беларусь, и гражданами Республики Беларусь, прибывающими для постоянного проживания в Республику Казахстан
ЗАК	Z970000192_	Новый	О ратификации Консульской конвенции между Республикой Казахстан и Турецкой Республикой
ЗАК	Z970000193_	Новый	О ратификации Консульской Конвенции между Республикой Казахстан и Республикой Беларусь
ЗАК	Z970000194_	Новый	О внесении изменений в Закон Республики Казахстан "Об образовании"
ЗАК	Z970000190_	Новый	О ратификации Соглашения о займе (Заем на поддержку преобразований управления ресурсами государственного сектора) между Республикой Казахстан и Международным Банком Реконструкции и Развития от 4 сентября 1997 года
ЗАК	Z970000188_	Утративший силу	О СУДЕБНОЙ ЭКСПЕРТИЗЕ
ЗАК	Z970000187_	Утративший силу	О дипломатической службе
ЗАК	Z970000189_	Новый	О внесении изменений и дополнений в Указ Президента Республики Казахстан, имеющий силу Закона, от 25 декабря 1995 года N 2727 "О государственной регистрации прав на недвижимое имущество и сделок с ним"
ЗАК	Z970000186_	Новый	О внесении изменения в Закон Республики Казахстан "О социальной защите граждан, пострадавших вследствие экологического бедствия в Приаралье"
ЗАК	Z970000184_	Обновленный	О ратификации Соглашения между Правительством Республики Казахстан и Правительством Республики Беларусь об избежании двойного налогообложения и предотвращении уклонения от уплаты налогов в отношении налогов на доходы и имущество
ЗАК	Z970000183_	Обновленный	О ратификации Соглашения об освобождении от уплаты таможенных пошлин, налогов и выдачи специальных разрешений за провоз нормативных документов, эталонов, средств измерений и стандартных образцов, провозимых с целью поверки калибровки, сличения и метрологической аттестации
ЗАК	Z970000180_	Новый	О ратификации Договора между Республикой Казахстан и Турецкой Республикой о правовой помощи по гражданским делам
ЗАК	Z970000181_	Новый	О ратификации Соглашения между Республикой Казахстан, Кыргызской Республикой и Республикой Узбекистан об организации и формировании коллективного миротворческого батальона под эгидой ООН
ЗАК	Z970000182_	Новый	О присоединении Республики Казахстан к Уставу Международной организации гражданской обороны
ЗАК	Z970000185_	Новый	О ратификации Конвенции между Республикой Казахстан и Литовской Республикой об избежании двойного налогообложения и предотвращении уклонения от налогообложения в отношении налогов на доходы и на капитал
ЗАК	Z970000176_	Обновленный	О присоединении Республики Казахстан к Монреальскому Протоколу по веществам, разрушающим озоновый слой
ЗАК	Z970000175_	Новый	О  внесении дополнения в Указ Президента Республики Казахстан, имеющий силу Закона, "О налогах и других обязательных платежах в бюджет"
ЗАК	Z970000177_	Новый	О присоединении Республики Казахстан к Венской конвенции об охране озонового слоя
ЗАК	Z970000178_	Новый	О ратификации Соглашения о привилегиях и иммунитетах  Международного агентства по атомной энергии
ЗАК	Z970000179_	Новый	О ратификации Соглашения между Правительством Республики Казахстан и Правительством Финляндской Республики о поощрении и взаимной защите инвестиций
ЗАК	Z970000170_	Новый	О ратификации Соглашения между Правительством Республики Казахстан и Правительством Республики Таджикистан о свободной торговле
ЗАК	Z970000171_	Новый	О ратификации Договора о дружбе и сотрудничестве между Республикой Казахстан и Республикой Беларусь
ЗАК	Z970000172_	Новый	О ратификации Соглашения между Правительством Республики Казахстан и Правительством Федеративной Республики Германия о воздушном сообщении
ЗАК	Z970000173_	Новый	О ратификации Договора об основах отношений между Республикой Казахстан и Азербайджанской Республикой
ЗАК	Z970000174_	Новый	О ратификации Соглашения между Правительством Республики Казахстан и Правительством Кыргызской Республики о поощрении и взаимной защите инвестиций
ЗАК	Z970000169_	Новый	О внесении изменений и дополнений в Закон  Республики Казахстан "О реабилитации жертв массовых политических репрессий"
ЗАК	Z970000168_	Утративший силу	О введении в действие Уголовного кодекса Республики Казахстан
ЗАК	Z970000163_	Утративший силу	О государственных закупках
ЗАК	Z970000164_	Новый	О ратификации Соглашения между Республикой Казахстан, Кыргызской Республикой и Республикой Узбекистан "О внесении изменений и дополнений к Соглашению между Республикой Казахстан, Кыргызской Республикой и Республикой Узбекистан "Об учреждении Центральноазиатского банка сотрудничества и развития от 8 июля 1994 года"
ЗАК	Z970000165_	Новый	О внесении изменений и дополнений в Закон Республики Казахстан "Об иностранных инвестициях"
ЗАК	Z970000166_	Новый	О внесении дополнения в Закон Республики Казахстан "О социальной защищенности инвалидов в Республике Казахстан"
ЗАК	Z970000160_	Утративший силу	Об охране окружающей среды
ЗАК	Z970000162_	Утративший силу	Об особо охраняемых природных территориях
ЗАК	Z970000161_	Новый	О признании утратившими силу некоторых законодательных актов Республики Казахстан
ЗАК	Z970000155_	Обновленный	О нотариате
ЗАК	Z970000156_	Новый	О признании утратившими силу некоторых законодательных актов Республики Казахстан по вопросам нотариата
ЗАК	Z970000157_	Новый	О внесении дополнений в Кодекс Казахской ССР об административных правонарушениях
ЗАК	Z970000158_	Новый	О внесении изменений и дополнений и признании утратившими силу некоторых законодательных актов Республики Казахстан по регулированию земельных отношений
ЗАК	Z970000159_	Новый	О внесении дополнений в Указ Президента Республики Казахстан, имеющий силу Закона, "О хозяйственных товариществах" по вопросу подготовки и проведения общего собрания акционеров инвестиционных приватизационных фондов
ЗАК	Z970000151_	Обновленный	О языках в Республике Казахстан
ЗАК	Z970000152_	Новый	О ратификации Соглашения о займе (Пилотный проект регистрации прав на недвижимое имущество и сделок с ним) между Республикой Казахстан и Международным Банком Реконструкции и Развития от 16 мая 1997 года
ЗАК	Z970000153_	Новый	О ратификации Соглашения между Республикой Казахстан и Кыргызской Республикой об избежании двойного налогообложения и предотвращении уклонения от налогообложения в отношении налогов на доход и на капитал
ЗАК	Z970000154_	Новый	О внесении изменений и дополнений в некоторые законодательные акты Республики Казахстан по вопросам банковской деятельности
ЗАК	Z970000150_	Обновленный	О судебных приставах
ЗАК	Z970000149_	Новый	О ратификации Конвенции Организации Объединенных Наций по борьбе с опустыниванием
ЗАК	Z970000147_	Обновленный	О ратификации Конвенции между Правительством Республики Казахстан и Правительством Республики Индия об избежании двойного налогообложения и предотвращении уклонения от налогообложения в отношении налогов на доход и на капитал
ЗАК	Z970000145_	Новый	О ратификации Соглашения между государствами-участниками Североатлантического Договора и другими государствами, участвующими в программе "Партнерство во имя мира", относительно статуса их Вооруженных Сил и Дополнительного Протокола к нему
ЗАК	Z970000146_	Новый	О ратификации Конвенции между Правительством Республики Казахстан и Правительством Российской Федерации об устранении двойного налогообложения и предотвращении уклонения от уплаты налогов на доход и капитал
ЗАК	Z970000148_	Новый	О ратификации Соглашения между Правительством Республики Казахстан и Правительством Исламской Республики Иран об избежании двойного налогообложения и предотвращении уклонения от налогообложения в отношении налогов на доходы и капитал
ЗАК	Z970000144_	Новый	О внесении изменений и дополнений в некоторые законодательные акты Республики Казахстан
ЗАК	Z970000142_	Обновленный	О ратификации Договора между Республикой Казахстан и Кыргызской Республикой об оказании взаимной правовой помощи по гражданским и уголовным делам
ЗАК	Z970000138_	Новый	О внесении изменений  и  дополнений в Указ Президента Республики Казахстан, имеющий силу Закона, "О налогах и других обязательных платежах в бюджет"
ЗАК	Z970000139_	Новый	О внесении изменений и дополнений в некоторые указы Президента Республики Казахстан, имеющие силу Закона, по вопросам государственной поддержки прямых инвестиций
ЗАК	Z970000140_	Новый	О внесении изменений в указы Президента Республики Казахстан, имеющие силу Закона, "О Службе охраны Президента Республики Казахстан" и "О Республиканской гвардии"
ЗАК	Z970000141_	Новый	О внесении изменений в Указ Президента Республики Казахстан, имеющий силу Конституционного закона, "О государственных символах Республики Казахстан"
ЗАК	Z970000136_	Утративший силу	О ПЕНСИОННОМ ОБЕСПЕЧЕНИИ В РЕСПУБЛИКЕ КАЗАХСТАН
ЗАК	Z970000137_	Новый	О признании утратившими силу некоторых законодательных актов Республики Казахстан
ЗАК	Z970000131_	Утративший силу	О государственной поддержке малого предпринимательства
ЗАК	Z970000135_	Утративший силу	Об индивидуальном предпринимательстве
ЗАК	Z970000130_	Обновленный	О системе местных представительных органов в условиях изменений в административно-территориальном устройстве Республики Казахстан
ЗАК	Z970000132_	Новый	О внесении изменений и дополнений в некоторые законодательные акты Республики Казахстан
ЗАК	Z970000134_	Новый	О внесении изменений и дополнений в некоторые законодательные акты Республики Казахстан
ЗАК	Z970000129_	Новый	О внесении изменений и дополнений в Закон Республики Казахстан "О республиканском бюджете на 1997 год"
ЗАК	Z970000127_	Обновленный	О мобилизационной подготовке и мобилизации
ЗАК	Z970000126_	Утративший силу	О государственных социальных пособиях по инвалидности и по случаю потери кормильца в Республике Казахстан
ЗАК	Z970000125_	Новый	О внесении изменений и дополнений в Закон Республики Казахстан "О бюджетной системе"
ЗАК	Z970000121_	Новый	О внесении изменения в Указ Президента Республики Казахстан, имеющий силу Закона, "О лицензировании"
ЗАК	Z970000122_	Новый	О внесении изменений в Указ Президента Республики Казахстан, имеющий силу Закона, "О нефти"
ЗАК	Z970000123_	Новый	О ратификации Договора между Республикой Казахстан и Китайской Народной Республикой о выдаче
ЗАК	Z970000124_	Новый	О внесении изменений и дополнений в некоторые законодательные акты Республики Казахстан
ЗАК	Z970000119_	Обновленный	О ратификации Соглашения между Республикой Казахстан и Чешской Республикой о поощрении и взаимной защите инвестиций
ЗАК	Z970000120_	Новый	О ратификации Соглашения между Правительством Республикой Казахстан и Правительством Малайзии о поощрении и защите инвестиций
ЗАК	Z970000117_	Новый	О ратификации Конвенции о Межпарламентской Ассамблее государств-участников Содружества Независимых Государств
ЗАК	Z970000118_	Новый	О внесении дополнений в Кодекс Казахской ССР об административных правонарушениях
ЗАК	Z970000116_	Новый	О внесении изменений и дополнений в некоторые Указы Президента Республики Казахстан, имеющие силу Закона
ЗАК	Z970000115_	Новый	О внесении изменений в Закон Республики Казахстан "Об иностранных инвестициях" и в некоторые указы Президента Республики Казахстан, имеющие силу Закона
ЗАК	Z970000114_	Новый	О внесении дополнения в Указ Президента Республики Казахстан, имеющий силу Закона, "О налогах и других обязательных платежах в бюджет"
ЗАК	Z970000113_	Обновленный	О ратификации Соглашения о партнерстве и сотрудничестве между Республикой Казахстан, с одной стороны, и Европейскими Сообществами и их Государствами - членами, с другой стороны
ЗАК	Z970000111_	Утративший силу	Об охране здоровья граждан в Республике Казахстан
ЗАК	Z970000112_	Новый	О признании утратившим силу некоторых законодательных актов Республики Казахстан (по вопросам охраны здоровья граждан)
ЗАК	Z970000109_	Новый	О ратификации  Соглашения о займе (Пилотный проект по водоснабжению) между  Республикой  Казахстан и Международным Банком Реконструкции и Развития от 24 января 1997 года
ЗАК	Z970000110_	Новый	О внесении  изменений и дополнений в некоторые Указы Президента Республики Казахстан, имеющие силу Закона
ЗАК	Z970000104_	Новый	О присоединении Республики Казахстан к Договору о принципах деятельности государств по исследованию и использованию космического пространства, включая Луну и другие небесные тела
ЗАК	Z970000105_	Новый	О присоединении Республики Казахстан к Соглашению о деятельности государств на Луне и других небесных телах
ЗАК	Z970000106_	Новый	О присоединении Республики Казахстан к Соглашению о спасании космонавтов, возвращении космонавтов и возвращении объектов, запущенных в космическое пространство
ЗАК	Z970000107_	Новый	О присоединении Республики Казахстан к Конвенции о международной ответственности за ущерб, причиненный космическими объектами
ЗАК	Z970000108_	Новый	О присоединении Республики Казахстан к Конвенции о регистрации объектов, запускаемых в космическое пространство
ЗАК	Z970000102_	Новый	О признании утратившими силу некоторых законодательных актов Республики Казахстан
ЗАК	Z970000103_	Новый	О ратификации Соглашения о займе по Проекту строительства моста через р.Иртыш между Международным Фондом Экономического Сотрудничества Японии и Республикой Казахстан от 12 марта 1997 года
ЗАК	Z970000101_	Утративший силу	О комитетах и комиссиях Парламента Республики Казахстан
ЗАК	Z970000100_	Утративший силу	О Гражданской обороне
ЗАК	Z970000098_	Утративший силу	О ГОСУДАРСТВЕННОЙ СТАТИСТИКЕ
ЗАК	Z970000099_	Новый	О признании утратившими силу некоторых законодательных актов Республики Казахстан
ЗАК	Z970000097_	Обновленный	О ВЕКСЕЛЬНОМ ОБРАЩЕНИИ В РЕСПУБЛИКЕ КАЗАХСТАН
ЗАК	Z970000094_	Обновленный	О жилищных отношениях
ЗАК	Z970000096_	Утративший силу	О психиатрической помощи и гарантиях прав граждан при ее оказании
ЗАК	Z970000095_	Новый	О признании утратившими силу некоторых законодательных актов Республики Казахстан
ЗАК	Z970000093_	Утративший силу	ОБ ИСПОЛЬЗОВАНИИ АТОМНОЙ ЭНЕРГИИ
ЗАК	Z970000092_	Новый	О внесении изменений и дополнений в  Указ  Президента Республики Казахстан, имеющий силу Закона, "О налогах и других обязательных платежах в бюджет"
ЗАК	Z970000090_	Утративший силу	О ВНЕШНЕМ ЗАИМСТВОВАНИИ И УПРАВЛЕНИИ ВНЕШНИМ ДОЛГОМ
ЗАК	Z970000089_	Новый	О внесении изменений и дополнений в Указ Президента Республики Казахстан, имеющий силу Закона, "О лицензировании"
ЗАК	Z970000088_	Новый	О внесении изменений и дополнений в некоторые законодательные акты  Республики Казахстан по вопросам  упорядочения  предоставления  льгот отдельным категориям граждан
ЗАК	Z970000087_	Утративший силу	ОБ АВАРИЙНО-СПАСАТЕЛЬНЫХ СЛУЖБАХ И СТАТУСЕ СПАСАТЕЛЕЙ
ЗАК	Z970000086_	Новый	О ратификации Соглашения между Правительством Республики Казахстан и Правительством Малайзии о воздушном сообщении
ЗАК	Z970000085_	Утративший силу	Об экологической экспертизе
ЗАК	Z970000084_	Новый	О внесении изменений в некоторые законодательные акты Республики Казахстан по вопросам труда
ЗАК	Z970000082_	Утративший силу	ОБ ИНВЕСТИЦИОННЫХ ФОНДАХ В РЕСПУБЛИКЕ КАЗАХСТАН
ЗАК	Z970000083_	Новый	О внесении  дополнения  в  Указ  Президента Республики Казахстан, имеющий силу Закона, "О банках и банковской деятельности в Республике Казахстан"
ЗАК	Z970000077_	Утративший силу	О рынке ценных бумаг
ЗАК	Z970000078_	Утративший силу	О регистрации сделок с ценными бумагами в Республике Казахстан
ЗАК	Z970000079_	Новый	О признании утратившим силу Указа Президента Республики Казахстан,  имеющего  силу Закона, "О ценных бумагах и фондовой бирже"
ЗАК	Z970000080_	Новый	О внесении дополнения и изменений в Гражданский кодекс Республики Казахстан (общая часть)
ЗАК	Z970000081_	Новый	О ратификации Соглашения о займе (Обычные операции) (Проект  восстановления  дороги)  между Республикой Казахстан и Азиатским Банком Развития от 18 октября 1996 года
ЗАК	Z970000075_	Утративший силу	О ГОСУДАРСТВЕННОЙ ПОДДЕРЖКЕ ПРЯМЫХ ИНВЕСТИЦИЙ
ЗАК	Z970000076_	Новый	О внесении изменений и дополнений в Указ Президента Республики Казахстан, имеющий силу Закона, "О налогах и других обязательных платежах в бюджет" и признании утратившими силу некоторых законодательных актов
ЗАК	Z970000071_	Обновленный	О ратификации Соглашения между Правительством Республики Казахстан и Правительством Республики Узбекистан об избежании двойного налогообложения доходов и имущества
ЗАК	Z970000073_	Обновленный	О ратификации Конвенции между Правительством Республики Казахстан и Правительством Азербайджанской Республики об избежании двойного налогообложения и предотвращении уклонения от налогообложения в отношении налогов на доходы
ЗАК	Z970000070_	Новый	О ратификации Конвенции между Республикой Казахстан и Королевством Нидерландов об избежании двойного налогообложения и предотвращении уклонения от уплаты налогов на доход и капитал
ЗАК	Z970000072_	Новый	О ратификации Конвенции между Правительством Республики Казахстан и Правительством Украины об избежании двойного налогообложения и предотвращении налоговых уклонений относительно налогов на доходы
ЗАК	Z970000074_	Новый	О ратификации Конвенции между Правительством Республики Казахстан и Правительством Канады об избежании двойного налогообложения и предотвращении уклонения от уплаты налогов на доход и на капитал
ЗАК	Z970000067_	Утративший силу	О банкротстве
ЗАК	Z970000068_	Новый	О признании утратившим силу Указа Президента Республики Казахстан, имеющего силу Закона, "О банкротстве" и внесении изменений и дополнений в некоторые законодательные акты Республики Казахстан
ЗАК	Z970000066_	Новый	О внесении изменений и дополнений в Закон Республики Казахстан "Об амнистии в связи с  первой  годовщиной  новой  Конституции Республики Казахстан"
ЗАК	Z960000065_	Утративший силу	О Государственной пошлине
ЗАК	Z960000059_	Обновленный	О РЕСПУБЛИКАНСКОМ БЮДЖЕТЕ НА 1997 ГОД
ЗАК	Z960000060_	Новый	О внесении изменений и дополнений в Указ Президента Республики Казахстан, имеющий силу Закона, "О республиканском бюджете на 1996 год"
ЗАК	Z960000061_	Новый	О внесении изменений и дополнений в Указ Президента Республики Казахстан, имеющий силу Закона, "О налогах и других обязательных платежах в бюджет"
ЗАК	Z960000062_	Новый	О ратификации Временного Договора по торговле и связанным с ней вопросам между Европейским Сообществом, Европейским объединением по углю и стали, Европейским сообществом по атомной энергии, с одной стороны, и Республикой Казахстан, с другой стороны
ЗАК	Z960000063_	Новый	О ратификации Соглашения между Правительством Республики Казахстан и Правительством Грузии о реструктуризации задолженности Правительства Грузии по государственным кредитам, предоставленным Правительству Грузии Правительством Республики Казахстан
ЗАК	Z960000064_	Новый	О признании утратившими силу некоторых законодательных актов Республики Казахстан
ЗАК	Z960000056_	Утративший силу	О культуре
ЗАК	Z960000054_	Утративший силу	О валютном регулировании
ЗАК	Z960000052_	Утративший силу	О бюджетной системе
ЗАК	Z960000053_	Новый	О признании утратившими силу некоторых законодательных актов
ЗАК	Z960000055_	Новый	О признании утратившими силу некоторых законодательных актов Республики Казахстан
ЗАК	Z960000057_	Новый	О ратификации Соглашения между Республикой Казахстан, Кыргызской Республикой, Российской Федерацией, Республикой Таджикистан и Китайской Народной Республикой об укреплении доверия в военной области в районе границы
ЗАК	Z960000058_	Новый	О внесении изменений и дополнений в Водный кодекс Республики Казахстан
ЗАК	Z960000051_	Новый	О внесении дополнения в Указ Президента Республики Казахстан, имеющий силу Закона, "О мерах по упорядочению социальных государственных гарантий"
ЗАК	Z960000049_	Новый	О ратификации Соглашения о займе (Проект модернизации Казначейства) между Республикой Казахстан и Международным Банком Реконструкции и Развития от 22 августа 1996 года
ЗАК	Z960000050_	Новый	О внесении изменений и дополнений в некоторые законодательные акты Республики Казахстан
ЗАК	Z960000048_	Утративший силу	О пожарной безопасности
ЗАК	Z960000043_	Новый	О ратификации Соглашения между Правительством Республики Казахстан и Правительством Румынии о поощрении и взаимной защите инвестиций
ЗАК	Z960000044_	Новый	О ратификации Соглашения о поощрении и защите инвестиций между Правительством Республики Казахстан и Правительством Соединенного Королевства Великобритании и Северной Ирландии
ЗАК	Z960000045_	Новый	О ратификации Соглашения о поощрении и взаимной защите инвестиций между Правительством Республики Казахстан и Правительством Республики Корея
ЗАК	Z960000046_	Новый	О внесении дополнений в Указ Президента Республики Казахстан, имеющий силу Закона, "О государственных наградах Республики Казахстан"
ЗАК	Z960000047_	Новый	О внесении дополнений в статью 149 Указа Президента Республики Казахстан, имеющего силу Закона, "О таможенном деле в Республике Казахстан"
ЗАК	Z960000042_	Новый	О ратификации Соглашения об упрощенном порядке визовых процедур для бизнесменов из стран-членов Организации Экономического Сотрудничества, подписанного в Исламабаде 15 марта 1995 года
ЗАК	Z960000039_	Новый	О ратификации Соглашения о транзитной торговле Организации Экономического Сотрудничества, подписанного в Исламабаде 15 марта 1995 года
ЗАК	Z960000040_	Новый	О ратификации Консульской конвенции между Республикой Казахстан и Венгерской Республикой
ЗАК	Z960000041_	Новый	О ратификации Договора о сотрудничестве в охране границ государств-участников Содружества Независимых Государств с государствами, не входящими в Содружество
ЗАК	Z960000038_	Новый	О ратификации Соглашения о займе (Проект реабилитации Узеньского нефтяного месторождения) между Республикой Казахстан и Международным Банком Реконструкции и Развития от 18 июля 1996 года
ЗАК	Z960000036_	Новый	О ратификации Соглашения о займе (Проект усовершенствования ирригационной и дренажной систем) между Республикой Казахстан и Международным Банком Реконструкции и Развития от 25 июня 1996 года
ЗАК	Z960000037_	Новый	О признании утратившим силу Указа Президента Республики Казахстан, имеющего силу Закона, "О введении  анонимных счетов в иностранной валюте и тенге для физических лиц" и внесении  изменений в некоторые  законодательные акты Республики Казахстан по вопросам анонимных счетов
ЗАК	Z960000035_	Новый	"О внесении изменений и дополнений в Указ Президента  Республики Казахстан, имеющий силу Закона, "О страховании"
ЗАК	Z960000034_	Утративший силу	ОБ ОБЯЗАТЕЛЬНОМ СОЦИАЛЬНОМ СТРАХОВАНИИ
ЗАК	Z960000032_	Новый	О внесении изменений и дополнений в Закон Казахской ССР "О пенсионном обеспечении граждан в Казахской ССР"
ЗАК	Z960000033_	Новый	О внесении дополнений и изменений в некоторые законодательные акты Казахской ССР
ЗАК	Z960000028_	Утративший силу	Об административном надзоре за лицами, освобожденными из мест лишения свободы
ЗАК	Z960000029_	Утративший силу	О безопасности дорожного движения
ЗАК	Z960000027_	Обновленный	Об амнистии в связи с первой годовщиной новой Конституции Республики Казахстан
ЗАК	Z960000030_	Новый	О внесении изменений и дополнений в некоторые законодательные акты Республики Казахстан
ЗАК	Z960000031_	Новый	О внесении изменений и дополнений в некоторые законодательные акты Республики Казахстан
ЗАК	Z960000021_	Новый	О ратификации Соглашения о займе (Специальные операции) (Проект реабилитации и улучшения управления системой образования) между Республикой Казахстан и Азиатским Банком Развития
ЗАК	Z960000022_	Новый	О ратификации Соглашения между Правительством Республики Казахстан и Правительством Государства Израиль о поощрении и взаимной защите инвестиций
ЗАК	Z960000023_	Новый	О ратификации Торгового Соглашения между Правительством Республики Казахстан и Правительством Канады
ЗАК	Z960000024_	Новый	О ратификации Соглашения о займе (Проект реконструкции порта "Актау" (Этап 1) между Республикой Казахстан и Европейским Банком Реконструкции и Развития
ЗАК	Z960000025_	Новый	О ратификации Соглашения о займе (Заем на структурные преобразования финансового сектора) между Республикой Казахстан и Международным Банком Реконструкции и Развития
ЗАК	Z960000026_	Новый	О ратификации Соглашения по вопросам, связанным с восстановлением прав депортированных лиц, национальных меньшинств и народов, заключенного в городе Бишкеке 9 октября 1992 года между Республикой Армения, Республикой Беларусь, Республикой Казахстан, Республикой Кыргызстан, Республикой Молдова, Российской Федерацией, Республикой Таджикистан, Туркменистаном, Республикой Узбекистан, Украиной
ЗАК	Z960000020_	Утративший силу	О коллективных трудовых спорах и забастовках
ЗАК	Z960000019_	Утративший силу	О чрезвычайных ситуациях природного и техногенного характера
ЗАК	Z960000018_	Новый	О внесении изменений и дополнений в некоторые законодательные акты Республики Казахстан
ЗАК	Z960000016_	Утративший силу	О ПОЛИТИЧЕСКИХ ПАРТИЯХ
ЗАК	Z960000017_	Новый	О ратификации Соглашения о взаимном поощрении и защите инвестиций между Правительством Республики Казахстан и Правительством Исламской Республики Иран
ЗАК	Z960000010_	Новый	О ратификации Конвенции Международной организации труда (МОТ) N 148 1977 года "О защите трудящихся от профессионального риска, вызываемого загрязнением воздуха, шумом и вибрацией на рабочих местах"
ЗАК	Z960000011_	Новый	О ратификации Соглашения между Правительством Республики Казахстан и Правительством Исламской Республики Иран о воздушном сообщении
ЗАК	Z960000012_	Новый	О ратификации Конвенции между Правительством Республики Казахстан и Правительством Соединенного Королевства Великобритании и Северной Ирландии об устранении двойного налогообложения и предотвращении уклонения от уплаты налогов на доходы и прирост стоимости имущества
ЗАК	Z960000013_	Новый	О внесении дополнения в  Указ  Президента  Республики Казахстан, имеющий силу Закона, "О налогах и других обязательных платежах в бюджет"
ЗАК	Z960000014_	Новый	О ратификации Конвенции между Правительством Республики Казахстан и Правительством Соединенных Штатов Америки об избежании двойного налогообложения и предотвращении уклонения от налогообложения в отношении налогов на доходы и капитал, подписанной в Алматы 24 октября 1993 года, Меморандума взаимопонимания в отношении некоторых положений Конвенции между Правительством Республики Казахстан и Правительством Соединенных Штатов Америки об избежании двойного налогообложения и предотвращении уклонения от налогообложения в отношении налогов на доходы и капитал и обмена Нотами в отношении налоговой Конвенции и Генерального Соглашения по Торговле Услугами (ГСТУ)
ЗАК	Z960000015_	Новый	О признании утратившим силу Указа Президента Республики Казахстан, имеющего силу  Закона, от 18 апреля 1994г. N 1663 "О свободной торговой зоне "Атакент"
ЗАК	Z960000009_	Утративший силу	Об экспортном контроле
ЗАК	Z960000007_	Новый	О ратификации Конвенции Международной организации труда (МОТ) N 155 1981 года "О безопасности и гигиене труда и производственной среде"
ЗАК	Z960000008_	Новый	О внесении изменения во Временное положение о санкциях, применяемых к коммерческим банкам, за нарушение экономических нормативов Национального Банка Республики Казахстан, утвержденное постановлением Верховного Совета Республики Казахстан от 30 января 1993 г. "Об отчете Председателя Правления Национального Банка Республики Казахстан по вопросу укрепления платежной и кредитной дисциплины в республике", и признании утратившим силу Указа Президента Республики Казахстан, имеющего силу Закона, от 27 января 1994 г. N 1532 "Об упорядочении использования наличных денег в расчетах"
ЗАК	Z960000006_	Обновленный	ОБ АВТОРСКОМ ПРАВЕ И СМЕЖНЫХ ПРАВАХ
ЗАК	Z960000005_	Новый	О внесении дополнения в Указ Президента Республики Казахстан, имеющий силу Закона, "О лицензировании"
ЗАК	Z960000004_	Утративший силу	О негосударственных добровольных пенсионных фондах
ЗАК	Z960000003_	Обновленный	Об общественных объединениях
ЗАК	Z960000001_	Обновленный	О ратификации Договора между Республикой Казахстан, Республикой Беларусь, Кыргызской Республикой и Российской Федерацией об углублении интеграции в экономической и гуманитарной областях
ЗАК	Z960000002_	Новый	О ратификации Учредительного договора Исламского банка развития, подписанного в Джидде 12 августа 1974 года
ЗАК	U960002828_	Утративший силу	О недрах и недропользовании
ЗАК	Z960002823_	Утративший силу	О специальных экономических зонах в Республике Казахстан
ЗАК	Z950002732_	Утративший силу	О бухгалтерском учете и финансовой отчетности
ЗАК	U950002723_	Обновленный	Об ипотеке недвижимого имущества
ЗАК	U950002721_	Утративший силу	О приватизации
ЗАК	Z950002710_	Обновленный	Об органах национальной безопасности Республики Казахстан
ЗАК	Z950002709_	Утративший силу	О Прокуратуре
ЗАК	U950002707_	Утративший силу	Об органах внутренних дел Республики Казахстан
ЗАК	U950002697_	Утративший силу	Об использовании воздушного пространства и деятельности авиации Республики Казахстан
ЗАК	Z950002676_	Обновленный	О государственных наградах Республики Казахстан
ЗАК	Z950002671_	Утративший силу	О Республиканской гвардии
ЗАК	Z950002486_	Обновленный	О производственном кооперативе
ЗАК	Z950002483_	Обновленный	О Службе государственной охраны Республики Казахстан
ЗАК	Z950002444_	Обновленный	О банках и банковской деятельности в Республике Казахстан
ЗАК	Z950002368_	Утративший силу	О таможенном деле в Республике Казахстан
ЗАК	U950002350_	Утративший силу	О нефти
ЗАК	U950002337_	Обновленный	О правовом положении иностранных граждан
ЗАК	Z950002335_	Утративший силу	О государственном предприятии
ЗАК	U950002255_	Обновленный	О хозяйственных товариществах
ЗАК	U950002247_	Утративший силу	О льготах и социальной защите участников, инвалидов Великой Отечественной войны и лиц, приравненных к ним
ЗАК	Z950002235_	Утративший силу	О налогах и других обязательных платежах в бюджет
ЗАК	Z950002198_	Обновленный	О государственной регистрации юридических лиц и учетной регистрации филиалов и представительств
ЗАК	Z950002200_	Утративший силу	О лицензировании
ЗАК	U950002184_	Утративший силу	О пpинудительном лечении больных алкоголизмом, наpкоманией и токсикоманией
ЗАК	U950002170_	Утративший силу	О товарных биржах
ЗАК	Z950002155_	Обновленный	О Национальном Банке Республики Казахстан
ЗАК	U950002126_	Утративший силу	О порядке организации и проведения мирных собраний, митингов, шествий, пикетов и демонстраций в Республике Казахстан
ЗАК	Z940008000_	Утративший силу	О налоге на транспортные средства
ЗАК	Z940009000_	Утративший силу	Об иностранных инвестициях
ЗАК	Z940001100_	Обновленный	Об индивидуальном жилищном строительстве
ЗАК	Z940006000_	Утративший силу	О профилактике и лечении ВИЧ-инфекции и СПИД
ЗАК	Z940005000_	Новый	Об амнистии в связи с Международным годом семьи
ЗАК	Z940007000_	Обновленный	О транспорте в Республике Казахстан
ЗАК	Z940004000_	Обновленный	Об оперативно-розыскной деятельности
ЗАК	Z940001000_	Новый	Об уточненном республиканском бюджете на 1994 год
ЗАК	Z940000119_	Новый	О действии статей некоторых законодательных актов Республики Казахстан
ЗАК	Z940002000_	Утративший силу	О санитарно-эпидемиологическом благополучии населения
ЗАК	Z930003900_	Утративший силу	О денежной системе Республики Казахстан
ЗАК	Z930003600_	Утративший силу	О вpеменном делегиpовании Пpезиденту Республики Казахстан и главам местных администpаций дополнительных полномочий
ЗАК	Z930004300_	Утративший силу	О досрочном прекращении полномочий Верховного Совета Республики Казахстан
ЗАК	Z930004100_	Утративший силу	О местных пpедставительных и исполнительных оpганах Республики Казахстан
ЗАК	Z930003800_	Утративший силу	О досpочном пpекpащении полномочий местных Советов наpодных депутатов Республики Казахстан
ЗАК	Z930004200_	Утративший силу	Об административно-территориальном устройстве Республики Казахстан
ЗАК	Z930003700_	Утративший силу	О выбоpах депутатов Веpховного Совета и местных пpедставительных оpганов Республики Казахстан
ЗАК	Z930002900_	Утративший силу	У.с. - Законом РК от 30 декабря 1998 г. N 340 ~Z980340. О Госудаpственном контpоле за обоpотом отдельных видов оpужия
ЗАК	Z930003500_	Утративший силу	О конверсии оборонной промышленности
ЗАК	Z930003200_	Утративший силу	Об архитектуре и градостроительстве в Республике Казахстан
ЗАК	Z930003300_	Утративший силу	Об охране, воспроизводстве и использовании животного мира
ЗАК	Z930003100_	Утративший силу	Об аудитоpской деятельности в Республике Казахстан
ЗАК	Z930003400_	Утративший силу	О правовом режиме чрезвычайного положения
ЗАК	Z930002200_	Обновленный	О реабилитации жертв массовых политических репрессий
ЗАК	Z930002100_	Утративший силу	О валютном регулировании
ЗАК	Z930001900_	Утративший силу	О банках в Республике Казахстан
ЗАК	Z930001300_	Утративший силу	О Контpольной Палате Веpховного Совета Республики Казахстан
ЗАК	Z930001600_	Утративший силу	О Национальном Банке Республики Казахстан
ЗАК	Z930001700_	Утративший силу	О кpедитовании отpаслей агpопpомышленного комплекса и финансиpовании госудаpственных меpопpиятий
ЗАК	Z930002400_	Утративший силу	О возвpатной системе финансиpования инвестиций
ЗАК	Z930001800_	Утративший силу	О Фонде преобразования экономики Республики Казахстан
ЗАК	Z930002500_	Новый	О пpизнании утpатившим силу Закона Казахской ССР "Об аpенде"
ЗАК	Z930002700_	Утративший силу	О высшем обpазовании
ЗАК	Z930001400_	Утративший силу	О пpофессиональных союзах
ЗАК	Z930001500_	Утративший силу	Об обороне и Вооруженных Силах Республики Казахстан
ЗАК	Z930002300_	Утративший силу	О золотом запасе и алмазном фонде
ЗАК	Z930002600_	Утративший силу	О налоговой службе Министеpства финансов Республики Казахстан
ЗАК	Z930005000_	Новый	О госудаpственном бюджете на 1993 год<*> Сноска. См. постановления Кабинета Министpов Республики Казахстан от 5 маpта и от 15 июня 1993 г. N.N 170, 506
ЗАК	Z930003000_	Утративший силу	Об охpане тpуда
ЗАК	Z930001100_	Утративший силу	О пенсионном обеспечении военнослужащих, лиц начальствующего и pядового состава оpганов внутpенних дел и их семей
ЗАК	Z930004000_	Утративший силу	О статусе и социальной защите военнослужащих и членов их семей
ЗАК	Z930009000_	Утративший силу	О всеобщей воинской обязанности и военной службе
ЗАК	Z930001000_	Утративший силу	О защите госудаpственных секpетов Республики Казахстан
ЗАК	Z930002000_	Утративший силу	О единстве измеpений
ЗАК	Z930002800_	Утративший силу	О товарных знаках, знаках обслуживания и наименованиях мест происхождения товаров
ЗАК	Z930006000_	Утративший силу	О стандаpтизации и сеpтификации
ЗАК	Z930007000_	Утративший силу	О Государственной границе Республики Казахстан
ЗАК	Z930008000_	Утративший силу	О Пограничной службе Комитета национальной безопасности Республики Казахстан
ЗАК	Z920003700_	Утративший силу	О госудаpственной пошлине
ЗАК	Z920003600_	Обновленный	О социальной защите гpаждан, постpадавших вследствие ядеpных испытаний на Семипалатинском испытательном ядеpном полигоне
ЗАК	Z920003400_	Утративший силу	ПАТЕНТНЫЙ ЗАКОН
ЗАК	Z920002800_	Утративший силу	О коллективных договоpах
ЗАК	Z920002500_	Утративший силу	О защите и поддержке частного предпринимательства
ЗАК	Z920003100_	Утративший силу	О персональных званиях начальствующего состава учреждений Таможенного комитета Республики Казахстан
ЗАК	Z920003200_	Утративший силу	О поpядке пpименения отдельных ноpм земельного и хозяйственного законодательства в пеpеходный пеpиод в связи с внесением изменений и дополнений в Закон Казахской ССР "О местном самоупpавлении и местных Советах наpодных депутатов Казахской ССР
ЗАК	Z920002100_	Утративший силу	О туpизме
ЗАК	Z920002300_	Утративший силу	О стpаховании в Республике Казахстан
ЗАК	Z920002900_	Утративший силу	Об охpане и использовании объектов истоpико-культуpного наследия
ЗАК	Z920002600_	Обновленный	О социальной защите гpаждан, постpадавших вследствие экологического бедствия в Пpиаpалье
ЗАК	Z920001700_	Утративший силу	О членстве Республики Казахстан в Междунаpодном валютном фонде, Междунаpодном банке pеконстpукции и pазвития, Междунаpодной финансовой коpпоpации, Междунаpодной ассоциации pазвития, Многостоpоннем агентстве гаpантии инвестиций и Междунаpодном центpе по уpегулиpованию инвестиционных споpов
ЗАК	Z920003300_	Утративший силу	ОБ  ИММИГРАЦИИ
ЗАК	Z920002200_	Утративший силу	О Внутренних войсках Министеpства внутpенних дел Республики Казахстан
ЗАК	Z920001400_	Утративший силу	О КОНСТИТУЦИОННОМ СУДЕ РЕСПУБЛИКИ КАЗАХСТАН
ЗАК	Z920001500_	Утративший силу	О КОНСТИТУЦИОННОМ СУДОПРОИЗВОДСТВЕ В РЕСПУБЛИКЕ КАЗАХСТАН
ЗАК	Z920001300_	Утративший силу	О музыкальной pедакции Госудаpственного гимна Республики Казахстан
ЗАК	Z920001800_	Утративший силу	О госудаpственном флаге Республики Казахстан
ЗАК	Z920003500_	Утративший силу	О Государственном гербе Республики Казахстан
ЗАК	Z920008000_	Утративший силу	О специальных званиях pядового и начальствующего состава оpганов внутpенних дел
Сноска. Название и текст Закона с изменениями, внесенными Законом Республики Казахстан от 18 октябpя 1993 г. и Указом Пpезидента, имеющим силу Закона, от 27 янваpя 1996 г. N 2831; Законом РК от 9.12.98 г. N 307
ЗАК	Z920002000_	Утративший силу	ОБ ОБРАЗОВАНИИ
ЗАК	Z920006000_	Утративший силу	Об аpбитpажном суде Республики Казахстан
ЗАК	Z920007000_	Утративший силу	О ПОРЯДКЕ РАЗРЕШЕНИЯ ХОЗЯЙСТВЕННЫХ СПОРОВ АРБИТРАЖНЫМИ СУДАМИ РЕСПУБЛИКИ КАЗАХСТАН
ЗАК	Z920004000_	Утративший силу	О свободе вероисповедания и религиозных объединениях
ЗАК	Z920001100_	Утративший силу	О науке и госудаpственной научно-технической политике Республики Казахстан
ЗАК	Z920002400_	Утративший силу	Об особенностях приватизации имущества государственных сельскохозяйственных предприятий
ЗАК	Z920003000_	Утративший силу	О госудаpственной статистике в Республике Казахстан
ЗАК	Z920001000_	Утративший силу	О БАНКРОТСТВЕ
ЗАК	Z920001200_	Утративший силу	Об охpане здоpовья наpода в Республике Казахстан
ЗАК	Z910002300_	Утративший силу	О НАЛОГОВОЙ СИСТЕМЕ В РЕСПУБЛИКЕ КАЗАХСТАН
ЗАК	Z910003700_	Утративший силу	О ТАМОЖЕННОМ ТАРИФЕ И ПОШЛИНЕ
ЗАК	Z910002400_	Утративший силу	О НАЛОГЕ НА ДОБАВЛЕННУЮ СТОИМОСТЬ Сноска. Постановлением Конституционного Суда Республики Казахстан от 17 июня 1993 г. положения подпункта "т" и "ц" данного Закона пpизнаны не соответствующими Конституции (Основному Закону) Казахской ССР 1978 г., Конституционному Закону "О госудаpственной независимости Республики Казахстан", Конституции Республики Казахстан. Согласно пункту I статьи 11 Закона "О Конституционном Суде Республики Казахстан" постановление Конституционного Суда отменяет на теppитоpии Республики Казахстан действие подпункта "т" (в части освобождения от налога на добавленную стоимость госудаpственных телеpадиовещательных компаний и Казахского госудаpственного инфоpмационного агентства) и подпункта "ц" (за исключением положений, относящихся к доходам книжной тоpговли) пункта I статьи 5 данного Закона, а также основанных на них дpугих ноpмативных актов.
ЗАК	Z910002500_	Утративший силу	ОБ АКЦИЗАХ
ЗАК	Z910002600_	Утративший силу	О ФИКСИРОВАHHЫХ (РЕHТHЫХ) ПЛАТЕЖАХ
ЗАК	Z910002700_	Утративший силу	О ЦЕЛЕВОМ СБОРЕ С ГРАЖДАН
ЗАК	Z910003800_	Утративший силу	О сбоpе с гpаждан, не заpегистpиpованных в качестве субъектов пpедпpинимательской деятельности
ЗАК	Z910004100_	Утративший силу	О налоге на опеpации с ценными бумагами
ЗАК	Z910004200_	Утративший силу	О налоге на имущество физических лиц
ЗАК	Z910004300_	Утративший силу	О куpоpтном сбоpе
ЗАК	Z910003600_	Утративший силу	О ЗАЛОГЕ
ЗАК	Z910004800_	Обновленный	О гражданстве Республики Казахстан
ЗАК	Z910004500_	Утративший силу	О БЮДЖЕТНОЙ СИСТЕМЕ РЕСПУБЛИКИ КАЗАХСТАН
ЗАК	Z910004700_	Утративший силу	О ЗЕМЕЛЬНОМ НАЛОГЕ
ЗАК	Z910003900_	Новый	Об изменении наименования Казахской Советской Социалистической Республики
ЗАК	Z910001800_	Утративший силу	О госудаpственной молодежной политике в Казахской ССР
ЗАК	Z910001700_	Утративший силу	О ПЕЧАТИ И ДРУГИХ СРЕДСТВАХ МАССОВОЙ ИНФОРМАЦИИ
ЗАК	Z910001400_	Утративший силу	О земельной реформе в Республике Казахстан
ЗАК	Z910001600_	Утративший силу	Об общественных объединениях в Казахской ССР
ЗАК	Z910003300_	Утративший силу	О Кабинете Министров Республики Казахстан. 
<*> Сноска. Название Закона с изменениями, внесенными Законом Республики Казахстан от 13 янваpя 1992 г. 
См. более поздний нормативный правовой акт (Z952688)
ЗАК	Z910001900_	Утративший силу	О социальной защищенности инвалидов в Республике Казахстан
ЗАК	Z910002900_	Утративший силу	О ХОЗЯЙСТВЕННЫХ ТОВАРИЩЕСТВАХ И АКЦИОНЕРНЫХ ОБЩЕСТВАХ<*> Сноска. Закон с изменениями, внесенными Законом Республики Казахстан от 12 апpеля 1993 года
ЗАК	Z910003500_	Утративший силу	ОБ ОХРАНЕ ОКРУЖАЮЩЕЙ ПРИРОДНОЙ СРЕДЫ В КАЗАХСКОЙ ССР
ЗАК	Z910001100_	Утративший силу	О минимальной заработной плате и Государственных социальных гарантиях в области оплаты труда
ЗАК	Z910001300_	Утративший силу	О минимальном потребительском бюджете
ЗАК	Z910002100_	Утративший силу	О пенсионном обеспечении гpаждан в Республике Казахстан<*> Название Закона - в редакции Закона РК "О внесении изменений и дополнений в Закон Казахской ССР "О пенсионном обеспечении граждан в Казахской ССР" от 16 июля 1996 г. N 32-1
ЗАК	Z910009000_	Утративший силу	О внесении изменений в Закон Казахской ССР "О порядке опубликования и вступления в силу законов Казахской ССР и других актов, принятых Верховным Советом Казахской ССР и его органами, Президентом Казахской ССР"
ЗАК	Z910008000_	Утративший силу	О ТОВАРНЫХ БИРЖАХ
ЗАК	Z910006000_	Утративший силу	О развитии конкуренции и ограничении монополистической деятельности
ЗАК	Z910003100_	Утративший силу	ОБ ОБРАЩЕНИИ ЦЕННЫХ БУМАГ И ФОНДОВОЙ БИРЖЕ В КАЗАХСКОЙ ССР
ЗАК	Z910003200_	Утративший силу	ОБ ИНВЕСТИЦИОННОЙ ДЕЯТЕЛЬНОСТИ В КАЗАХСКОЙ ССР
ЗАК	Z910003400_	Утративший силу	О ЗАЩИТЕ ПРАВ ПОТРЕБИТЕЛЕЙ
ЗАК	Z910004900_	Утративший силу	Об индексации денежных доходов населения с учетом pоста цен на потpебительские товаpы и услуги
ЗАК	Z910001000_	Утративший силу	О комитетах Верховного Совета Казахской ССР
ЗАК	Z910003000_	Утративший силу	О НАЛОГАХ С ПРЕДПРИЯТИЙ, ОБЪЕДИНЕНИЙ И ОРГАНИЗАЦИЙ
ЗАК	Z910002000_	Утративший силу	O приоритетности развития аула (села) и агропромышленного комплекса в Республике Казахстан
ЗАК	Z910004000_	Утративший силу	О ПРЕДПРИЯТИЯХ В РЕСПУБЛИКЕ КАЗАХСТАН<*> Сноска. Название Закона и Закон - с изменениями, внесенными Законом Республики Казахстан от 14 апреля 1993 года
ЗАК	Z900001300_	Утративший силу	О ценообразовании в Казахской ССР
ЗАК	Z900002200_	Утративший силу	О занятости населения
ЗАК	Z900009000_	Утративший силу	О СОБСТВЕННОСТИ В РЕСПУБЛИКЕ КАЗАХСТАН<*> Сноска. Название Закона и Закон с изменениями, внесенными Законом Республики Казахстан от 9 апреля 1993 г.
ЗАК	Z900001600_	Утративший силу	О свободе хозяйственной деятельности и развитии предпринимательства в Казахской ССР
ЗАК	Z900002100_	Утративший силу	О потребительской кооперации в Казахской ССР
ЗАК	Z900001800_	Утративший силу	ОБ ИНОСТРАННЫХ ИНВЕСТИЦИЯХ В КАЗАХСКОЙ ССР
ЗАК	Z900008000_	Утративший силу	О порядке отзыва депутата Местного Совета народных депутатов Казахской ССР
ЗАК	Z900001200_	Утративший силу	О свободных экономических зонах в Казахской ССР
ЗАК	Z900007000_	Утративший силу	Об усилении ответственности за самовольный захват домов, квартир, садовых (дачных) домиков и иных помещений, а также за самовольный захват земли и самовольное строительство
ЗАК	Z900001400_	Утративший силу	О судоустройстве Казахской ССР
ЗАК	Z900004000_	Утративший силу	О совершенствовании структуры государственной власти и управления в Казахской ССР и внесении изменений и дополнений в Конституцию (Основной Закон) Казахской ССР
ЗАК	Z900005000_	Утративший силу	О порядке отзыва народного депутата Казахской ССР
ЗАК	Z900006000_	Утративший силу	О статусе народных депутатов в Казахской ССР
ЗАК	Z900002300_	Утративший силу	О ПОДОХОДНОМ НАЛОГЕ С ГРАЖДАН РЕСПУБЛИКИ КАЗАХСТАН, ИНОСТРАННЫХ ГРАЖДАН И ЛИЦ БЕЗ ГРАЖДАНСТВА
ЗАК	Z900002400_	Новый	О защите  чести  и достоинства  Президента Казахской ССР
ЗАК	Z900001700_	Утративший силу	О крестьянском хозяйстве
ЗАК	Z900003000_	Утративший силу	О порядке опубликования и вступления в силу законов Казахской ССР и других актов, принятых Верховным Советом Казахской ССР и его органами
ЗАК	Z900001000_	Новый	Об учреждении поста Президента Казахской ССР и внесении изменений и дополнений в Конституцию (Основной Закон) Казахской ССР
ЗАК	Z810002000_	Утративший силу	ОБ ОХРАНЕ АТМОСФЕРНОГО ВОЗДУХА
ЗАК	Z780004000_	Утративший силу	ОБ ОХРАНЕ И ИСПОЛЬЗОВАНИИ ПАМЯТНИКОВ ИСТОРИИ И КУЛЬТУРЫ ЗАКОН КАЗАХСКОЙ ССР
ЗАК	Z1600000003	Новый	О ратификации Протокола о внесении изменений в Соглашение между Правительством Республики Казахстан и Правительством Российской Федерации о порядке уплаты провозных платежей и оформления перевозок грузов по участкам железных дорог Республики Казахстан, расположенным на территории Российской Федерации, и по участкам железных дорог Российской Федерации, расположенным на территории Республики Казахстан, от 15 августа 2006 года
ЗАК	G23ZD72570M	Новый	О признании утратившими силу некоторых решений Бокейординского районного маслихата
КЗАК	Z2600000305	Новый	О внесении изменений и дополнений в некоторые конституционные законы Республики Казахстан по вопросам приведения их в соответствие с Конституцией Республики Казахстан, совершенствования законодательства Республики Казахстан о выборах и прокуратуре
КЗАК	Z2600000296	Новый	О Президенте Республики Казахстан
КЗАК	Z2600000297	Новый	О Курултае Республики Казахстан и статусе его депутатов
КЗАК	Z2600000298	Новый	О Қазақстан Халық Кеңесі
КЗАК	Z2600000299	Новый	О статусе столицы Республики Казахстан
КЗАК	Z2600000300	Новый	Об административно-территориальном устройстве Республики Казахстан
КЗАК	Z2600000286	Обновленный	О специальном правовом режиме города Алатау
КЗАК	Z2400000109	Исправление ошибки	О внесении изменений и дополнений в некоторые конституционные законы Республики Казахстан
КЗАК	Z2300000022	Новый	О внесении изменений и дополнений в Конституционный закон Республики Казахстан "О прокуратуре"
КЗАК	Z2300000225	Новый	О внесении изменений в некоторые конституционные законы Республики Казахстан
КЗАК	Z2300000222	Новый	О внесении изменений и дополнений в некоторые конституционные законы Республики Казахстан по вопросам административной реформы в Республике Казахстан
КЗАК	Z2300000215	Новый	О внесении изменений и дополнений в Конституционный закон Республики Казахстан "О судебной системе и статусе судей Республики Казахстан"
КЗАК	Z2300000198	Новый	О признании утратившим силу Конституционного закона Республики Казахстан "О Первом Президенте Республики Казахстан – Елбасы"
КЗАК	Z2200000176	Новый	О внесении изменений и дополнений в некоторые конституционные законы Республики Казахстан
КЗАК	Z2200000153	Обновленный	О Конституционном Суде Республики Казахстан
КЗАК	Z2200000154	Обновленный	Об Уполномоченном по правам человека в Республике Казахстан
КЗАК	Z2200000155	Обновленный	О прокуратуре
КЗАК	Z2200000156	Новый	О внесении изменений и дополнений в некоторые конституционные законы Республики Казахстан по вопросам реализации Послания Главы государства от 16 марта 2022 года
КЗАК	Z2200000119	Новый	О внесении изменений и дополнения в Конституционный закон Республики Казахстан "О республиканском референдуме"
КЗАК	Z2200000105	Новый	О внесении изменений и дополнений в некоторые конституционные законы Республики Казахстан
КЗАК	Z2100000082	Новый	О внесении изменений и дополнений в Конституционный закон Республики Казахстан "О судебной системе и статусе судей Республики Казахстан"
КЗАК	Z2100000041	Новый	О внесении изменений и дополнений в Конституционный закон Республики Казахстан "О выборах в Республике Казахстан"
КЗАК	Z2100000019	Новый	О внесении изменений и дополнения в Конституционный закон Республики Казахстан "О судебной системе и статусе судей Республики Казахстан"
КЗАК	Z2000000392	Новый	О внесении изменений в Конституционный закон Республики Казахстан "О Правительстве Республики Казахстан"
КЗАК	Z2000000339	Новый	О внесении дополнений в Конституционный закон Республики Казахстан "О Парламенте Республики Казахстан и статусе его депутатов"
КЗАК	Z2000000335	Новый	О внесении дополнений в Конституционный закон Республики Казахстан "О выборах в Республике Казахстан"
КЗАК	Z1900000296	Новый	О внесении изменений и дополнений в некоторые конституционные законы Республики Казахстан
КЗАК	Z1900000226	Новый	О внесении изменений и дополнений в Конституционный закон Республики Казахстан "О судебной системе и статусе судей Республики Казахстан"
КЗАК	Z1800000209	Новый	О внесении изменений в некоторые конституционные законы Республики Казахстан по вопросам административно-территориального устройства Республики Казахстан
КЗАК	Z1800000162	Новый	О внесении изменений и дополнений в некоторые конституционные законы Республики Казахстан
КЗАК	Z1700000119	Новый	О внесении изменений и дополнений в некоторые конституционные законы Республики Казахстан
КЗАК	Z1700000085	Новый	О внесении изменений и дополнений в некоторые конституционные законы Республики Казахстан по вопросам перераспределения полномочий между ветвями государственной власти
КЗАК	Z1700000075	Новый	О внесении изменений и дополнений в некоторые конституционные законы Республики Казахстан
КЗАК	Z1700000052	Новый	О внесении изменений и дополнений в некоторые конституционные законы Республики Казахстан
КЗАК	Z1500000438	Обновленный	О Международном финансовом центре "Астана"
КЗАК	Z1500000437	Новый	О внесении изменений и дополнений в некоторые конституционные законы Республики Казахстан по вопросам Высшего Судебного Совета, судебной системы и статуса судей
КЗАК	Z1500000413	Новый	О внесении изменений и дополнения в Конституционный закон Республики Казахстан "О выборах в Республике Казахстан"
КЗАК	Z1500000341	Обновленный	О внесении изменения и дополнения в Конституционный закон Республики Казахстан "О судебной системе и статусе судей Республики Казахстан"
КЗАК	Z1500000340	Новый	О внесении изменений и дополнений в некоторые конституционные законы Республики Казахстан по вопросам совершенствования гражданского процессуального законодательства
КЗАК	Z1400000245	Новый	О внесении изменений и дополнений в Конституционный закон Республики Казахстан "О судебной системе и статусе судей Республики Казахстан"
КЗАК	Z1400000238	Новый	О внесении изменений в Конституционный закон Республики Казахстан "О Правительстве Республики Казахстан"
КЗАК	Z1400000232	Новый	О внесении изменений в некоторые конституционные законы Республики Казахстан по вопросам совершенствования уголовно-процессуального законодательства
КЗАК	Z1300000133	Новый	О внесении изменений и дополнений в некоторые конституционные законы Республики Казахстан по вопросам исчисления конституционных сроков
КЗАК	Z1300000121	Новый	О внесении изменений и дополнений в Конституционный закон Республики Казахстан и в некоторые законодательные акты Республики Казахстан по вопросам исключения противоречий, пробелов, коллизий между нормами права различных законодательных актов и норм, способствующих совершению коррупционных правонарушений
КЗАК	Z1200000023	Новый	О внесении изменений и дополнений в Конституционный закон Республики Казахстан "О государственных символах Республики Казахстан"
КЗАК	Z1200000559	Новый	О внесении изменений и дополнений в Конституционный закон Республики Казахстан "О судебной системе и статусе судей Республики Казахстан"
КЗАК	Z1200000526	Новый	О внесении дополнения в Конституционный закон Республики Казахстан "О Первом Президенте Республики Казахстан - Лидере Нации"
КЗАК	Z1100000404	Новый	О внесении дополнений и изменений в некоторые конституционные законы Республики Казахстан
КЗАК	Z1000000370	Новый	О внесении изменений и дополнений в Конституционный закон Республики Казахстан "О судебной системе и статусе судей Республики Казахстан"
КЗАК	Z100000289_	Новый	О внесении изменений и дополнений в некоторые конституционные законы Республики Казахстан по вопросам совершенствования законодательства в сфере обеспечения деятельности Первого Президента Республики Казахстан - Лидера Нации
КЗАК	Z090000124_	Новый	О внесении изменений и дополнений в Конституционный закон Республики Казахстан "О выборах в Республике Казахстан"
КЗАК	Z080000080_	Новый	О внесении изменений и дополнений в Конституционный закон Республики Казахстан "О судебной системе и статусе судей Республики Казахстан"
КЗАК	Z080000056_	Новый	О внесении изменений в Конституционный закон Республики Казахстан "О государственных символах Республики Казахстан"
КЗАК	Z080000041_	Новый	О внесении изменений и дополнений в Конституционный закон Республики Казахстан "О Конституционном Совете Республики Казахстан"
КЗАК	Z080000030_	Новый	О внесении изменения и дополнения в Конституционный закон Республики Казахстан "О республиканском референдуме"
КЗАК	Z070000265_	Новый	О внесении изменений и дополнений в Конституционный закон Республики Казахстан "О Президенте Республики Казахстан"
КЗАК	Z070000266_	Новый	О внесении изменений и дополнений в Конституционный закон Республики Казахстан "О Парламенте Республики Казахстан и статусе его депутатов"
КЗАК	Z070000267_	Новый	О внесении изменений и дополнений в Конституционный закон Республики Казахстан "О Правительстве Республики Казахстан"
КЗАК	Z070000268_	Новый	О внесении изменений и дополнений в Конституционный закон Республики Казахстан "О выборах в Республике Казахстан"
КЗАК	Z070000258_	Обновленный	О государственных символах Республики Казахстан
КЗАК	Z060000208_	Новый	О внесении изменения в Конституционный закон Республики Казахстан "О выборах в Республике Казахстан"
КЗАК	Z060000199_	Новый	О внесении изменений и дополнений в Конституционный закон Республики Казахстан "О судебной системе и статусе судей Республики Казахстан"
КЗАК	Z060000200_	Новый	О внесении изменений в некоторые конституционные законы Республики Казахстан по вопросам их приведения в соответствие с нормами Конституции Республики Казахстан
КЗАК	Z060000112_	Новый	О внесении изменений и дополнения в Указ Президента Республики Казахстан, имеющий силу Конституционного закона, "О государственных символах Республики Казахстан"
КЗАК	Z050000044_	Новый	О внесении изменений и дополнений в Конституционный закон Республики Казахстан "О выборах в Республике Казахстан"
КЗАК	Z040000604_	Новый	О внесении изменений и дополнений в некоторые законодательные акты Республики Казахстан по вопросам разграничения полномочий между уровнями государственного управления и бюджетных отношений
КЗАК	Z040000545_	Новый	О внесении изменений и дополнений в Конституционный закон Республики Казахстан "О выборах в Республике Казахстан"
КЗАК	Z000000132_	Обновленный	О судебной системе и статусе судей Республики Казахстан
КЗАК	Z000000083_	Утративший силу	О Первом Президенте Республики Казахстан - Елбасы
КЗАК	Z000000063_	Новый	О внесении изменения в Указ Президента Республики Казахстан, имеющий силу Конституционного закона, "О судах и статусе судей в Республике Казахстан"
КЗАК	Z990000478_	Новый	О внесении изменения в Указ Президента Республики Казахстан, имеющий силу конституционного закона, "О судах и статусе судей в Республике Казахстан"
КЗАК	Z990000407_	Новый	О внесении изменений в Конституционный закон Республики Казахстан "О выборах в Республике Казахстан"
КЗАК	Z990000375_	Новый	О внесении изменений и дополнений в Указ Президента Республики Казахстан, имеющий силу Конституционного закона, "О выборах в Республике Казахстан"
КЗАК	Z990000376_	Новый	О внесении изменений и дополнения в Указ Президента Республики Казахстан, имеющий силу конституционного закона, "О республиканском референдуме"
КЗАК	Z990000377_	Новый	О внесении изменений и дополнений в Указ Президента Республики Казахстан, имеющий силу конституционного закона, "О Парламенте Республики Казахстан и статусе его депутатов"
КЗАК	Z990000378_	Новый	О внесении изменений и дополнений в Указ Президента Республики Казахстан, имеющий силу конституционного закона, "О Президенте Республики Казахстан"
КЗАК	Z990000379_	Новый	О внесении изменений и дополнений в Указ Президента Республики Казахстан, имеющий силу конституционного закона, "О Правительстве Республики Казахстан"
КЗАК	Z980000285_	Новый	О внесении изменений в Указ Президента Республики Казахстан, имеющий силу конституционного закона, "О выборах в Республике Казахстан"
КЗАК	Z980000222_	Новый	О внесении изменений и дополнений в Указ Президента Республики Казахстан, имеющий силу Конституционного закона, "О выборах в Республике Казахстан"
КЗАК	Z970000143_	Новый	О внесении изменений и дополнений в Указ Президента Республики Казахстан, имеющий силу Конституционного закона, "О судах и статусе судей в Республике Казахстан"
КЗАК	Z970000133_	Новый	О внесении изменений в Указ Президента Республики Казахстан, имеющий силу Конституционного закона, "О выборах в Республике Казахстан"
КЗАК	Z970000128_	Новый	О внесении изменения в Указ Президента Республики Казахстан, имеющий силу Конституционного закона, "О судах и статусе судей в Республике Казахстан"
КЗАК	Z970000091_	Новый	О внесении дополнений в Указы Президента Республики Казахстан, имеющие силу Конституционных законов, "О Парламенте Республики Казахстан и статусе его депутатов" и "О судах и статусе судей в Республике Казахстан" по вопросам упорядочения предоставления льгот отдельным категориям граждан
КЗАК	Z970000069_	Новый	О внесении дополнения в Указ Президента Республики Казахстан, имеющий силу Конституционного закона, "О Правительстве Республики Казахстан"
КЗАК	U960002797_	Утративший силу	О государственных символах Республики Казахстан
КЗАК	U950002737_	Утративший силу	О Конституционном Совете Республики Казахстан
КЗАК	Z950002733_	Утративший силу	О Президенте Республики Казахстан
КЗАК	Z950002688_	Обновленный	О Правительстве Республики Казахстан
КЗАК	Z950002592_	Обновленный	Конституционный закон Республики Казахстан "О всенародном референдуме"
КЗАК	Z950002529_	Утративший силу	О Парламенте Республики Казахстан и статусе его депутатов
КЗАК	Z950002464_	Обновленный	О выборах в Республике Казахстан
КЗАК	Z910004400_	Новый	О госудаpственной независимости Республики Казахстан
КЗАК	Z1500000370	Новый	О внесении изменений и дополнений в Конституционный закон Республики Казахстан "О государственных символах Республики Казахстан"
КОНС	K2600000000	Новый	Конституция Республики Казахстан
КОНС	K950001000_	Утративший силу	Конституция Республики Казахстан
КОНС	K930001000_	Утративший силу	КОНСТИТУЦИЯ РЕСПУБЛИКИ КАЗАХСТАН
